지점번호,지점명,일시,강수량mm,1시간최다강수량mm,1시간최다강수량시각
108,서울,2012-01-01,0,,
108,서울,2012-01-02,,,
108,서울,2012-01-03,0.4,,
108,서울,2012-01-04,0,,
108,서울,2012-01-05,,,
108,서울,2012-01-06,,,
108,서울,2012-01-07,,,
108,서울,2012-01-08,,,
108,서울,2012-01-09,0,,
108,서울,2012-01-10,,,
108,서울,2012-01-11,,,
108,서울,2012-01-12,0,,
108,서울,2012-01-13,,,
108,서울,2012-01-14,,,
108,서울,2012-01-15,,,
108,서울,2012-01-16,,,
108,서울,2012-01-17,,,
108,서울,2012-01-18,,,
108,서울,2012-01-19,0.2,,
108,서울,2012-01-20,0.5,,
108,서울,2012-01-21,0.1,,
108,서울,2012-01-22,,,
108,서울,2012-01-23,,,
108,서울,2012-01-24,1.6,,
108,서울,2012-01-25,,,
108,서울,2012-01-26,0,,
108,서울,2012-01-27,0,,
108,서울,2012-01-28,,,
108,서울,2012-01-29,,,
108,서울,2012-01-30,,,
108,서울,2012-01-31,3.9,,
108,서울,2012-02-01,,,
108,서울,2012-02-02,,,
108,서울,2012-02-03,0.1,,
108,서울,2012-02-04,0.2,,
108,서울,2012-02-05,,,
108,서울,2012-02-06,0.2,,
108,서울,2012-02-07,0,,
108,서울,2012-02-08,,,
108,서울,2012-02-09,,,
108,서울,2012-02-10,0,,
108,서울,2012-02-11,,,
108,서울,2012-02-12,,,
108,서울,2012-02-13,,,
108,서울,2012-02-14,,,
108,서울,2012-02-15,,,
108,서울,2012-02-16,,,
108,서울,2012-02-17,,,
108,서울,2012-02-18,,,
108,서울,2012-02-19,,,
108,서울,2012-02-20,,,
108,서울,2012-02-21,,,
108,서울,2012-02-22,,,
108,서울,2012-02-23,0.3,,
108,서울,2012-02-24,,,
108,서울,2012-02-25,,,
108,서울,2012-02-26,,,
108,서울,2012-02-27,,,
108,서울,2012-02-28,,,
108,서울,2012-02-29,,,
108,서울,2012-03-01,,,
108,서울,2012-03-02,0.3,,
108,서울,2012-03-03,,,
108,서울,2012-03-04,0,,
108,서울,2012-03-05,7,,
108,서울,2012-03-06,8.5,,
108,서울,2012-03-07,,,
108,서울,2012-03-08,,,
108,서울,2012-03-09,,,
108,서울,2012-03-10,,,
108,서울,2012-03-11,0,,
108,서울,2012-03-12,,,
108,서울,2012-03-13,,,
108,서울,2012-03-14,0,,
108,서울,2012-03-15,,,
108,서울,2012-03-16,4,,
108,서울,2012-03-17,2,,
108,서울,2012-03-18,,,
108,서울,2012-03-19,,,
108,서울,2012-03-20,,,
108,서울,2012-03-21,,,
108,서울,2012-03-22,0,,
108,서울,2012-03-23,22,,
108,서울,2012-03-24,3.5,,
108,서울,2012-03-25,,,
108,서울,2012-03-26,,,
108,서울,2012-03-27,,,
108,서울,2012-03-28,,,
108,서울,2012-03-29,0,,
108,서울,2012-03-30,0.1,,
108,서울,2012-03-31,0,,
108,서울,2012-04-01,,,
108,서울,2012-04-02,22,4.5,2056
108,서울,2012-04-03,35,6.5,557
108,서울,2012-04-04,,,
108,서울,2012-04-05,,,
108,서울,2012-04-06,,,
108,서울,2012-04-07,,,
108,서울,2012-04-08,,,
108,서울,2012-04-09,,,
108,서울,2012-04-10,10.5,4,1556
108,서울,2012-04-11,3,1,002
108,서울,2012-04-12,,,
108,서울,2012-04-13,,,
108,서울,2012-04-14,,,
108,서울,2012-04-15,,,
108,서울,2012-04-16,,,
108,서울,2012-04-17,,,
108,서울,2012-04-18,,,
108,서울,2012-04-19,,,
108,서울,2012-04-20,,,
108,서울,2012-04-21,47.5,9,1619
108,서울,2012-04-22,9,2,514
108,서울,2012-04-23,0,0,
108,서울,2012-04-24,,,
108,서울,2012-04-25,28,7.5,1510
108,서울,2012-04-26,2,1,201
108,서울,2012-04-27,,,
108,서울,2012-04-28,,,
108,서울,2012-04-29,,,
108,서울,2012-04-30,,,
108,서울,2012-05-01,,,
108,서울,2012-05-02,0.4,0.4,1610
108,서울,2012-05-03,0.2,0.2,
108,서울,2012-05-04,,,
108,서울,2012-05-05,,,
108,서울,2012-05-06,,,
108,서울,2012-05-07,,,
108,서울,2012-05-08,,,
108,서울,2012-05-09,,,
108,서울,2012-05-10,,,
108,서울,2012-05-11,,,
108,서울,2012-05-12,,,
108,서울,2012-05-13,,,
108,서울,2012-05-14,6.5,2,1109
108,서울,2012-05-15,0,0,
108,서울,2012-05-16,0,0,
108,서울,2012-05-17,0.5,0.5,1155
108,서울,2012-05-18,,,
108,서울,2012-05-19,,,
108,서울,2012-05-20,,,
108,서울,2012-05-21,,,
108,서울,2012-05-22,,,
108,서울,2012-05-23,,,
108,서울,2012-05-24,,,
108,서울,2012-05-25,,,
108,서울,2012-05-26,,,
108,서울,2012-05-27,0.3,0.2,1140
108,서울,2012-05-28,0.1,0.1,
108,서울,2012-05-29,,,
108,서울,2012-05-30,0,0,
108,서울,2012-05-31,0.2,0.2,
108,서울,2012-06-01,,,
108,서울,2012-06-02,,,
108,서울,2012-06-03,,,
108,서울,2012-06-04,,,
108,서울,2012-06-05,0,0,
108,서울,2012-06-06,,,
108,서울,2012-06-07,,,
108,서울,2012-06-08,2,1.5,2110
108,서울,2012-06-09,,,
108,서울,2012-06-10,,,
108,서울,2012-06-11,,,
108,서울,2012-06-12,0.4,0.3,1735
108,서울,2012-06-13,,,
108,서울,2012-06-14,,,
108,서울,2012-06-15,,,
108,서울,2012-06-16,,,
108,서울,2012-06-17,,,
108,서울,2012-06-18,,,
108,서울,2012-06-19,,,
108,서울,2012-06-20,,,
108,서울,2012-06-21,,,
108,서울,2012-06-22,0,0,
108,서울,2012-06-23,,,
108,서울,2012-06-24,,,
108,서울,2012-06-25,,,
108,서울,2012-06-26,,,
108,서울,2012-06-27,,,
108,서울,2012-06-28,,,
108,서울,2012-06-29,20,9,2141
108,서울,2012-06-30,69.5,11.5,538
108,서울,2012-07-01,0,0,
108,서울,2012-07-02,,,
108,서울,2012-07-03,25,24.5,1627
108,서울,2012-07-04,0.3,0.2,005
108,서울,2012-07-05,72,15.5,1352
108,서울,2012-07-06,102.5,37,133
108,서울,2012-07-07,,,
108,서울,2012-07-08,,,
108,서울,2012-07-09,,,
108,서울,2012-07-10,6.5,5.5,2253
108,서울,2012-07-11,8,4,034
108,서울,2012-07-12,0,0,
108,서울,2012-07-13,76.5,68,255
108,서울,2012-07-14,8,2.5,1650
108,서울,2012-07-15,32.5,5.5,257
108,서울,2012-07-16,2.5,1.5,025
108,서울,2012-07-17,0,0,
108,서울,2012-07-18,6,4,2110
108,서울,2012-07-19,72.5,20.5,603
108,서울,2012-07-20,1,0.5,005
108,서울,2012-07-21,,,
108,서울,2012-07-22,16.5,11.5,702
108,서울,2012-07-23,1,0.5,324
108,서울,2012-07-24,,,
108,서울,2012-07-25,,,
108,서울,2012-07-26,,,
108,서울,2012-07-27,,,
108,서울,2012-07-28,,,
108,서울,2012-07-29,0,0,
108,서울,2012-07-30,18,17,838
108,서울,2012-07-31,0.1,0.1,
108,서울,2012-08-01,,,
108,서울,2012-08-02,,,
108,서울,2012-08-03,,,
108,서울,2012-08-04,,,
108,서울,2012-08-05,,,
108,서울,2012-08-06,,,
108,서울,2012-08-07,,,
108,서울,2012-08-08,,,
108,서울,2012-08-09,,,
108,서울,2012-08-10,0.3,0.3,846
108,서울,2012-08-11,,,
108,서울,2012-08-12,17,7.5,1301
108,서울,2012-08-13,2,1.5,155
108,서울,2012-08-14,15.5,10,2002
108,서울,2012-08-15,136.5,49,1127
108,서울,2012-08-16,,,
108,서울,2012-08-17,0,0,
108,서울,2012-08-18,2,0.5,532
108,서울,2012-08-19,5,2.5,920
108,서울,2012-08-20,59.5,15,616
108,서울,2012-08-21,137,35,018
108,서울,2012-08-22,17,6.5,214
108,서울,2012-08-23,0.1,0.1,
108,서울,2012-08-24,7.5,5,2130
108,서울,2012-08-25,11.5,8,232
108,서울,2012-08-26,0,0,
108,서울,2012-08-27,,,
108,서울,2012-08-28,13.5,4.5,1138
108,서울,2012-08-29,6,5.5,001
108,서울,2012-08-30,34.5,5.5,1440
108,서울,2012-08-31,,,
108,서울,2012-09-01,,,
108,서울,2012-09-02,,,
108,서울,2012-09-03,,,
108,서울,2012-09-04,55.5,15,1651
108,서울,2012-09-05,10.5,6,056
108,서울,2012-09-06,,,
108,서울,2012-09-07,3,11.5,2331
108,서울,2012-09-08,25,15.5,001
108,서울,2012-09-09,,,
108,서울,2012-09-10,,,
108,서울,2012-09-11,,,
108,서울,2012-09-12,0.5,0.5,1540
108,서울,2012-09-13,13.5,4,948
108,서울,2012-09-14,2,1.5,211
108,서울,2012-09-15,,,
108,서울,2012-09-16,2.5,1,2010
108,서울,2012-09-17,85.5,15.5,1451
108,서울,2012-09-18,,,
108,서울,2012-09-19,,,
108,서울,2012-09-20,0,0,
108,서울,2012-09-21,,,
108,서울,2012-09-22,,,
108,서울,2012-09-23,,,
108,서울,2012-09-24,,,
108,서울,2012-09-25,,,
108,서울,2012-09-26,,,
108,서울,2012-09-27,,,
108,서울,2012-09-28,13.5,8,1312
108,서울,2012-09-29,0.5,0.5,555
108,서울,2012-09-30,,,
108,서울,2012-10-01,,,
108,서울,2012-10-02,,,
108,서울,2012-10-03,,,
108,서울,2012-10-04,,,
108,서울,2012-10-05,,,
108,서울,2012-10-06,,,
108,서울,2012-10-07,,,
108,서울,2012-10-08,,,
108,서울,2012-10-09,,,
108,서울,2012-10-10,13,12.5,1244
108,서울,2012-10-11,,,
108,서울,2012-10-12,,,
108,서울,2012-10-13,,,
108,서울,2012-10-14,,,
108,서울,2012-10-15,,,
108,서울,2012-10-16,,,
108,서울,2012-10-17,2.5,1.5,727
108,서울,2012-10-18,,,
108,서울,2012-10-19,,,
108,서울,2012-10-20,,,
108,서울,2012-10-21,,,
108,서울,2012-10-22,39.5,17,1005
108,서울,2012-10-23,0,0,
108,서울,2012-10-24,,,
108,서울,2012-10-25,,,
108,서울,2012-10-26,,,
108,서울,2012-10-27,44,7.5,857
108,서울,2012-10-28,0,0,
108,서울,2012-10-29,0,0,
108,서울,2012-10-30,0.1,0.1,
108,서울,2012-10-31,0.2,0.2,
108,서울,2012-11-01,,,
108,서울,2012-11-02,,,
108,서울,2012-11-03,,,
108,서울,2012-11-04,4,,
108,서울,2012-11-05,8,,
108,서울,2012-11-06,5,,
108,서울,2012-11-07,,,
108,서울,2012-11-08,,,
108,서울,2012-11-09,,,
108,서울,2012-11-10,,,
108,서울,2012-11-11,28,,
108,서울,2012-11-12,3,,
108,서울,2012-11-13,0,,
108,서울,2012-11-14,0,,
108,서울,2012-11-15,,,
108,서울,2012-11-16,9.5,,
108,서울,2012-11-17,1.5,,
108,서울,2012-11-18,,,
108,서울,2012-11-19,5.5,,
108,서울,2012-11-20,,,
108,서울,2012-11-21,,,
108,서울,2012-11-22,0.3,,
108,서울,2012-11-23,,,
108,서울,2012-11-24,,,
108,서울,2012-11-25,0.5,,
108,서울,2012-11-26,1,,
108,서울,2012-11-27,,,
108,서울,2012-11-28,1,,
108,서울,2012-11-29,,,
108,서울,2012-11-30,0.5,,
108,서울,2012-12-01,,,
108,서울,2012-12-02,,,
108,서울,2012-12-03,5.4,,
108,서울,2012-12-04,,,
108,서울,2012-12-05,5.8,,
108,서울,2012-12-06,0.1,,
108,서울,2012-12-07,1.9,,
108,서울,2012-12-08,,,
108,서울,2012-12-09,,,
108,서울,2012-12-10,,,
108,서울,2012-12-11,,,
108,서울,2012-12-12,,,
108,서울,2012-12-13,,,
108,서울,2012-12-14,18.5,,
108,서울,2012-12-15,0.5,,
108,서울,2012-12-16,,,
108,서울,2012-12-17,,,
108,서울,2012-12-18,,,
108,서울,2012-12-19,,,
108,서울,2012-12-20,,,
108,서울,2012-12-21,1.8,,
108,서울,2012-12-22,,,
108,서울,2012-12-23,0,,
108,서울,2012-12-24,0,,
108,서울,2012-12-25,1,,
108,서울,2012-12-26,,,
108,서울,2012-12-27,,,
108,서울,2012-12-28,0,,
108,서울,2012-12-29,4.1,,
108,서울,2012-12-30,2.3,,
108,서울,2012-12-31,,,
108,서울,2013-01-01,3.1,,
108,서울,2013-01-02,,,
108,서울,2013-01-03,,,
108,서울,2013-01-04,,,
108,서울,2013-01-05,,,
108,서울,2013-01-06,,,
108,서울,2013-01-07,,,
108,서울,2013-01-08,,,
108,서울,2013-01-09,,,
108,서울,2013-01-10,,,
108,서울,2013-01-11,0,,
108,서울,2013-01-12,0.1,,
108,서울,2013-01-13,,,
108,서울,2013-01-14,,,
108,서울,2013-01-15,,,
108,서울,2013-01-16,0.3,,
108,서울,2013-01-17,,,
108,서울,2013-01-18,,,
108,서울,2013-01-19,,,
108,서울,2013-01-20,,,
108,서울,2013-01-21,16.5,,
108,서울,2013-01-22,0.5,,
108,서울,2013-01-23,1.5,,
108,서울,2013-01-24,0.1,,
108,서울,2013-01-25,,,
108,서울,2013-01-26,,,
108,서울,2013-01-27,,,
108,서울,2013-01-28,,,
108,서울,2013-01-29,0,,
108,서울,2013-01-30,,,
108,서울,2013-01-31,0,,
108,서울,2013-02-01,46.5,,
108,서울,2013-02-02,,,
108,서울,2013-02-03,7.5,,
108,서울,2013-02-04,7.4,,
108,서울,2013-02-05,4.5,,
108,서울,2013-02-06,2.1,,
108,서울,2013-02-07,0,,
108,서울,2013-02-08,,,
108,서울,2013-02-09,,,
108,서울,2013-02-10,1.2,,
108,서울,2013-02-11,,,
108,서울,2013-02-12,0,,
108,서울,2013-02-13,,,
108,서울,2013-02-14,,,
108,서울,2013-02-15,,,
108,서울,2013-02-16,,,
108,서울,2013-02-17,0,,
108,서울,2013-02-18,,,
108,서울,2013-02-19,,,
108,서울,2013-02-20,,,
108,서울,2013-02-21,0,,
108,서울,2013-02-22,3.9,,
108,서울,2013-02-23,,,
108,서울,2013-02-24,,,
108,서울,2013-02-25,,,
108,서울,2013-02-26,0,,
108,서울,2013-02-27,,,
108,서울,2013-02-28,1,,
108,서울,2013-03-01,3,,
108,서울,2013-03-02,,,
108,서울,2013-03-03,,,
108,서울,2013-03-04,,,
108,서울,2013-03-05,,,
108,서울,2013-03-06,,,
108,서울,2013-03-07,0.5,,
108,서울,2013-03-08,,,
108,서울,2013-03-09,,,
108,서울,2013-03-10,,,
108,서울,2013-03-11,,,
108,서울,2013-03-12,3.5,,
108,서울,2013-03-13,11.5,,
108,서울,2013-03-14,,,
108,서울,2013-03-15,,,
108,서울,2013-03-16,,,
108,서울,2013-03-17,7.5,,
108,서울,2013-03-18,1,,
108,서울,2013-03-19,,,
108,서울,2013-03-20,0.1,,
108,서울,2013-03-21,,,
108,서울,2013-03-22,,,
108,서울,2013-03-23,,,
108,서울,2013-03-24,,,
108,서울,2013-03-25,,,
108,서울,2013-03-26,,,
108,서울,2013-03-27,,,
108,서울,2013-03-28,,,
108,서울,2013-03-29,,,
108,서울,2013-03-30,0.2,,
108,서울,2013-03-31,,,
108,서울,2013-04-01,0.5,0.4,
108,서울,2013-04-02,8.5,2,111
108,서울,2013-04-03,,,
108,서울,2013-04-04,,,
108,서울,2013-04-05,,,
108,서울,2013-04-06,14,1.5,609
108,서울,2013-04-07,1,0.5,011
108,서울,2013-04-08,1,1,2055
108,서울,2013-04-09,0.5,0.5,
108,서울,2013-04-10,1.5,1,1431
108,서울,2013-04-11,0.5,0.5,1350
108,서울,2013-04-12,,,
108,서울,2013-04-13,,,
108,서울,2013-04-14,3.5,3,449
108,서울,2013-04-15,,,
108,서울,2013-04-16,,,
108,서울,2013-04-17,,,
108,서울,2013-04-18,,,
108,서울,2013-04-19,,,
108,서울,2013-04-20,9.5,2.5,636
108,서울,2013-04-21,,,
108,서울,2013-04-22,,,
108,서울,2013-04-23,5.5,1.5,1835
108,서울,2013-04-24,0.1,0.1,
108,서울,2013-04-25,4.5,2.5,933
108,서울,2013-04-26,0.1,0.1,
108,서울,2013-04-27,,,
108,서울,2013-04-28,,,
108,서울,2013-04-29,21,11.5,506
108,서울,2013-04-30,,,
108,서울,2013-05-01,1,1,1650
108,서울,2013-05-02,1,1,1355
108,서울,2013-05-03,0,0,
108,서울,2013-05-04,,,
108,서울,2013-05-05,,,
108,서울,2013-05-06,,,
108,서울,2013-05-07,,,
108,서울,2013-05-08,,,
108,서울,2013-05-09,2.5,1,2146
108,서울,2013-05-10,22,4.5,321
108,서울,2013-05-11,,,
108,서울,2013-05-12,1,1,157
108,서울,2013-05-13,,,
108,서울,2013-05-14,,,
108,서울,2013-05-15,,,
108,서울,2013-05-16,,,
108,서울,2013-05-17,,,
108,서울,2013-05-18,14.5,5.5,2326
108,서울,2013-05-19,19.5,5,001
108,서울,2013-05-20,,,
108,서울,2013-05-21,,,
108,서울,2013-05-22,,,
108,서울,2013-05-23,,,
108,서울,2013-05-24,,,
108,서울,2013-05-25,,,
108,서울,2013-05-26,,,
108,서울,2013-05-27,56.5,11,1613
108,서울,2013-05-28,11.5,5,1128
108,서울,2013-05-29,2.5,2,1457
108,서울,2013-05-30,,,
108,서울,2013-05-31,,,
108,서울,2013-06-01,,,
108,서울,2013-06-02,,,
108,서울,2013-06-03,,,
108,서울,2013-06-04,0.2,0.2,
108,서울,2013-06-05,,,
108,서울,2013-06-06,,,
108,서울,2013-06-07,,,
108,서울,2013-06-08,,,
108,서울,2013-06-09,,,
108,서울,2013-06-10,,,
108,서울,2013-06-11,7,3.5,1838
108,서울,2013-06-12,6.5,2.5,504
108,서울,2013-06-13,,,
108,서울,2013-06-14,,,
108,서울,2013-06-15,,,
108,서울,2013-06-16,,,
108,서울,2013-06-17,0.5,0.3,2040
108,서울,2013-06-18,12,2.5,1920
108,서울,2013-06-19,0.1,0.1,
108,서울,2013-06-20,,,
108,서울,2013-06-21,,,
108,서울,2013-06-22,,,
108,서울,2013-06-23,0.3,0.2,
108,서울,2013-06-24,,,
108,서울,2013-06-25,,,
108,서울,2013-06-26,0,0,
108,서울,2013-06-27,,,
108,서울,2013-06-28,1.5,1,530
108,서울,2013-06-29,,,
108,서울,2013-06-30,0.2,0.2,
108,서울,2013-07-01,,,
108,서울,2013-07-02,51.5,22.5,747
108,서울,2013-07-03,,,
108,서울,2013-07-04,32.5,25,1828
108,서울,2013-07-05,1,0.5,134
108,서울,2013-07-06,,,
108,서울,2013-07-07,3,1.5,1245
108,서울,2013-07-08,68,18,1020
108,서울,2013-07-09,6.5,2.5,048
108,서울,2013-07-10,1,0.5,115
108,서울,2013-07-11,14,5.5,902
108,서울,2013-07-12,74,30.5,1931
108,서울,2013-07-13,165,39.5,055
108,서울,2013-07-14,23,8.5,1604
108,서울,2013-07-15,3.5,2,804
108,서울,2013-07-16,1.5,1.3,2208
108,서울,2013-07-17,18.5,11.5,012
108,서울,2013-07-18,26.5,14,1227
108,서울,2013-07-19,,,
108,서울,2013-07-20,1,0.5,1530
108,서울,2013-07-21,0.5,0.4,557
108,서울,2013-07-22,84.5,42,822
108,서울,2013-07-23,56.5,35,1215
108,서울,2013-07-24,11.5,8,442
108,서울,2013-07-25,0,0,
108,서울,2013-07-26,,,
108,서울,2013-07-27,0.2,0.2,2001
108,서울,2013-07-28,11,6,816
108,서울,2013-07-29,3.5,3.5,237
108,서울,2013-07-30,9.5,5.5,2050
108,서울,2013-07-31,8.5,8.5,140
108,서울,2013-08-01,,,
108,서울,2013-08-02,7.5,5,540
108,서울,2013-08-03,0.1,0.1,
108,서울,2013-08-04,4.5,3.5,631
108,서울,2013-08-05,7,3,1608
108,서울,2013-08-06,45,43.5,1240
108,서울,2013-08-07,,,
108,서울,2013-08-08,,,
108,서울,2013-08-09,0,0,
108,서울,2013-08-10,2,1.5,1145
108,서울,2013-08-11,,,
108,서울,2013-08-12,,,
108,서울,2013-08-13,,,
108,서울,2013-08-14,,,
108,서울,2013-08-15,0,0,
108,서울,2013-08-16,4.5,4.5,450
108,서울,2013-08-17,,,
108,서울,2013-08-18,13,17.3,2316
108,서울,2013-08-19,6,4.5,000
108,서울,2013-08-20,,,
108,서울,2013-08-21,,,
108,서울,2013-08-22,0,0,
108,서울,2013-08-23,35,20.5,415
108,서울,2013-08-24,,,
108,서울,2013-08-25,,,
108,서울,2013-08-26,,,
108,서울,2013-08-27,,,
108,서울,2013-08-28,,,
108,서울,2013-08-29,21.5,13.5,1205
108,서울,2013-08-30,,,
108,서울,2013-08-31,2.5,2.5,1850
108,서울,2013-09-01,,,
108,서울,2013-09-02,,,
108,서울,2013-09-03,,,
108,서울,2013-09-04,,,
108,서울,2013-09-05,0,0,
108,서울,2013-09-06,0,0,
108,서울,2013-09-07,,,
108,서울,2013-09-08,,,
108,서울,2013-09-09,,,
108,서울,2013-09-10,11.5,6.5,1648
108,서울,2013-09-11,36.5,9,509
108,서울,2013-09-12,0.5,0.5,1953
108,서울,2013-09-13,50,13,1037
108,서울,2013-09-14,11.5,7,502
108,서울,2013-09-15,,,
108,서울,2013-09-16,,,
108,서울,2013-09-17,,,
108,서울,2013-09-18,,,
108,서울,2013-09-19,,,
108,서울,2013-09-20,,,
108,서울,2013-09-21,,,
108,서울,2013-09-22,0,0,
108,서울,2013-09-23,,,
108,서울,2013-09-24,4.5,1.5,807
108,서울,2013-09-25,,,
108,서울,2013-09-26,,,
108,서울,2013-09-27,,,
108,서울,2013-09-28,4,2,2329
108,서울,2013-09-29,19,6,219
108,서울,2013-09-30,1,1,517
108,서울,2013-10-01,,,
108,서울,2013-10-02,,,
108,서울,2013-10-03,,,
108,서울,2013-10-04,,,
108,서울,2013-10-05,,,
108,서울,2013-10-06,0,0,
108,서울,2013-10-07,,,
108,서울,2013-10-08,3,0.5,824
108,서울,2013-10-09,,,
108,서울,2013-10-10,,,
108,서울,2013-10-11,6.5,6,358
108,서울,2013-10-12,,,
108,서울,2013-10-13,,,
108,서울,2013-10-14,,,
108,서울,2013-10-15,3.5,2,1013
108,서울,2013-10-16,,,
108,서울,2013-10-17,,,
108,서울,2013-10-18,,,
108,서울,2013-10-19,,,
108,서울,2013-10-20,,,
108,서울,2013-10-21,,,
108,서울,2013-10-22,,,
108,서울,2013-10-23,,,
108,서울,2013-10-24,,,
108,서울,2013-10-25,,,
108,서울,2013-10-26,,,
108,서울,2013-10-27,,,
108,서울,2013-10-28,,,
108,서울,2013-10-29,0.5,0.5,1635
108,서울,2013-10-30,,,
108,서울,2013-10-31,,,
108,서울,2013-11-01,,,
108,서울,2013-11-02,7.5,,
108,서울,2013-11-03,0,,
108,서울,2013-11-04,,,
108,서울,2013-11-05,,,
108,서울,2013-11-06,1,,
108,서울,2013-11-07,0.1,,
108,서울,2013-11-08,,,
108,서울,2013-11-09,5.5,,
108,서울,2013-11-10,0,,
108,서울,2013-11-11,,,
108,서울,2013-11-12,,,
108,서울,2013-11-13,,,
108,서울,2013-11-14,1,,
108,서울,2013-11-15,2,,
108,서울,2013-11-16,2,,
108,서울,2013-11-17,1,,
108,서울,2013-11-18,0,,
108,서울,2013-11-19,0,,
108,서울,2013-11-20,,,
108,서울,2013-11-21,,,
108,서울,2013-11-22,,,
108,서울,2013-11-23,,,
108,서울,2013-11-24,14,,
108,서울,2013-11-25,9.5,,
108,서울,2013-11-26,1.5,,
108,서울,2013-11-27,1.7,,
108,서울,2013-11-28,,,
108,서울,2013-11-29,0,,
108,서울,2013-11-30,,,
108,서울,2013-12-01,,,
108,서울,2013-12-02,0,,
108,서울,2013-12-03,,,
108,서울,2013-12-04,,,
108,서울,2013-12-05,,,
108,서울,2013-12-06,0,,
108,서울,2013-12-07,0.1,,
108,서울,2013-12-08,0,,
108,서울,2013-12-09,14,,
108,서울,2013-12-10,,,
108,서울,2013-12-11,2.6,,
108,서울,2013-12-12,4.1,,
108,서울,2013-12-13,,,
108,서울,2013-12-14,1.1,,
108,서울,2013-12-15,,,
108,서울,2013-12-16,,,
108,서울,2013-12-17,,,
108,서울,2013-12-18,0.8,,
108,서울,2013-12-19,0.3,,
108,서울,2013-12-20,0,,
108,서울,2013-12-21,,,
108,서울,2013-12-22,,,
108,서울,2013-12-23,,,
108,서울,2013-12-24,,,
108,서울,2013-12-25,,,
108,서울,2013-12-26,1.6,,
108,서울,2013-12-27,,,
108,서울,2013-12-28,,,
108,서울,2013-12-29,0.1,,
108,서울,2013-12-30,,,
108,서울,2013-12-31,,,
108,서울,2014-01-01,0,,
108,서울,2014-01-02,,,
108,서울,2014-01-03,,,
108,서울,2014-01-04,,,
108,서울,2014-01-05,,,
108,서울,2014-01-06,,,
108,서울,2014-01-07,0,,
108,서울,2014-01-08,0,,
108,서울,2014-01-09,,,
108,서울,2014-01-10,0,,
108,서울,2014-01-11,,,
108,서울,2014-01-12,0,,
108,서울,2014-01-13,,,
108,서울,2014-01-14,,,
108,서울,2014-01-15,,,
108,서울,2014-01-16,,,
108,서울,2014-01-17,,,
108,서울,2014-01-18,,,
108,서울,2014-01-19,0,,
108,서울,2014-01-20,5.3,,
108,서울,2014-01-21,0.7,,
108,서울,2014-01-22,,,
108,서울,2014-01-23,,,
108,서울,2014-01-24,,,
108,서울,2014-01-25,3,,
108,서울,2014-01-26,,,
108,서울,2014-01-27,,,
108,서울,2014-01-28,0.5,,
108,서울,2014-01-29,,,
108,서울,2014-01-30,3.5,,
108,서울,2014-01-31,,,
108,서울,2014-02-01,11,,
108,서울,2014-02-02,0.5,,
108,서울,2014-02-03,,,
108,서울,2014-02-04,,,
108,서울,2014-02-05,,,
108,서울,2014-02-06,,,
108,서울,2014-02-07,0,,
108,서울,2014-02-08,4.3,,
108,서울,2014-02-09,0.2,,
108,서울,2014-02-10,0.2,,
108,서울,2014-02-11,,,
108,서울,2014-02-12,0,,
108,서울,2014-02-13,,,
108,서울,2014-02-14,,,
108,서울,2014-02-15,,,
108,서울,2014-02-16,,,
108,서울,2014-02-17,,,
108,서울,2014-02-18,,,
108,서울,2014-02-19,,,
108,서울,2014-02-20,,,
108,서울,2014-02-21,,,
108,서울,2014-02-22,,,
108,서울,2014-02-23,,,
108,서울,2014-02-24,,,
108,서울,2014-02-25,,,
108,서울,2014-02-26,,,
108,서울,2014-02-27,,,
108,서울,2014-02-28,,,
108,서울,2014-03-01,,,
108,서울,2014-03-02,,,
108,서울,2014-03-03,,,
108,서울,2014-03-04,,,
108,서울,2014-03-05,0,,
108,서울,2014-03-06,0,,
108,서울,2014-03-07,,,
108,서울,2014-03-08,,,
108,서울,2014-03-09,2.2,,
108,서울,2014-03-10,,,
108,서울,2014-03-11,,,
108,서울,2014-03-12,0.2,,
108,서울,2014-03-13,0,,
108,서울,2014-03-14,,,
108,서울,2014-03-15,,,
108,서울,2014-03-16,,,
108,서울,2014-03-17,0.5,,
108,서울,2014-03-18,0.4,,
108,서울,2014-03-19,,,
108,서울,2014-03-20,0.4,,
108,서울,2014-03-21,,,
108,서울,2014-03-22,,,
108,서울,2014-03-23,,,
108,서울,2014-03-24,0,,
108,서울,2014-03-25,0,,
108,서울,2014-03-26,0,,
108,서울,2014-03-27,,,
108,서울,2014-03-28,,,
108,서울,2014-03-29,3.5,,
108,서울,2014-03-30,0,,
108,서울,2014-03-31,,,
108,서울,2014-04-01,,,
108,서울,2014-04-02,,,
108,서울,2014-04-03,0.5,0.5,1118
108,서울,2014-04-04,,,
108,서울,2014-04-05,0,0,
108,서울,2014-04-06,,,
108,서울,2014-04-07,,,
108,서울,2014-04-08,,,
108,서울,2014-04-09,,,
108,서울,2014-04-10,,,
108,서울,2014-04-11,,,
108,서울,2014-04-12,,,
108,서울,2014-04-13,,,
108,서울,2014-04-14,,,
108,서울,2014-04-15,,,
108,서울,2014-04-16,,,
108,서울,2014-04-17,3,2,1904
108,서울,2014-04-18,,,
108,서울,2014-04-19,,,
108,서울,2014-04-20,,,
108,서울,2014-04-21,,,
108,서울,2014-04-22,,,
108,서울,2014-04-23,,,
108,서울,2014-04-24,,,
108,서울,2014-04-25,,,
108,서울,2014-04-26,,,
108,서울,2014-04-27,8.5,3.5,252
108,서울,2014-04-28,13.5,3,1239
108,서울,2014-04-29,5.5,3.5,519
108,서울,2014-04-30,0,,
108,서울,2014-05-01,,,
108,서울,2014-05-02,1,1,1616
108,서울,2014-05-03,,,
108,서울,2014-05-04,0.2,0.2,
108,서울,2014-05-05,,,
108,서울,2014-05-06,,,
108,서울,2014-05-07,2,1.5,2050
108,서울,2014-05-08,4,1.5,041
108,서울,2014-05-09,,,
108,서울,2014-05-10,,,
108,서울,2014-05-11,23,9,2007
108,서울,2014-05-12,10,5,037
108,서울,2014-05-13,,,
108,서울,2014-05-14,,,
108,서울,2014-05-15,0.3,0.3,544
108,서울,2014-05-16,,,
108,서울,2014-05-17,,,
108,서울,2014-05-18,,,
108,서울,2014-05-19,,,
108,서울,2014-05-20,,,
108,서울,2014-05-21,,,
108,서울,2014-05-22,,,
108,서울,2014-05-23,,,
108,서울,2014-05-24,,,
108,서울,2014-05-25,21,8.5,2152
108,서울,2014-05-26,1.5,1,001
108,서울,2014-05-27,,,
108,서울,2014-05-28,,,
108,서울,2014-05-29,,,
108,서울,2014-05-30,,,
108,서울,2014-05-31,,,
108,서울,2014-06-01,,,
108,서울,2014-06-02,2,0.9,1141
108,서울,2014-06-03,33,6,532
108,서울,2014-06-04,,,
108,서울,2014-06-05,,,
108,서울,2014-06-06,,,
108,서울,2014-06-07,,,
108,서울,2014-06-08,,,
108,서울,2014-06-09,,,
108,서울,2014-06-10,5.5,2.5,1616
108,서울,2014-06-11,19,14,1529
108,서울,2014-06-12,0.1,0.1,
108,서울,2014-06-13,0,0,
108,서울,2014-06-14,,,
108,서울,2014-06-15,,,
108,서울,2014-06-16,,,
108,서울,2014-06-17,3.5,3.5,1955
108,서울,2014-06-18,0.1,0.1,
108,서울,2014-06-19,0,0,
108,서울,2014-06-20,1.5,1,2110
108,서울,2014-06-21,8.5,5.5,1903
108,서울,2014-06-22,0.4,0.4,1957
108,서울,2014-06-23,24.5,14.5,1540
108,서울,2014-06-24,,,
108,서울,2014-06-25,,,
108,서울,2014-06-26,,,
108,서울,2014-06-27,,,
108,서울,2014-06-28,0,0,
108,서울,2014-06-29,,,
108,서울,2014-06-30,,,
108,서울,2014-07-01,,,
108,서울,2014-07-02,20.5,18,2150
108,서울,2014-07-03,2,1,1105
108,서울,2014-07-04,,,
108,서울,2014-07-05,,,
108,서울,2014-07-06,,,
108,서울,2014-07-07,,,
108,서울,2014-07-08,0.2,0.2,
108,서울,2014-07-09,0.5,0.4,1444
108,서울,2014-07-10,,,
108,서울,2014-07-11,,,
108,서울,2014-07-12,,,
108,서울,2014-07-13,,,
108,서울,2014-07-14,,,
108,서울,2014-07-15,,,
108,서울,2014-07-16,,,
108,서울,2014-07-17,0.2,0.2,
108,서울,2014-07-18,1.5,1.5,443
108,서울,2014-07-19,,,
108,서울,2014-07-20,,,
108,서울,2014-07-21,,,
108,서울,2014-07-22,16.5,15.5,1841
108,서울,2014-07-23,55,21.5,306
108,서울,2014-07-24,48,10.5,609
108,서울,2014-07-25,59.5,34.5,114
108,서울,2014-07-26,2.5,0.6,354
108,서울,2014-07-27,,,
108,서울,2014-07-28,,,
108,서울,2014-07-29,,,
108,서울,2014-07-30,,,
108,서울,2014-07-31,1.5,1.5,1725
108,서울,2014-08-01,,,
108,서울,2014-08-02,0,0,
108,서울,2014-08-03,13,2.5,1839
108,서울,2014-08-04,6.5,1.5,001
108,서울,2014-08-05,0,0,
108,서울,2014-08-06,10.5,4.5,1616
108,서울,2014-08-07,0.2,0.2,
108,서울,2014-08-08,,,
108,서울,2014-08-09,,,
108,서울,2014-08-10,42.5,25.5,1721
108,서울,2014-08-11,,,
108,서울,2014-08-12,,,
108,서울,2014-08-13,0,0,
108,서울,2014-08-14,0.5,0.4,1228
108,서울,2014-08-15,,,
108,서울,2014-08-16,,,
108,서울,2014-08-17,3,1.5,1029
108,서울,2014-08-18,11.5,6.5,1035
108,서울,2014-08-19,4.5,2,2245
108,서울,2014-08-20,0.5,0.4,230
108,서울,2014-08-21,46.5,23.5,913
108,서울,2014-08-22,15,13,040
108,서울,2014-08-23,0.5,0.5,340
108,서울,2014-08-24,0.1,0.1,
108,서울,2014-08-25,0,0,
108,서울,2014-08-26,11.5,11,1742
108,서울,2014-08-27,,,
108,서울,2014-08-28,,,
108,서울,2014-08-29,6.5,6.5,2050
108,서울,2014-08-30,,,
108,서울,2014-08-31,,,
108,서울,2014-09-01,1.5,1.5,1837
108,서울,2014-09-02,6,4,2309
108,서울,2014-09-03,57.5,11.5,029
108,서울,2014-09-04,,,
108,서울,2014-09-05,,,
108,서울,2014-09-06,,,
108,서울,2014-09-07,,,
108,서울,2014-09-08,,,
108,서울,2014-09-09,,,
108,서울,2014-09-10,,,
108,서울,2014-09-11,,,
108,서울,2014-09-12,0.1,0.1,
108,서울,2014-09-13,,,
108,서울,2014-09-14,,,
108,서울,2014-09-15,,,
108,서울,2014-09-16,,,
108,서울,2014-09-17,,,
108,서울,2014-09-18,,,
108,서울,2014-09-19,,,
108,서울,2014-09-20,,,
108,서울,2014-09-21,0,0,
108,서울,2014-09-22,,,
108,서울,2014-09-23,,,
108,서울,2014-09-24,6.5,3,920
108,서울,2014-09-25,,,
108,서울,2014-09-26,0,0,
108,서울,2014-09-27,,,
108,서울,2014-09-28,0.5,0.5,2010
108,서울,2014-09-29,16,4.5,1323
108,서울,2014-09-30,,,
108,서울,2014-10-01,,,
108,서울,2014-10-02,9,6,1604
108,서울,2014-10-03,,,
108,서울,2014-10-04,,,
108,서울,2014-10-05,,,
108,서울,2014-10-06,,,
108,서울,2014-10-07,,,
108,서울,2014-10-08,,,
108,서울,2014-10-09,,,
108,서울,2014-10-10,,,
108,서울,2014-10-11,,,
108,서울,2014-10-12,,,
108,서울,2014-10-13,,,
108,서울,2014-10-14,,,
108,서울,2014-10-15,,,
108,서울,2014-10-16,2.5,2.5,510
108,서울,2014-10-17,,,
108,서울,2014-10-18,,,
108,서울,2014-10-19,,,
108,서울,2014-10-20,21.5,5,507
108,서울,2014-10-21,18.5,3,1333
108,서울,2014-10-22,,,
108,서울,2014-10-23,,,
108,서울,2014-10-24,,,
108,서울,2014-10-25,,,
108,서울,2014-10-26,0.5,0.5,1840
108,서울,2014-10-27,,,
108,서울,2014-10-28,,,
108,서울,2014-10-29,,,
108,서울,2014-10-30,,,
108,서울,2014-10-31,0.2,0.1,
108,서울,2014-11-01,,,
108,서울,2014-11-02,2.5,,
108,서울,2014-11-03,,,
108,서울,2014-11-04,,,
108,서울,2014-11-05,,,
108,서울,2014-11-06,0.5,,
108,서울,2014-11-07,,,
108,서울,2014-11-08,,,
108,서울,2014-11-09,,,
108,서울,2014-11-10,,,
108,서울,2014-11-11,2,,
108,서울,2014-11-12,5,,
108,서울,2014-11-13,,,
108,서울,2014-11-14,0,,
108,서울,2014-11-15,,,
108,서울,2014-11-16,1,,
108,서울,2014-11-17,1.5,,
108,서울,2014-11-18,,,
108,서울,2014-11-19,,,
108,서울,2014-11-20,,,
108,서울,2014-11-21,,,
108,서울,2014-11-22,4,,
108,서울,2014-11-23,,,
108,서울,2014-11-24,,,
108,서울,2014-11-25,,,
108,서울,2014-11-26,,,
108,서울,2014-11-27,,,
108,서울,2014-11-28,18,,
108,서울,2014-11-29,,,
108,서울,2014-11-30,7,,
108,서울,2014-12-01,0.5,,
108,서울,2014-12-02,0,,
108,서울,2014-12-03,0.9,,
108,서울,2014-12-04,0,,
108,서울,2014-12-05,,,
108,서울,2014-12-06,,,
108,서울,2014-12-07,,,
108,서울,2014-12-08,,,
108,서울,2014-12-09,,,
108,서울,2014-12-10,2,,
108,서울,2014-12-11,0.5,,
108,서울,2014-12-12,0.1,,
108,서울,2014-12-13,,,
108,서울,2014-12-14,0,,
108,서울,2014-12-15,10.5,,
108,서울,2014-12-16,0,,
108,서울,2014-12-17,,,
108,서울,2014-12-18,,,
108,서울,2014-12-19,0.9,,
108,서울,2014-12-20,2,,
108,서울,2014-12-21,0,,
108,서울,2014-12-22,0.3,,
108,서울,2014-12-23,,,
108,서울,2014-12-24,0.2,,
108,서울,2014-12-25,,,
108,서울,2014-12-26,,,
108,서울,2014-12-27,,,
108,서울,2014-12-28,,,
108,서울,2014-12-29,,,
108,서울,2014-12-30,,,
108,서울,2014-12-31,0,,
108,서울,2015-01-01,,,
108,서울,2015-01-02,,,
108,서울,2015-01-03,,,
108,서울,2015-01-04,0,,
108,서울,2015-01-05,0.4,,
108,서울,2015-01-06,3,,
108,서울,2015-01-07,,,
108,서울,2015-01-08,,,
108,서울,2015-01-09,,,
108,서울,2015-01-10,,,
108,서울,2015-01-11,,,
108,서울,2015-01-12,,,
108,서울,2015-01-13,,,
108,서울,2015-01-14,,,
108,서울,2015-01-15,,,
108,서울,2015-01-16,0.3,,
108,서울,2015-01-17,,,
108,서울,2015-01-18,4,,
108,서울,2015-01-19,0.1,,
108,서울,2015-01-20,,,
108,서울,2015-01-21,,,
108,서울,2015-01-22,,,
108,서울,2015-01-23,,,
108,서울,2015-01-24,,,
108,서울,2015-01-25,3,,
108,서울,2015-01-26,0.5,,
108,서울,2015-01-27,,,
108,서울,2015-01-28,,,
108,서울,2015-01-29,,,
108,서울,2015-01-30,,,
108,서울,2015-01-31,,,
108,서울,2015-02-01,,,
108,서울,2015-02-02,,,
108,서울,2015-02-03,,,
108,서울,2015-02-04,,,
108,서울,2015-02-05,,,
108,서울,2015-02-06,,,
108,서울,2015-02-07,,,
108,서울,2015-02-08,,,
108,서울,2015-02-09,0.2,,
108,서울,2015-02-10,,,
108,서울,2015-02-11,,,
108,서울,2015-02-12,,,
108,서울,2015-02-13,,,
108,서울,2015-02-14,,,
108,서울,2015-02-15,,,
108,서울,2015-02-16,10.5,,
108,서울,2015-02-17,0.5,,
108,서울,2015-02-18,0,,
108,서울,2015-02-19,,,
108,서울,2015-02-20,,,
108,서울,2015-02-21,8,,
108,서울,2015-02-22,2.5,,
108,서울,2015-02-23,,,
108,서울,2015-02-24,,,
108,서울,2015-02-25,0.5,,
108,서울,2015-02-26,0.5,,
108,서울,2015-02-27,,,
108,서울,2015-02-28,,,
108,서울,2015-03-01,0,,
108,서울,2015-03-02,,,
108,서울,2015-03-03,5.5,,
108,서울,2015-03-04,,,
108,서울,2015-03-05,,,
108,서울,2015-03-06,,,
108,서울,2015-03-07,,,
108,서울,2015-03-08,,,
108,서울,2015-03-09,,,
108,서울,2015-03-10,,,
108,서울,2015-03-11,,,
108,서울,2015-03-12,,,
108,서울,2015-03-13,0.1,,
108,서울,2015-03-14,,,
108,서울,2015-03-15,,,
108,서울,2015-03-16,,,
108,서울,2015-03-17,0,,
108,서울,2015-03-18,1.5,,
108,서울,2015-03-19,,,
108,서울,2015-03-20,,,
108,서울,2015-03-21,,,
108,서울,2015-03-22,,,
108,서울,2015-03-23,,,
108,서울,2015-03-24,,,
108,서울,2015-03-25,,,
108,서울,2015-03-26,,,
108,서울,2015-03-27,,,
108,서울,2015-03-28,,,
108,서울,2015-03-29,,,
108,서울,2015-03-30,,,
108,서울,2015-03-31,2.5,,
108,서울,2015-04-01,2.5,2,112
108,서울,2015-04-02,28,16.5,2022
108,서울,2015-04-03,3.5,2,028
108,서울,2015-04-04,0,0,
108,서울,2015-04-05,0.5,0.5,1257
108,서울,2015-04-06,,,
108,서울,2015-04-07,0,0,
108,서울,2015-04-08,,,
108,서울,2015-04-09,,,
108,서울,2015-04-10,,,
108,서울,2015-04-11,,,
108,서울,2015-04-12,,,
108,서울,2015-04-13,6.5,2,2040
108,서울,2015-04-14,10.5,2.5,703
108,서울,2015-04-15,1,0.5,001
108,서울,2015-04-16,7,4.5,1321
108,서울,2015-04-17,,,
108,서울,2015-04-18,0,0,
108,서울,2015-04-19,12,3.5,1101
108,서울,2015-04-20,5.5,1.5,146
108,서울,2015-04-21,,,
108,서울,2015-04-22,0,0,
108,서울,2015-04-23,,,
108,서울,2015-04-24,,,
108,서울,2015-04-25,,,
108,서울,2015-04-26,,,
108,서울,2015-04-27,,,
108,서울,2015-04-28,0,0,
108,서울,2015-04-29,3.5,1,741
108,서울,2015-04-30,,,
108,서울,2015-05-01,,,
108,서울,2015-05-02,0.5,0.5,2131
108,서울,2015-05-03,3.5,2,327
108,서울,2015-05-04,,,
108,서울,2015-05-05,,,
108,서울,2015-05-06,,,
108,서울,2015-05-07,,,
108,서울,2015-05-08,,,
108,서울,2015-05-09,,,
108,서울,2015-05-10,,,
108,서울,2015-05-11,14,6.5,2100
108,서울,2015-05-12,9.5,4,010
108,서울,2015-05-13,0,0,
108,서울,2015-05-14,,,
108,서울,2015-05-15,,,
108,서울,2015-05-16,,,
108,서울,2015-05-17,,,
108,서울,2015-05-18,,,
108,서울,2015-05-19,1,0.5,1642
108,서울,2015-05-20,,,
108,서울,2015-05-21,,,
108,서울,2015-05-22,,,
108,서울,2015-05-23,,,
108,서울,2015-05-24,,,
108,서울,2015-05-25,,,
108,서울,2015-05-26,,,
108,서울,2015-05-27,,,
108,서울,2015-05-28,,,
108,서울,2015-05-29,,,
108,서울,2015-05-30,0.4,0.2,652
108,서울,2015-05-31,,,
108,서울,2015-06-01,,,
108,서울,2015-06-02,,,
108,서울,2015-06-03,,,
108,서울,2015-06-04,,,
108,서울,2015-06-05,1,0.5,1303
108,서울,2015-06-06,,,
108,서울,2015-06-07,,,
108,서울,2015-06-08,,,
108,서울,2015-06-09,,,
108,서울,2015-06-10,,,
108,서울,2015-06-11,7.5,5.5,2223
108,서울,2015-06-12,0.5,0.5,155
108,서울,2015-06-13,0.5,0.4,037
108,서울,2015-06-14,15.5,15,512
108,서울,2015-06-15,,,
108,서울,2015-06-16,,,
108,서울,2015-06-17,9.5,10.5,2330
108,서울,2015-06-18,3,2.5,001
108,서울,2015-06-19,,,
108,서울,2015-06-20,44.5,25.5,930
108,서울,2015-06-21,,,
108,서울,2015-06-22,,,
108,서울,2015-06-23,,,
108,서울,2015-06-24,,,
108,서울,2015-06-25,2,1.1,2033
108,서울,2015-06-26,12.5,4,153
108,서울,2015-06-27,,,
108,서울,2015-06-28,,,
108,서울,2015-06-29,0,0,
108,서울,2015-06-30,2.5,2,1823
108,서울,2015-07-01,0.5,0.5,004
108,서울,2015-07-02,,,
108,서울,2015-07-03,,,
108,서울,2015-07-04,,,
108,서울,2015-07-05,,,
108,서울,2015-07-06,,,
108,서울,2015-07-07,,,
108,서울,2015-07-08,0.5,0.5,804
108,서울,2015-07-09,,,
108,서울,2015-07-10,,,
108,서울,2015-07-11,0,0,
108,서울,2015-07-12,29,4,1110
108,서울,2015-07-13,10,2.5,144
108,서울,2015-07-14,,,
108,서울,2015-07-15,,,
108,서울,2015-07-16,,,
108,서울,2015-07-17,,,
108,서울,2015-07-18,0.5,0.5,1739
108,서울,2015-07-19,5,2.5,145
108,서울,2015-07-20,,,
108,서울,2015-07-21,11,10.5,417
108,서울,2015-07-22,1,0.5,1228
108,서울,2015-07-23,16,6,1615
108,서울,2015-07-24,26.5,7,347
108,서울,2015-07-25,80,31,1635
108,서울,2015-07-26,40.5,14,546
108,서울,2015-07-27,1.5,1.5,312
108,서울,2015-07-28,0,0,
108,서울,2015-07-29,4,3,737
108,서울,2015-07-30,,,
108,서울,2015-07-31,,,
108,서울,2015-08-01,,,
108,서울,2015-08-02,16.5,14.5,145
108,서울,2015-08-03,0,0,
108,서울,2015-08-04,,,
108,서울,2015-08-05,0.1,0.1,740
108,서울,2015-08-06,,,
108,서울,2015-08-07,11,9,1540
108,서울,2015-08-08,7.5,6,1351
108,서울,2015-08-09,,,
108,서울,2015-08-10,,,
108,서울,2015-08-11,,,
108,서울,2015-08-12,,,
108,서울,2015-08-13,0,0,
108,서울,2015-08-14,,,
108,서울,2015-08-15,0.1,0.1,
108,서울,2015-08-16,29,21.5,1849
108,서울,2015-08-17,,,
108,서울,2015-08-18,,,
108,서울,2015-08-19,0,0,
108,서울,2015-08-20,0.4,0.4,1110
108,서울,2015-08-21,2.5,2.3,354
108,서울,2015-08-22,0,0,
108,서울,2015-08-23,,,
108,서울,2015-08-24,,,
108,서울,2015-08-25,5.5,1.5,1601
108,서울,2015-08-26,0,0,
108,서울,2015-08-27,0,0,
108,서울,2015-08-28,0.3,0.3,1825
108,서울,2015-08-29,,,
108,서울,2015-08-30,0,0,
108,서울,2015-08-31,,,
108,서울,2015-09-01,,,
108,서울,2015-09-02,0.5,0.4,1320
108,서울,2015-09-03,18,16.5,252
108,서울,2015-09-04,,,
108,서울,2015-09-05,5,3,955
108,서울,2015-09-06,,,
108,서울,2015-09-07,,,
108,서울,2015-09-08,,,
108,서울,2015-09-09,,,
108,서울,2015-09-10,,,
108,서울,2015-09-11,2.5,2,1850
108,서울,2015-09-12,,,
108,서울,2015-09-13,,,
108,서울,2015-09-14,,,
108,서울,2015-09-15,,,
108,서울,2015-09-16,,,
108,서울,2015-09-17,,,
108,서울,2015-09-18,,,
108,서울,2015-09-19,,,
108,서울,2015-09-20,,,
108,서울,2015-09-21,,,
108,서울,2015-09-22,,,
108,서울,2015-09-23,,,
108,서울,2015-09-24,,,
108,서울,2015-09-25,,,
108,서울,2015-09-26,,,
108,서울,2015-09-27,,,
108,서울,2015-09-28,0,0,
108,서울,2015-09-29,,,
108,서울,2015-09-30,,,
108,서울,2015-10-01,35,16.5,1108
108,서울,2015-10-02,,,
108,서울,2015-10-03,,,
108,서울,2015-10-04,,,
108,서울,2015-10-05,,,
108,서울,2015-10-06,,,
108,서울,2015-10-07,,,
108,서울,2015-10-08,,,
108,서울,2015-10-09,,,
108,서울,2015-10-10,3.5,3,549
108,서울,2015-10-11,3.5,2,1740
108,서울,2015-10-12,,,
108,서울,2015-10-13,,,
108,서울,2015-10-14,,,
108,서울,2015-10-15,,,
108,서울,2015-10-16,,,
108,서울,2015-10-17,,,
108,서울,2015-10-18,,,
108,서울,2015-10-19,,,
108,서울,2015-10-20,,,
108,서울,2015-10-21,,,
108,서울,2015-10-22,,,
108,서울,2015-10-23,,,
108,서울,2015-10-24,10.5,10.5,507
108,서울,2015-10-25,,,
108,서울,2015-10-26,2,1,2207
108,서울,2015-10-27,26.5,4.5,328
108,서울,2015-10-28,,,
108,서울,2015-10-29,0.5,0.5,1835
108,서울,2015-10-30,,,
108,서울,2015-10-31,,,
108,서울,2015-11-01,,,
108,서울,2015-11-02,,,
108,서울,2015-11-03,,,
108,서울,2015-11-04,,,
108,서울,2015-11-05,,,
108,서울,2015-11-06,4.5,,
108,서울,2015-11-07,24.5,,
108,서울,2015-11-08,10.5,,
108,서울,2015-11-09,3.5,,
108,서울,2015-11-10,,,
108,서울,2015-11-11,,,
108,서울,2015-11-12,,,
108,서울,2015-11-13,22.5,,
108,서울,2015-11-14,3.5,,
108,서울,2015-11-15,,,
108,서울,2015-11-16,5.5,,
108,서울,2015-11-17,,,
108,서울,2015-11-18,5.5,,
108,서울,2015-11-19,,,
108,서울,2015-11-20,,,
108,서울,2015-11-21,,,
108,서울,2015-11-22,3.5,,
108,서울,2015-11-23,6.5,,
108,서울,2015-11-24,0.5,,
108,서울,2015-11-25,11,,
108,서울,2015-11-26,0,,
108,서울,2015-11-27,,,
108,서울,2015-11-28,0.1,,
108,서울,2015-11-29,3,,
108,서울,2015-11-30,,,
108,서울,2015-12-01,,,
108,서울,2015-12-02,13.5,,
108,서울,2015-12-03,7.1,,
108,서울,2015-12-04,,,
108,서울,2015-12-05,,,
108,서울,2015-12-06,,,
108,서울,2015-12-07,,,
108,서울,2015-12-08,,,
108,서울,2015-12-09,,,
108,서울,2015-12-10,0.3,,
108,서울,2015-12-11,,,
108,서울,2015-12-12,,,
108,서울,2015-12-13,,,
108,서울,2015-12-14,2.5,,
108,서울,2015-12-15,0.1,,
108,서울,2015-12-16,,,
108,서울,2015-12-17,,,
108,서울,2015-12-18,0,,
108,서울,2015-12-19,,,
108,서울,2015-12-20,,,
108,서울,2015-12-21,2,,
108,서울,2015-12-22,,,
108,서울,2015-12-23,0.4,,
108,서울,2015-12-24,,,
108,서울,2015-12-25,0,,
108,서울,2015-12-26,0.7,,
108,서울,2015-12-27,,,
108,서울,2015-12-28,,,
108,서울,2015-12-29,,,
108,서울,2015-12-30,2.5,,
108,서울,2015-12-31,,,
108,서울,2016-01-01,,,
108,서울,2016-01-02,,,
108,서울,2016-01-03,,,
108,서울,2016-01-04,,,
108,서울,2016-01-05,,,
108,서울,2016-01-06,,,
108,서울,2016-01-07,,,
108,서울,2016-01-08,,,
108,서울,2016-01-09,,,
108,서울,2016-01-10,,,
108,서울,2016-01-11,,,
108,서울,2016-01-12,,,
108,서울,2016-01-13,0.4,,
108,서울,2016-01-14,0,,
108,서울,2016-01-15,,,
108,서울,2016-01-16,0.1,,
108,서울,2016-01-17,,,
108,서울,2016-01-18,0.2,,
108,서울,2016-01-19,,,
108,서울,2016-01-20,,,
108,서울,2016-01-21,,,
108,서울,2016-01-22,,,
108,서울,2016-01-23,0,,
108,서울,2016-01-24,,,
108,서울,2016-01-25,,,
108,서울,2016-01-26,0.3,,
108,서울,2016-01-27,,,
108,서울,2016-01-28,,,
108,서울,2016-01-29,,,
108,서울,2016-01-30,,,
108,서울,2016-01-31,,,
108,서울,2016-02-01,,,
108,서울,2016-02-02,,,
108,서울,2016-02-03,,,
108,서울,2016-02-04,,,
108,서울,2016-02-05,,,
108,서울,2016-02-06,,,
108,서울,2016-02-07,,,
108,서울,2016-02-08,,,
108,서울,2016-02-09,,,
108,서울,2016-02-10,,,
108,서울,2016-02-11,0.1,,
108,서울,2016-02-12,18,,
108,서울,2016-02-13,21,,
108,서울,2016-02-14,2.5,,
108,서울,2016-02-15,0,,
108,서울,2016-02-16,0.8,,
108,서울,2016-02-17,,,
108,서울,2016-02-18,,,
108,서울,2016-02-19,,,
108,서울,2016-02-20,,,
108,서울,2016-02-21,,,
108,서울,2016-02-22,0,,
108,서울,2016-02-23,0.9,,
108,서울,2016-02-24,,,
108,서울,2016-02-25,,,
108,서울,2016-02-26,0,,
108,서울,2016-02-27,0.2,,
108,서울,2016-02-28,4.1,,
108,서울,2016-02-29,0,,
108,서울,2016-03-01,,,
108,서울,2016-03-02,,,
108,서울,2016-03-03,,,
108,서울,2016-03-04,0.1,,
108,서울,2016-03-05,40,,
108,서울,2016-03-06,0.2,,
108,서울,2016-03-07,0,,
108,서울,2016-03-08,,,
108,서울,2016-03-09,,,
108,서울,2016-03-10,,,
108,서울,2016-03-11,,,
108,서울,2016-03-12,,,
108,서울,2016-03-13,0.1,,
108,서울,2016-03-14,,,
108,서울,2016-03-15,,,
108,서울,2016-03-16,,,
108,서울,2016-03-17,,,
108,서울,2016-03-18,,,
108,서울,2016-03-19,,,
108,서울,2016-03-20,,,
108,서울,2016-03-21,,,
108,서울,2016-03-22,,,
108,서울,2016-03-23,,,
108,서울,2016-03-24,,,
108,서울,2016-03-25,,,
108,서울,2016-03-26,,,
108,서울,2016-03-27,,,
108,서울,2016-03-28,,,
108,서울,2016-03-29,0.1,,
108,서울,2016-03-30,,,
108,서울,2016-03-31,,,
108,서울,2016-04-01,,,
108,서울,2016-04-02,,,
108,서울,2016-04-03,2,1,1500
108,서울,2016-04-04,,,
108,서울,2016-04-05,,,
108,서울,2016-04-06,3,2.5,2242
108,서울,2016-04-07,7.5,2,002
108,서울,2016-04-08,,,
108,서울,2016-04-09,,,
108,서울,2016-04-10,,,
108,서울,2016-04-11,,,
108,서울,2016-04-12,,,
108,서울,2016-04-13,1,1,629
108,서울,2016-04-14,,,
108,서울,2016-04-15,,,
108,서울,2016-04-16,23.5,7.5,1936
108,서울,2016-04-17,20.5,7.5,038
108,서울,2016-04-18,1.5,1.5,1707
108,서울,2016-04-19,,,
108,서울,2016-04-20,0.5,0.3,1844
108,서울,2016-04-21,17,4,657
108,서울,2016-04-22,0,0,
108,서울,2016-04-23,,,
108,서울,2016-04-24,,,
108,서울,2016-04-25,,,
108,서울,2016-04-26,,,
108,서울,2016-04-27,,,
108,서울,2016-04-28,,,
108,서울,2016-04-29,0.3,0.3,204
108,서울,2016-04-30,,,
108,서울,2016-05-01,,,
108,서울,2016-05-02,16.5,7,2119
108,서울,2016-05-03,27,6,904
108,서울,2016-05-04,,,
108,서울,2016-05-05,7.5,6,2236
108,서울,2016-05-06,9.5,5,727
108,서울,2016-05-07,,,
108,서울,2016-05-08,,,
108,서울,2016-05-09,0,0,
108,서울,2016-05-10,13.5,2.5,950
108,서울,2016-05-11,,,
108,서울,2016-05-12,,,
108,서울,2016-05-13,0.5,0.5,110
108,서울,2016-05-14,,,
108,서울,2016-05-15,45,12,1617
108,서울,2016-05-16,2.5,1.5,VALUE
108,서울,2016-05-17,,,
108,서울,2016-05-18,,,
108,서울,2016-05-19,,,
108,서울,2016-05-20,,,
108,서울,2016-05-21,,,
108,서울,2016-05-22,,,
108,서울,2016-05-23,,,
108,서울,2016-05-24,38.5,7.5,327
108,서울,2016-05-25,,,
108,서울,2016-05-26,0,0,
108,서울,2016-05-27,,,
108,서울,2016-05-28,,,
108,서울,2016-05-29,,,
108,서울,2016-05-30,,,
108,서울,2016-05-31,,,
108,서울,2016-06-01,,,
108,서울,2016-06-02,,,
108,서울,2016-06-03,,,
108,서울,2016-06-04,,,
108,서울,2016-06-05,,,
108,서울,2016-06-06,0,0,
108,서울,2016-06-07,0.1,0.1,
108,서울,2016-06-08,,,
108,서울,2016-06-09,,,
108,서울,2016-06-10,,,
108,서울,2016-06-11,3,1.5,1507
108,서울,2016-06-12,1.5,1.5,VALUE
108,서울,2016-06-13,,,
108,서울,2016-06-14,0,0,
108,서울,2016-06-15,15.5,7,539
108,서울,2016-06-16,0,0,
108,서울,2016-06-17,,,
108,서울,2016-06-18,,,
108,서울,2016-06-19,0,0,
108,서울,2016-06-20,,,
108,서울,2016-06-21,,,
108,서울,2016-06-22,30.5,26,1339
108,서울,2016-06-23,0.1,0.1,
108,서울,2016-06-24,3.5,1,619
108,서울,2016-06-25,,,
108,서울,2016-06-26,,,
108,서울,2016-06-27,,,
108,서울,2016-06-28,,,
108,서울,2016-06-29,,,
108,서울,2016-06-30,0.2,0.1,
108,서울,2016-07-01,108.5,31.5,1440
108,서울,2016-07-02,4,2,121
108,서울,2016-07-03,,,
108,서울,2016-07-04,29.5,13,2139
108,서울,2016-07-05,100.5,40,839
108,서울,2016-07-06,0,0,
108,서울,2016-07-07,0,0,
108,서울,2016-07-08,,,
108,서울,2016-07-09,,,
108,서울,2016-07-10,,,
108,서울,2016-07-11,0,0,
108,서울,2016-07-12,3,2,520
108,서울,2016-07-13,0,0,
108,서울,2016-07-14,0.1,0.1,
108,서울,2016-07-15,1.5,1.4,2249
108,서울,2016-07-16,46.5,9,541
108,서울,2016-07-17,2.5,2.5,VALUE
108,서울,2016-07-18,0.2,0.2,
108,서울,2016-07-19,,,
108,서울,2016-07-20,,,
108,서울,2016-07-21,,,
108,서울,2016-07-22,,,
108,서울,2016-07-23,0.5,0.4,1855
108,서울,2016-07-24,0.5,0.5,1205
108,서울,2016-07-25,,,
108,서울,2016-07-26,,,
108,서울,2016-07-27,0.5,0.5,1330
108,서울,2016-07-28,0.2,0.2,
108,서울,2016-07-29,59.5,51.5,626
108,서울,2016-07-30,0.5,0.5,000
108,서울,2016-07-31,0.2,0.1,
108,서울,2016-08-01,,,
108,서울,2016-08-02,2,2,1758
108,서울,2016-08-03,,,
108,서울,2016-08-04,,,
108,서울,2016-08-05,,,
108,서울,2016-08-06,,,
108,서울,2016-08-07,,,
108,서울,2016-08-08,,,
108,서울,2016-08-09,1,0.5,1605
108,서울,2016-08-10,,,
108,서울,2016-08-11,,,
108,서울,2016-08-12,,,
108,서울,2016-08-13,,,
108,서울,2016-08-14,0.2,0.2,
108,서울,2016-08-15,0,0,
108,서울,2016-08-16,0.5,0.5,1530
108,서울,2016-08-17,,,
108,서울,2016-08-18,,,
108,서울,2016-08-19,11.5,11.5,1644
108,서울,2016-08-20,,,
108,서울,2016-08-21,0,0,
108,서울,2016-08-22,0.4,0.4,
108,서울,2016-08-23,8,7,1505
108,서울,2016-08-24,0,0,
108,서울,2016-08-25,4.5,3.5,1914
108,서울,2016-08-26,20,6.5,256
108,서울,2016-08-27,0,0,
108,서울,2016-08-28,1.5,1.5,1611
108,서울,2016-08-29,,,
108,서울,2016-08-30,0,0,
108,서울,2016-08-31,17.5,3,1043
108,서울,2016-09-01,,,
108,서울,2016-09-02,4.5,4.5,205
108,서울,2016-09-03,0.5,0.5,025
108,서울,2016-09-04,,,
108,서울,2016-09-05,,,
108,서울,2016-09-06,,,
108,서울,2016-09-07,,,
108,서울,2016-09-08,4.5,3.5,1154
108,서울,2016-09-09,,,
108,서울,2016-09-10,,,
108,서울,2016-09-11,,,
108,서울,2016-09-12,2.5,2.5,1358
108,서울,2016-09-13,,,
108,서울,2016-09-14,,,
108,서울,2016-09-15,,,
108,서울,2016-09-16,,,
108,서울,2016-09-17,7,3.5,628
108,서울,2016-09-18,,,
108,서울,2016-09-19,,,
108,서울,2016-09-20,,,
108,서울,2016-09-21,,,
108,서울,2016-09-22,,,
108,서울,2016-09-23,,,
108,서울,2016-09-24,,,
108,서울,2016-09-25,,,
108,서울,2016-09-26,,,
108,서울,2016-09-27,13.5,4,1341
108,서울,2016-09-28,0.5,0.5,001
108,서울,2016-09-29,,,
108,서울,2016-09-30,,,
108,서울,2016-10-01,,,
108,서울,2016-10-02,18.5,6.5,1700
108,서울,2016-10-03,6.5,2,558
108,서울,2016-10-04,,,
108,서울,2016-10-05,,,
108,서울,2016-10-06,,,
108,서울,2016-10-07,2,1,2258
108,서울,2016-10-08,6,2.5,006
108,서울,2016-10-09,,,
108,서울,2016-10-10,,,
108,서울,2016-10-11,,,
108,서울,2016-10-12,,,
108,서울,2016-10-13,,,
108,서울,2016-10-14,,,
108,서울,2016-10-15,,,
108,서울,2016-10-16,1.5,0.5,1359
108,서울,2016-10-17,,,
108,서울,2016-10-18,,,
108,서울,2016-10-19,,,
108,서울,2016-10-20,,,
108,서울,2016-10-21,,,
108,서울,2016-10-22,,,
108,서울,2016-10-23,2.5,1.5,1503
108,서울,2016-10-24,,,
108,서울,2016-10-25,37,10,715
108,서울,2016-10-26,0,0,
108,서울,2016-10-27,,,
108,서울,2016-10-28,0.3,0.2,
108,서울,2016-10-29,,,
108,서울,2016-10-30,,,
108,서울,2016-10-31,0.5,0.3,646
108,서울,2016-11-01,,,
108,서울,2016-11-02,0.1,,
108,서울,2016-11-03,0.2,,
108,서울,2016-11-04,0,,
108,서울,2016-11-05,0,,
108,서울,2016-11-06,,,
108,서울,2016-11-07,5.5,,
108,서울,2016-11-08,0.5,,
108,서울,2016-11-09,,,
108,서울,2016-11-10,0.4,,
108,서울,2016-11-11,4,,
108,서울,2016-11-12,,,
108,서울,2016-11-13,0.5,,
108,서울,2016-11-14,1.5,,
108,서울,2016-11-15,,,
108,서울,2016-11-16,,,
108,서울,2016-11-17,,,
108,서울,2016-11-18,0,,
108,서울,2016-11-19,0,,
108,서울,2016-11-20,,,
108,서울,2016-11-21,,,
108,서울,2016-11-22,0.2,,
108,서울,2016-11-23,,,
108,서울,2016-11-24,,,
108,서울,2016-11-25,,,
108,서울,2016-11-26,2.8,,
108,서울,2016-11-27,0,,
108,서울,2016-11-28,,,
108,서울,2016-11-29,,,
108,서울,2016-11-30,1,,
108,서울,2016-12-01,,,
108,서울,2016-12-02,,,
108,서울,2016-12-03,,,
108,서울,2016-12-04,,,
108,서울,2016-12-05,1.5,,
108,서울,2016-12-06,,,
108,서울,2016-12-07,0,,
108,서울,2016-12-08,3,,
108,서울,2016-12-09,3,,
108,서울,2016-12-10,,,
108,서울,2016-12-11,,,
108,서울,2016-12-12,,,
108,서울,2016-12-13,,,
108,서울,2016-12-14,0.1,,
108,서울,2016-12-15,,,
108,서울,2016-12-16,,,
108,서울,2016-12-17,0,,
108,서울,2016-12-18,,,
108,서울,2016-12-19,0.1,,
108,서울,2016-12-20,,,
108,서울,2016-12-21,29,,
108,서울,2016-12-22,23.5,,
108,서울,2016-12-23,0.1,,
108,서울,2016-12-24,,,
108,서울,2016-12-25,,,
108,서울,2016-12-26,0,,
108,서울,2016-12-27,0.5,,
108,서울,2016-12-28,,,
108,서울,2016-12-29,0.3,,
108,서울,2016-12-30,,,
108,서울,2016-12-31,0,,
108,서울,2017-01-01,,,
108,서울,2017-01-02,0.3,,
108,서울,2017-01-03,,,
108,서울,2017-01-04,,,
108,서울,2017-01-05,,,
108,서울,2017-01-06,,,
108,서울,2017-01-07,,,
108,서울,2017-01-08,0,,
108,서울,2017-01-09,0,,
108,서울,2017-01-10,,,
108,서울,2017-01-11,,,
108,서울,2017-01-12,0,,
108,서울,2017-01-13,0.6,,
108,서울,2017-01-14,,,
108,서울,2017-01-15,,,
108,서울,2017-01-16,,,
108,서울,2017-01-17,,,
108,서울,2017-01-18,0,,
108,서울,2017-01-19,,,
108,서울,2017-01-20,4,,
108,서울,2017-01-21,2.1,,
108,서울,2017-01-22,0,,
108,서울,2017-01-23,,,
108,서울,2017-01-24,,,
108,서울,2017-01-25,,,
108,서울,2017-01-26,0.3,,
108,서울,2017-01-27,3,,
108,서울,2017-01-28,,,
108,서울,2017-01-29,4.5,,
108,서울,2017-01-30,0.1,,
108,서울,2017-01-31,,,
108,서울,2017-02-01,,,
108,서울,2017-02-02,,,
108,서울,2017-02-03,,,
108,서울,2017-02-04,,,
108,서울,2017-02-05,0.5,,
108,서울,2017-02-06,,,
108,서울,2017-02-07,,,
108,서울,2017-02-08,,,
108,서울,2017-02-09,,,
108,서울,2017-02-10,,,
108,서울,2017-02-11,,,
108,서울,2017-02-12,,,
108,서울,2017-02-13,,,
108,서울,2017-02-14,,,
108,서울,2017-02-15,,,
108,서울,2017-02-16,0,,
108,서울,2017-02-17,4,,
108,서울,2017-02-18,,,
108,서울,2017-02-19,1,,
108,서울,2017-02-20,0.5,,
108,서울,2017-02-21,,,
108,서울,2017-02-22,5.1,,
108,서울,2017-02-23,,,
108,서울,2017-02-24,,,
108,서울,2017-02-25,,,
108,서울,2017-02-26,,,
108,서울,2017-02-27,,,
108,서울,2017-02-28,,,
108,서울,2017-03-01,5,,
108,서울,2017-03-02,0.5,,
108,서울,2017-03-03,,,
108,서울,2017-03-04,,,
108,서울,2017-03-05,0.5,,
108,서울,2017-03-06,,,
108,서울,2017-03-07,0,,
108,서울,2017-03-08,0,,
108,서울,2017-03-09,,,
108,서울,2017-03-10,,,
108,서울,2017-03-11,,,
108,서울,2017-03-12,0,,
108,서울,2017-03-13,,,
108,서울,2017-03-14,,,
108,서울,2017-03-15,,,
108,서울,2017-03-16,,,
108,서울,2017-03-17,,,
108,서울,2017-03-18,,,
108,서울,2017-03-19,,,
108,서울,2017-03-20,,,
108,서울,2017-03-21,,,
108,서울,2017-03-22,,,
108,서울,2017-03-23,,,
108,서울,2017-03-24,,,
108,서울,2017-03-25,,,
108,서울,2017-03-26,,,
108,서울,2017-03-27,0.4,,
108,서울,2017-03-28,,,
108,서울,2017-03-29,,,
108,서울,2017-03-30,,,
108,서울,2017-03-31,1.5,,
108,서울,2017-04-01,1,1,1530
108,서울,2017-04-02,,,
108,서울,2017-04-03,,,
108,서울,2017-04-04,,,
108,서울,2017-04-05,37.5,8.5,2231
108,서울,2017-04-06,3,2,001
108,서울,2017-04-07,,,
108,서울,2017-04-08,0.5,0.5,2238
108,서울,2017-04-09,0.5,0.5,008
108,서울,2017-04-10,,,
108,서울,2017-04-11,,,
108,서울,2017-04-12,,,
108,서울,2017-04-13,0,0,
108,서울,2017-04-14,6,5.5,1228
108,서울,2017-04-15,,,
108,서울,2017-04-16,,,
108,서울,2017-04-17,5.5,2.5,1304
108,서울,2017-04-18,7.5,3,1205
108,서울,2017-04-19,,,
108,서울,2017-04-20,0.1,0.1,
108,서울,2017-04-21,,,
108,서울,2017-04-22,,,
108,서울,2017-04-23,,,
108,서울,2017-04-24,,,
108,서울,2017-04-25,,,
108,서울,2017-04-26,,,
108,서울,2017-04-27,,,
108,서울,2017-04-28,,,
108,서울,2017-04-29,,,
108,서울,2017-04-30,,,
108,서울,2017-05-01,,,
108,서울,2017-05-02,,,
108,서울,2017-05-03,,,
108,서울,2017-05-04,,,
108,서울,2017-05-05,,,
108,서울,2017-05-06,,,
108,서울,2017-05-07,,,
108,서울,2017-05-08,,,
108,서울,2017-05-09,2.5,1.5,1614
108,서울,2017-05-10,2.5,1,346
108,서울,2017-05-11,0,0,
108,서울,2017-05-12,,,
108,서울,2017-05-13,6,6,1414
108,서울,2017-05-14,,,
108,서울,2017-05-15,0,0,
108,서울,2017-05-16,,,
108,서울,2017-05-17,,,
108,서울,2017-05-18,,,
108,서울,2017-05-19,,,
108,서울,2017-05-20,,,
108,서울,2017-05-21,,,
108,서울,2017-05-22,,,
108,서울,2017-05-23,5,4,1837
108,서울,2017-05-24,0.1,0.1,
108,서울,2017-05-25,,,
108,서울,2017-05-26,,,
108,서울,2017-05-27,,,
108,서울,2017-05-28,,,
108,서울,2017-05-29,,,
108,서울,2017-05-30,,,
108,서울,2017-05-31,,,
108,서울,2017-06-01,,,
108,서울,2017-06-02,0,0,
108,서울,2017-06-03,,,
108,서울,2017-06-04,,,
108,서울,2017-06-05,0,0,
108,서울,2017-06-06,15.5,8.5,2010
108,서울,2017-06-07,12.5,4,VALUE
108,서울,2017-06-08,,,
108,서울,2017-06-09,0.1,0.1,
108,서울,2017-06-10,4.5,4,513
108,서울,2017-06-11,,,
108,서울,2017-06-12,,,
108,서울,2017-06-13,0,0,
108,서울,2017-06-14,,,
108,서울,2017-06-15,,,
108,서울,2017-06-16,,,
108,서울,2017-06-17,,,
108,서울,2017-06-18,,,
108,서울,2017-06-19,,,
108,서울,2017-06-20,0,0,
108,서울,2017-06-21,0,0,
108,서울,2017-06-22,,,
108,서울,2017-06-23,,,
108,서울,2017-06-24,3.5,2.5,2245
108,서울,2017-06-25,1.5,0.9,1555
108,서울,2017-06-26,29,17,815
108,서울,2017-06-27,0,0,
108,서울,2017-06-28,,,
108,서울,2017-06-29,,,
108,서울,2017-06-30,,,
108,서울,2017-07-01,0.5,0.5,1859
108,서울,2017-07-02,92,43,2247
108,서울,2017-07-03,67.5,53,005
108,서울,2017-07-04,0.5,0.5,305
108,서울,2017-07-05,,,
108,서울,2017-07-06,34,25,1750
108,서울,2017-07-07,16.5,9,1900
108,서울,2017-07-08,4.5,1.5,535
108,서울,2017-07-09,32.5,8,210
108,서울,2017-07-10,144.5,32,1935
108,서울,2017-07-11,1,1,001
108,서울,2017-07-12,0,0,
108,서울,2017-07-13,,,
108,서울,2017-07-14,0,0,
108,서울,2017-07-15,42.5,17.5,416
108,서울,2017-07-16,22.5,12.5,411
108,서울,2017-07-17,7.5,6.5,1335
108,서울,2017-07-18,2.5,1,447
108,서울,2017-07-19,,,
108,서울,2017-07-20,,,
108,서울,2017-07-21,,,
108,서울,2017-07-22,0.5,0.4,541
108,서울,2017-07-23,133.5,48,1041
108,서울,2017-07-24,3,2,1204
108,서울,2017-07-25,,,
108,서울,2017-07-26,,,
108,서울,2017-07-27,3.5,3.5,2309
108,서울,2017-07-28,8.5,2,428
108,서울,2017-07-29,0,0,
108,서울,2017-07-30,,,
108,서울,2017-07-31,3.5,2,856
108,서울,2017-08-01,2,1.5,135
108,서울,2017-08-02,,,
108,서울,2017-08-03,,,
108,서울,2017-08-04,,,
108,서울,2017-08-05,0,0,
108,서울,2017-08-06,5,5,1025
108,서울,2017-08-07,,,
108,서울,2017-08-08,,,
108,서울,2017-08-09,2.5,2,2248
108,서울,2017-08-10,5.5,1.5,027
108,서울,2017-08-11,0.5,0.5,650
108,서울,2017-08-12,,,
108,서울,2017-08-13,0,0,
108,서울,2017-08-14,1.5,1,1820
108,서울,2017-08-15,93.5,35.5,1022
108,서울,2017-08-16,2,1.5,2145
108,서울,2017-08-17,0.5,0.5,
108,서울,2017-08-18,0,0,
108,서울,2017-08-19,0,0,
108,서울,2017-08-20,124.5,32.5,2117
108,서울,2017-08-21,5,2.5,1350
108,서울,2017-08-22,,,
108,서울,2017-08-23,31.5,16.5,849
108,서울,2017-08-24,14,6.5,1255
108,서울,2017-08-25,,,
108,서울,2017-08-26,,,
108,서울,2017-08-27,0,0,
108,서울,2017-08-28,9,5.5,1706
108,서울,2017-08-29,,,
108,서울,2017-08-30,,,
108,서울,2017-08-31,,,
108,서울,2017-09-01,,,
108,서울,2017-09-02,,,
108,서울,2017-09-03,,,
108,서울,2017-09-04,,,
108,서울,2017-09-05,0,0,
108,서울,2017-09-06,2,1,1423
108,서울,2017-09-07,,,
108,서울,2017-09-08,,,
108,서울,2017-09-09,,,
108,서울,2017-09-10,0.5,0.4,2249
108,서울,2017-09-11,24,9,153
108,서울,2017-09-12,,,
108,서울,2017-09-13,,,
108,서울,2017-09-14,,,
108,서울,2017-09-15,,,
108,서울,2017-09-16,,,
108,서울,2017-09-17,,,
108,서울,2017-09-18,,,
108,서울,2017-09-19,8,8,2009
108,서울,2017-09-20,,,
108,서울,2017-09-21,,,
108,서울,2017-09-22,,,
108,서울,2017-09-23,0,0,
108,서울,2017-09-24,0,0,
108,서울,2017-09-25,,,
108,서울,2017-09-26,0,0,
108,서울,2017-09-27,0.5,0.5,153
108,서울,2017-09-28,,,
108,서울,2017-09-29,,,
108,서울,2017-09-30,,,
108,서울,2017-10-01,4,1.1,1300
108,서울,2017-10-02,1.5,1,009
108,서울,2017-10-03,,,
108,서울,2017-10-04,,,
108,서울,2017-10-05,,,
108,서울,2017-10-06,0.5,0.5,2232
108,서울,2017-10-07,0,0,
108,서울,2017-10-08,,,
108,서울,2017-10-09,0,0,
108,서울,2017-10-10,0.4,0.3,2305
108,서울,2017-10-11,20,6,038
108,서울,2017-10-12,,,
108,서울,2017-10-13,,,
108,서울,2017-10-14,,,
108,서울,2017-10-15,,,
108,서울,2017-10-16,,,
108,서울,2017-10-17,,,
108,서울,2017-10-18,0.1,0.1,
108,서울,2017-10-19,,,
108,서울,2017-10-20,,,
108,서울,2017-10-21,,,
108,서울,2017-10-22,,,
108,서울,2017-10-23,,,
108,서울,2017-10-24,,,
108,서울,2017-10-25,,,
108,서울,2017-10-26,,,
108,서울,2017-10-27,,,
108,서울,2017-10-28,,,
108,서울,2017-10-29,,,
108,서울,2017-10-30,,,
108,서울,2017-10-31,,,
108,서울,2017-11-01,,,
108,서울,2017-11-02,1,,
108,서울,2017-11-03,1.5,,
108,서울,2017-11-04,,,
108,서울,2017-11-05,,,
108,서울,2017-11-06,,,
108,서울,2017-11-07,0,,
108,서울,2017-11-08,0,,
108,서울,2017-11-09,,,
108,서울,2017-11-10,7.5,,
108,서울,2017-11-11,,,
108,서울,2017-11-12,,,
108,서울,2017-11-13,4.5,,
108,서울,2017-11-14,,,
108,서울,2017-11-15,,,
108,서울,2017-11-16,,,
108,서울,2017-11-17,0,,
108,서울,2017-11-18,,,
108,서울,2017-11-19,,,
108,서울,2017-11-20,0,,
108,서울,2017-11-21,,,
108,서울,2017-11-22,0.5,,
108,서울,2017-11-23,1.2,,
108,서울,2017-11-24,0,,
108,서울,2017-11-25,24,,
108,서울,2017-11-26,,,
108,서울,2017-11-27,,,
108,서울,2017-11-28,0.5,,
108,서울,2017-11-29,0,,
108,서울,2017-11-30,,,
108,서울,2017-12-01,0,,
108,서울,2017-12-02,,,
108,서울,2017-12-03,4,,
108,서울,2017-12-04,0.1,,
108,서울,2017-12-05,0.1,,
108,서울,2017-12-06,1.2,,
108,서울,2017-12-07,,,
108,서울,2017-12-08,,,
108,서울,2017-12-09,,,
108,서울,2017-12-10,4.1,,
108,서울,2017-12-11,,,
108,서울,2017-12-12,,,
108,서울,2017-12-13,,,
108,서울,2017-12-14,,,
108,서울,2017-12-15,0,,
108,서울,2017-12-16,,,
108,서울,2017-12-17,,,
108,서울,2017-12-18,3.4,,
108,서울,2017-12-19,,,
108,서울,2017-12-20,0.2,,
108,서울,2017-12-21,,,
108,서울,2017-12-22,,,
108,서울,2017-12-23,,,
108,서울,2017-12-24,20,,
108,서울,2017-12-25,,,
108,서울,2017-12-26,,,
108,서울,2017-12-27,,,
108,서울,2017-12-28,0,,
108,서울,2017-12-29,0,,
108,서울,2017-12-30,0.7,,
108,서울,2017-12-31,1,,
108,서울,2018-01-01,,,
108,서울,2018-01-02,,,
108,서울,2018-01-03,,,
108,서울,2018-01-04,,,
108,서울,2018-01-05,,,
108,서울,2018-01-06,,,
108,서울,2018-01-07,,,
108,서울,2018-01-08,0.9,,
108,서울,2018-01-09,0.5,,
108,서울,2018-01-10,0.3,,
108,서울,2018-01-11,,,
108,서울,2018-01-12,0,,
108,서울,2018-01-13,0.4,,
108,서울,2018-01-14,,,
108,서울,2018-01-15,0.2,,
108,서울,2018-01-16,0,,
108,서울,2018-01-17,,,
108,서울,2018-01-18,0,,
108,서울,2018-01-19,,,
108,서울,2018-01-20,,,
108,서울,2018-01-21,,,
108,서울,2018-01-22,3.3,,
108,서울,2018-01-23,,,
108,서울,2018-01-24,,,
108,서울,2018-01-25,,,
108,서울,2018-01-26,,,
108,서울,2018-01-27,,,
108,서울,2018-01-28,,,
108,서울,2018-01-29,,,
108,서울,2018-01-30,2.9,,
108,서울,2018-01-31,0,,
108,서울,2018-02-01,,,
108,서울,2018-02-02,,,
108,서울,2018-02-03,0.5,,
108,서울,2018-02-04,,,
108,서울,2018-02-05,,,
108,서울,2018-02-06,,,
108,서울,2018-02-07,,,
108,서울,2018-02-08,,,
108,서울,2018-02-09,,,
108,서울,2018-02-10,,,
108,서울,2018-02-11,0,,
108,서울,2018-02-12,0,,
108,서울,2018-02-13,,,
108,서울,2018-02-14,,,
108,서울,2018-02-15,,,
108,서울,2018-02-16,,,
108,서울,2018-02-17,,,
108,서울,2018-02-18,,,
108,서울,2018-02-19,,,
108,서울,2018-02-20,,,
108,서울,2018-02-21,,,
108,서울,2018-02-22,0.4,,
108,서울,2018-02-23,3.7,,
108,서울,2018-02-24,,,
108,서울,2018-02-25,,,
108,서울,2018-02-26,,,
108,서울,2018-02-27,,,
108,서울,2018-02-28,25,,
108,서울,2018-03-01,0.5,,
108,서울,2018-03-02,,,
108,서울,2018-03-03,0,,
108,서울,2018-03-04,11.5,,
108,서울,2018-03-05,3.5,,
108,서울,2018-03-06,,,
108,서울,2018-03-07,0.5,,
108,서울,2018-03-08,4,,
108,서울,2018-03-09,,,
108,서울,2018-03-10,,,
108,서울,2018-03-11,,,
108,서울,2018-03-12,,,
108,서울,2018-03-13,,,
108,서울,2018-03-14,,,
108,서울,2018-03-15,27,,
108,서울,2018-03-16,,,
108,서울,2018-03-17,,,
108,서울,2018-03-18,0.5,,
108,서울,2018-03-19,1,,
108,서울,2018-03-20,,,
108,서울,2018-03-21,1,,
108,서울,2018-03-22,,,
108,서울,2018-03-23,,,
108,서울,2018-03-24,,,
108,서울,2018-03-25,,,
108,서울,2018-03-26,,,
108,서울,2018-03-27,,,
108,서울,2018-03-28,,,
108,서울,2018-03-29,,,
108,서울,2018-03-30,,,
108,서울,2018-03-31,,,
108,서울,2018-04-01,,,
108,서울,2018-04-02,,,
108,서울,2018-04-03,0.1,0.1,
108,서울,2018-04-04,18.5,8,148
108,서울,2018-04-05,10.5,3,636
108,서울,2018-04-06,6.5,2.5,140
108,서울,2018-04-07,0.2,0.2,
108,서울,2018-04-08,3,2.5,1711
108,서울,2018-04-09,,,
108,서울,2018-04-10,5,4.5,2126
108,서울,2018-04-11,,,
108,서울,2018-04-12,,,
108,서울,2018-04-13,,,
108,서울,2018-04-14,9,2.5,552
108,서울,2018-04-15,,,
108,서울,2018-04-16,,,
108,서울,2018-04-17,,,
108,서울,2018-04-18,,,
108,서울,2018-04-19,,,
108,서울,2018-04-20,,,
108,서울,2018-04-21,,,
108,서울,2018-04-22,15.5,4.5,2055
108,서울,2018-04-23,59,8.5,802
108,서울,2018-04-24,3,2.9,202
108,서울,2018-04-25,,,
108,서울,2018-04-26,,,
108,서울,2018-04-27,,,
108,서울,2018-04-28,,,
108,서울,2018-04-29,,,
108,서울,2018-04-30,,,
108,서울,2018-05-01,0,0,
108,서울,2018-05-02,12,6.5,1126
108,서울,2018-05-03,1,0.9,1322
108,서울,2018-05-04,,,
108,서울,2018-05-05,,,
108,서울,2018-05-06,22,4,954
108,서울,2018-05-07,,,
108,서울,2018-05-08,,,
108,서울,2018-05-09,,,
108,서울,2018-05-10,,,
108,서울,2018-05-11,,,
108,서울,2018-05-12,32,4,912
108,서울,2018-05-13,0.5,0.2,
108,서울,2018-05-14,,,
108,서울,2018-05-15,0,0,
108,서울,2018-05-16,45,35,1154
108,서울,2018-05-17,83,19.5,248
108,서울,2018-05-18,6.5,2,126
108,서울,2018-05-19,,,
108,서울,2018-05-20,,,
108,서울,2018-05-21,,,
108,서울,2018-05-22,12.5,4,2249
108,서울,2018-05-23,6.5,3.5,039
108,서울,2018-05-24,,,
108,서울,2018-05-25,,,
108,서울,2018-05-26,,,
108,서울,2018-05-27,,,
108,서울,2018-05-28,,,
108,서울,2018-05-29,1,1,1855
108,서울,2018-05-30,0,0,
108,서울,2018-05-31,,,
108,서울,2018-06-01,,,
108,서울,2018-06-02,,,
108,서울,2018-06-03,,,
108,서울,2018-06-04,,,
108,서울,2018-06-05,,,
108,서울,2018-06-06,,,
108,서울,2018-06-07,,,
108,서울,2018-06-08,,,
108,서울,2018-06-09,0.5,0.5,1919
108,서울,2018-06-10,0.5,0.5,VALUE
108,서울,2018-06-11,5,4.5,2220
108,서울,2018-06-12,0,0,
108,서울,2018-06-13,0,0,
108,서울,2018-06-14,29,19.5,628
108,서울,2018-06-15,16.5,11.5,244
108,서울,2018-06-16,,,
108,서울,2018-06-17,,,
108,서울,2018-06-18,,,
108,서울,2018-06-19,,,
108,서울,2018-06-20,,,
108,서울,2018-06-21,,,
108,서울,2018-06-22,,,
108,서울,2018-06-23,,,
108,서울,2018-06-24,,,
108,서울,2018-06-25,,,
108,서울,2018-06-26,71.5,18.5,949
108,서울,2018-06-27,1,0.5,046
108,서울,2018-06-28,26.5,22.5,1700
108,서울,2018-06-29,6.5,4.5,453
108,서울,2018-06-30,14.5,9.9,1125
108,서울,2018-07-01,83.5,20.5,1016
108,서울,2018-07-02,59.5,25,1844
108,서울,2018-07-03,0.1,0.1,
108,서울,2018-07-04,,,
108,서울,2018-07-05,0.5,0.5,545
108,서울,2018-07-06,,,
108,서울,2018-07-07,,,
108,서울,2018-07-08,,,
108,서울,2018-07-09,14,9.5,2330
108,서울,2018-07-10,16.5,9.5,043
108,서울,2018-07-11,3,1,409
108,서울,2018-07-12,1,0.5,343
108,서울,2018-07-13,,,
108,서울,2018-07-14,0,0,
108,서울,2018-07-15,,,
108,서울,2018-07-16,,,
108,서울,2018-07-17,,,
108,서울,2018-07-18,,,
108,서울,2018-07-19,,,
108,서울,2018-07-20,,,
108,서울,2018-07-21,,,
108,서울,2018-07-22,,,
108,서울,2018-07-23,,,
108,서울,2018-07-24,,,
108,서울,2018-07-25,,,
108,서울,2018-07-26,,,
108,서울,2018-07-27,,,
108,서울,2018-07-28,7.5,7.5,1355
108,서울,2018-07-29,,,
108,서울,2018-07-30,,,
108,서울,2018-07-31,,,
108,서울,2018-08-01,,,
108,서울,2018-08-02,,,
108,서울,2018-08-03,,,
108,서울,2018-08-04,,,
108,서울,2018-08-05,2,2,643
108,서울,2018-08-06,6.5,4.5,726
108,서울,2018-08-07,,,
108,서울,2018-08-08,,,
108,서울,2018-08-09,2,1.5,1617
108,서울,2018-08-10,,,
108,서울,2018-08-11,,,
108,서울,2018-08-12,5,5,1823
108,서울,2018-08-13,1,1,VALUE
108,서울,2018-08-14,,,
108,서울,2018-08-15,1,1,1745
108,서울,2018-08-16,,,
108,서울,2018-08-17,,,
108,서울,2018-08-18,,,
108,서울,2018-08-19,,,
108,서울,2018-08-20,0,0,
108,서울,2018-08-21,5,3,535
108,서울,2018-08-22,,,
108,서울,2018-08-23,3,1.6,2026
108,서울,2018-08-24,7.5,1.5,148
108,서울,2018-08-25,,,
108,서울,2018-08-26,2,1.3,2115
108,서울,2018-08-27,19.5,4,234
108,서울,2018-08-28,96.5,43.5,1940
108,서울,2018-08-29,42,21.5,1903
108,서울,2018-08-30,9.5,7.5,137
108,서울,2018-08-31,0.1,0.1,
108,서울,2018-09-01,,,
108,서울,2018-09-02,,,
108,서울,2018-09-03,34.5,20,1626
108,서울,2018-09-04,,,
108,서울,2018-09-05,,,
108,서울,2018-09-06,1,1,2305
108,서울,2018-09-07,0.5,0.5,105
108,서울,2018-09-08,,,
108,서울,2018-09-09,,,
108,서울,2018-09-10,,,
108,서울,2018-09-11,,,
108,서울,2018-09-12,,,
108,서울,2018-09-13,,,
108,서울,2018-09-14,0.5,0.5,2150
108,서울,2018-09-15,0.2,0.1,
108,서울,2018-09-16,2,1,1536
108,서울,2018-09-17,0.1,0.1,
108,서울,2018-09-18,,,
108,서울,2018-09-19,0.2,0.1,
108,서울,2018-09-20,5,2,545
108,서울,2018-09-21,18,6.5,613
108,서울,2018-09-22,6.5,6.5,355
108,서울,2018-09-23,0,0,
108,서울,2018-09-24,,,
108,서울,2018-09-25,,,
108,서울,2018-09-26,,,
108,서울,2018-09-27,,,
108,서울,2018-09-28,,,
108,서울,2018-09-29,,,
108,서울,2018-09-30,,,
108,서울,2018-10-01,0,0,
108,서울,2018-10-02,,,
108,서울,2018-10-03,,,
108,서울,2018-10-04,,,
108,서울,2018-10-05,36.5,8,1434
108,서울,2018-10-06,55.5,10.5,625
108,서울,2018-10-07,,,
108,서울,2018-10-08,,,
108,서울,2018-10-09,0,0,
108,서울,2018-10-10,7,5.5,111
108,서울,2018-10-11,,,
108,서울,2018-10-12,,,
108,서울,2018-10-13,,,
108,서울,2018-10-14,,,
108,서울,2018-10-15,,,
108,서울,2018-10-16,,,
108,서울,2018-10-17,,,
108,서울,2018-10-18,,,
108,서울,2018-10-19,,,
108,서울,2018-10-20,,,
108,서울,2018-10-21,,,
108,서울,2018-10-22,,,
108,서울,2018-10-23,5,5,1055
108,서울,2018-10-24,,,
108,서울,2018-10-25,,,
108,서울,2018-10-26,11,6,1304
108,서울,2018-10-27,,,
108,서울,2018-10-28,5.5,2.5,726
108,서울,2018-10-29,0,0,
108,서울,2018-10-30,0,,
108,서울,2018-10-31,0,0,
108,서울,2018-11-01,,,
108,서울,2018-11-02,,,
108,서울,2018-11-03,,,
108,서울,2018-11-04,,,
108,서울,2018-11-05,,,
108,서울,2018-11-06,,,
108,서울,2018-11-07,2,,
108,서울,2018-11-08,64,,
108,서울,2018-11-09,1,,
108,서울,2018-11-10,0,,
108,서울,2018-11-11,0,,
108,서울,2018-11-12,,,
108,서울,2018-11-13,,,
108,서울,2018-11-14,,,
108,서울,2018-11-15,,,
108,서울,2018-11-16,,,
108,서울,2018-11-17,,,
108,서울,2018-11-18,,,
108,서울,2018-11-19,,,
108,서울,2018-11-20,0.2,,
108,서울,2018-11-21,1,,
108,서울,2018-11-22,,,
108,서울,2018-11-23,,,
108,서울,2018-11-24,10.9,,
108,서울,2018-11-25,,,
108,서울,2018-11-26,,,
108,서울,2018-11-27,,,
108,서울,2018-11-28,,,
108,서울,2018-11-29,0,,
108,서울,2018-11-30,,,
108,서울,2018-12-01,,,
108,서울,2018-12-02,,,
108,서울,2018-12-03,9.5,,
108,서울,2018-12-04,5,,
108,서울,2018-12-05,,,
108,서울,2018-12-06,0,,
108,서울,2018-12-07,,,
108,서울,2018-12-08,,,
108,서울,2018-12-09,,,
108,서울,2018-12-10,,,
108,서울,2018-12-11,,,
108,서울,2018-12-12,,,
108,서울,2018-12-13,1.3,,
108,서울,2018-12-14,,,
108,서울,2018-12-15,,,
108,서울,2018-12-16,0.3,,
108,서울,2018-12-17,0.3,,
108,서울,2018-12-18,,,
108,서울,2018-12-19,,,
108,서울,2018-12-20,,,
108,서울,2018-12-21,,,
108,서울,2018-12-22,,,
108,서울,2018-12-23,,,
108,서울,2018-12-24,,,
108,서울,2018-12-25,,,
108,서울,2018-12-26,,,
108,서울,2018-12-27,,,
108,서울,2018-12-28,,,
108,서울,2018-12-29,,,
108,서울,2018-12-30,,,
108,서울,2018-12-31,,,
108,서울,2019-01-01,,,
108,서울,2019-01-02,,,
108,서울,2019-01-03,,,
108,서울,2019-01-04,,,
108,서울,2019-01-05,,,
108,서울,2019-01-06,,,
108,서울,2019-01-07,,,
108,서울,2019-01-08,,,
108,서울,2019-01-09,,,
108,서울,2019-01-10,,,
108,서울,2019-01-11,,,
108,서울,2019-01-12,,,
108,서울,2019-01-13,,,
108,서울,2019-01-14,,,
108,서울,2019-01-15,0,,
108,서울,2019-01-16,0,,
108,서울,2019-01-17,0,,
108,서울,2019-01-18,,,
108,서울,2019-01-19,,,
108,서울,2019-01-20,,,
108,서울,2019-01-21,0,,
108,서울,2019-01-22,,,
108,서울,2019-01-23,,,
108,서울,2019-01-24,,,
108,서울,2019-01-25,,,
108,서울,2019-01-26,,,
108,서울,2019-01-27,,,
108,서울,2019-01-28,0,,
108,서울,2019-01-29,,,
108,서울,2019-01-30,,,
108,서울,2019-01-31,,,
108,서울,2019-02-01,0.3,,
108,서울,2019-02-02,0,,
108,서울,2019-02-03,16,,
108,서울,2019-02-04,,,
108,서울,2019-02-05,,,
108,서울,2019-02-06,,,
108,서울,2019-02-07,0.5,,
108,서울,2019-02-08,,,
108,서울,2019-02-09,,,
108,서울,2019-02-10,,,
108,서울,2019-02-11,,,
108,서울,2019-02-12,0,,
108,서울,2019-02-13,,,
108,서울,2019-02-14,,,
108,서울,2019-02-15,2.2,,
108,서울,2019-02-16,0.2,,
108,서울,2019-02-17,,,
108,서울,2019-02-18,,,
108,서울,2019-02-19,4.6,,
108,서울,2019-02-20,0,,
108,서울,2019-02-21,,,
108,서울,2019-02-22,,,
108,서울,2019-02-23,,,
108,서울,2019-02-24,,,
108,서울,2019-02-25,,,
108,서울,2019-02-26,,,
108,서울,2019-02-27,,,
108,서울,2019-02-28,,,
108,서울,2019-03-01,,,
108,서울,2019-03-02,,,
108,서울,2019-03-03,,,
108,서울,2019-03-04,,,
108,서울,2019-03-05,,,
108,서울,2019-03-06,,,
108,서울,2019-03-07,,,
108,서울,2019-03-08,,,
108,서울,2019-03-09,,,
108,서울,2019-03-10,,,
108,서울,2019-03-11,0,,
108,서울,2019-03-12,0,,
108,서울,2019-03-13,0,,
108,서울,2019-03-14,0,,
108,서울,2019-03-15,3.5,,
108,서울,2019-03-16,,,
108,서울,2019-03-17,,,
108,서울,2019-03-18,,,
108,서울,2019-03-19,,,
108,서울,2019-03-20,16.5,,
108,서울,2019-03-21,3.3,,
108,서울,2019-03-22,,,
108,서울,2019-03-23,1.7,,
108,서울,2019-03-24,,,
108,서울,2019-03-25,,,
108,서울,2019-03-26,,,
108,서울,2019-03-27,,,
108,서울,2019-03-28,,,
108,서울,2019-03-29,,,
108,서울,2019-03-30,1.8,,
108,서울,2019-03-31,0,,
108,서울,2019-04-01,,,
108,서울,2019-04-02,,,
108,서울,2019-04-03,,,
108,서울,2019-04-04,,,
108,서울,2019-04-05,0,0,
108,서울,2019-04-06,0.8,0.6,1530
108,서울,2019-04-07,,,
108,서울,2019-04-08,,,
108,서울,2019-04-09,17.4,3.8,1735
108,서울,2019-04-10,5.6,1.9,VALUE
108,서울,2019-04-11,,,
108,서울,2019-04-12,,,
108,서울,2019-04-13,,,
108,서울,2019-04-14,1.7,1.3,945
108,서울,2019-04-15,,,
108,서울,2019-04-16,,,
108,서울,2019-04-17,,,
108,서울,2019-04-18,0,0,
108,서울,2019-04-19,,,
108,서울,2019-04-20,1.2,0.7,2243
108,서울,2019-04-21,0.3,0.2,
108,서울,2019-04-22,,,
108,서울,2019-04-23,0,0,
108,서울,2019-04-24,4.1,1.9,211
108,서울,2019-04-25,11.3,2.7,2045
108,서울,2019-04-26,4.9,1.9,310
108,서울,2019-04-27,,,
108,서울,2019-04-28,0,0,
108,서울,2019-04-29,,,
108,서울,2019-04-30,,,
108,서울,2019-05-01,,,
108,서울,2019-05-02,,,
108,서울,2019-05-03,,,
108,서울,2019-05-04,,,
108,서울,2019-05-05,,,
108,서울,2019-05-06,0,0,
108,서울,2019-05-07,,,
108,서울,2019-05-08,,,
108,서울,2019-05-09,,,
108,서울,2019-05-10,,,
108,서울,2019-05-11,,,
108,서울,2019-05-12,,,
108,서울,2019-05-13,0,0,
108,서울,2019-05-14,,,
108,서울,2019-05-15,,,
108,서울,2019-05-16,,,
108,서울,2019-05-17,,,
108,서울,2019-05-18,0,0,
108,서울,2019-05-19,22,4.2,1656
108,서울,2019-05-20,8.7,6.1,140
108,서울,2019-05-21,,,
108,서울,2019-05-22,,,
108,서울,2019-05-23,,,
108,서울,2019-05-24,,,
108,서울,2019-05-25,,,
108,서울,2019-05-26,,,
108,서울,2019-05-27,7.1,1.7,751
108,서울,2019-05-28,,,
108,서울,2019-05-29,,,
108,서울,2019-05-30,0,0,
108,서울,2019-05-31,,,
108,서울,2019-06-01,,,
108,서울,2019-06-02,,,
108,서울,2019-06-03,,,
108,서울,2019-06-04,,,
108,서울,2019-06-05,,,
108,서울,2019-06-06,7.5,3.4,1928
108,서울,2019-06-07,35.3,12.1,234
108,서울,2019-06-08,,,
108,서울,2019-06-09,2.5,1.6,2055
108,서울,2019-06-10,9.5,3.5,106
108,서울,2019-06-11,,,
108,서울,2019-06-12,,,
108,서울,2019-06-13,,,
108,서울,2019-06-14,,,
108,서울,2019-06-15,2.1,2.1,1815
108,서울,2019-06-16,,,
108,서울,2019-06-17,0,0,
108,서울,2019-06-18,13.8,7.8,559
108,서울,2019-06-19,0.2,0.2,
108,서울,2019-06-20,,,
108,서울,2019-06-21,0.2,0.2,
108,서울,2019-06-22,,,
108,서울,2019-06-23,,,
108,서울,2019-06-24,,,
108,서울,2019-06-25,,,
108,서울,2019-06-26,0,0,
108,서울,2019-06-27,1.4,1.3,033
108,서울,2019-06-28,0,0,
108,서울,2019-06-29,1.5,0.5,341
108,서울,2019-06-30,0,0,
108,서울,2019-07-01,,,
108,서울,2019-07-02,,,
108,서울,2019-07-03,,,
108,서울,2019-07-04,,,
108,서울,2019-07-05,0,0,
108,서울,2019-07-06,,,
108,서울,2019-07-07,,,
108,서울,2019-07-08,,,
108,서울,2019-07-09,,,
108,서울,2019-07-10,8.5,2.7,2019
108,서울,2019-07-11,2.9,1.6,534
108,서울,2019-07-12,,,
108,서울,2019-07-13,0,0,
108,서울,2019-07-14,,,
108,서울,2019-07-15,7.7,4.3,1614
108,서울,2019-07-16,6.3,4.4,130
108,서울,2019-07-17,0.7,0.7,1125
108,서울,2019-07-18,,,
108,서울,2019-07-19,0,0,
108,서울,2019-07-20,1.1,0.8,756
108,서울,2019-07-21,6.2,1.6,1310
108,서울,2019-07-22,0.1,0.1,
108,서울,2019-07-23,,,
108,서울,2019-07-24,1,0.6,747
108,서울,2019-07-25,9.7,5.1,1731
108,서울,2019-07-26,60,20.7,829
108,서울,2019-07-27,0.6,0.6,349
108,서울,2019-07-28,25.6,11.3,804
108,서울,2019-07-29,0.5,0.5,025
108,서울,2019-07-30,1.2,0.8,1620
108,서울,2019-07-31,62.3,26.3,724
108,서울,2019-08-01,26.9,11.3,115
108,서울,2019-08-02,,,
108,서울,2019-08-03,3,3,1540
108,서울,2019-08-04,8.6,8.3,1650
108,서울,2019-08-05,,,
108,서울,2019-08-06,,,
108,서울,2019-08-07,8,2.3,640
108,서울,2019-08-08,0,0,
108,서울,2019-08-09,,,
108,서울,2019-08-10,,,
108,서울,2019-08-11,6.7,5.7,2313
108,서울,2019-08-12,56.2,12.3,001
108,서울,2019-08-13,6.4,6.4,
108,서울,2019-08-14,,,
108,서울,2019-08-15,16.2,8.1,1237
108,서울,2019-08-16,0.1,0.1,
108,서울,2019-08-17,0,0,
108,서울,2019-08-18,,,
108,서울,2019-08-19,,,
108,서울,2019-08-20,,,
108,서울,2019-08-21,1.3,0.5,1750
108,서울,2019-08-22,,,
108,서울,2019-08-23,,,
108,서울,2019-08-24,,,
108,서울,2019-08-25,,,
108,서울,2019-08-26,,,
108,서울,2019-08-27,20,16.7,416
108,서울,2019-08-28,,,
108,서울,2019-08-29,36.9,29.4,1027
108,서울,2019-08-30,0.2,0.2,
108,서울,2019-08-31,,,
108,서울,2019-09-01,,,
108,서울,2019-09-02,,,
108,서울,2019-09-03,0,0,
108,서울,2019-09-04,22.7,6.8,1801
108,서울,2019-09-05,36.4,18.4,1345
108,서울,2019-09-06,2.4,2.1,2051
108,서울,2019-09-07,2.8,0.6,1458
108,서울,2019-09-08,0,0,
108,서울,2019-09-09,0,0,
108,서울,2019-09-10,63.2,11,443
108,서울,2019-09-11,7.6,2.6,014
108,서울,2019-09-12,3.9,1.4,1740
108,서울,2019-09-13,0.1,0.1,
108,서울,2019-09-14,0.3,0.3,1358
108,서울,2019-09-15,,,
108,서울,2019-09-16,,,
108,서울,2019-09-17,,,
108,서울,2019-09-18,,,
108,서울,2019-09-19,,,
108,서울,2019-09-20,,,
108,서울,2019-09-21,,,
108,서울,2019-09-22,0.4,0.2,
108,서울,2019-09-23,,,
108,서울,2019-09-24,,,
108,서울,2019-09-25,,,
108,서울,2019-09-26,,,
108,서울,2019-09-27,,,
108,서울,2019-09-28,,,
108,서울,2019-09-29,,,
108,서울,2019-09-30,,,
108,서울,2019-10-01,,,
108,서울,2019-10-02,23.1,4.6,330
108,서울,2019-10-03,4.6,2,011
108,서울,2019-10-04,,,
108,서울,2019-10-05,0.6,0.5,702
108,서울,2019-10-06,,,
108,서울,2019-10-07,25.4,5.6,853
108,서울,2019-10-08,,,
108,서울,2019-10-09,,,
108,서울,2019-10-10,,,
108,서울,2019-10-11,,,
108,서울,2019-10-12,,,
108,서울,2019-10-13,,,
108,서울,2019-10-14,,,
108,서울,2019-10-15,,,
108,서울,2019-10-16,,,
108,서울,2019-10-17,,,
108,서울,2019-10-18,,,
108,서울,2019-10-19,,,
108,서울,2019-10-20,,,
108,서울,2019-10-21,,,
108,서울,2019-10-22,,,
108,서울,2019-10-23,,,
108,서울,2019-10-24,,,
108,서울,2019-10-25,0,0,
108,서울,2019-10-26,,,
108,서울,2019-10-27,,,
108,서울,2019-10-28,1.7,1.1,2044
108,서울,2019-10-29,0.1,0.3,VALUE
108,서울,2019-10-30,,,
108,서울,2019-10-31,,,
108,서울,2019-11-01,,,
108,서울,2019-11-02,,,
108,서울,2019-11-03,,,
108,서울,2019-11-04,,,
108,서울,2019-11-05,,,
108,서울,2019-11-06,,,
108,서울,2019-11-07,,,
108,서울,2019-11-08,,,
108,서울,2019-11-09,,,
108,서울,2019-11-10,11.8,,
108,서울,2019-11-11,1.1,,
108,서울,2019-11-12,,,
108,서울,2019-11-13,7.5,,
108,서울,2019-11-14,,,
108,서울,2019-11-15,18.8,,
108,서울,2019-11-16,,,
108,서울,2019-11-17,21.1,,
108,서울,2019-11-18,14.7,,
108,서울,2019-11-19,0,,
108,서울,2019-11-20,,,
108,서울,2019-11-21,,,
108,서울,2019-11-22,,,
108,서울,2019-11-23,,,
108,서울,2019-11-24,3.8,,
108,서울,2019-11-25,,,
108,서울,2019-11-26,,,
108,서울,2019-11-27,,,
108,서울,2019-11-28,,,
108,서울,2019-11-29,,,
108,서울,2019-11-30,,,
108,서울,2019-12-01,3.3,,
108,서울,2019-12-02,,,
108,서울,2019-12-03,0.6,,
108,서울,2019-12-04,0,,
108,서울,2019-12-05,,,
108,서울,2019-12-06,,,
108,서울,2019-12-07,0.1,,
108,서울,2019-12-08,,,
108,서울,2019-12-09,0,,
108,서울,2019-12-10,1.7,,
108,서울,2019-12-11,0.2,,
108,서울,2019-12-12,,,
108,서울,2019-12-13,1,,
108,서울,2019-12-14,0,,
108,서울,2019-12-15,,,
108,서울,2019-12-16,,,
108,서울,2019-12-17,9.8,,
108,서울,2019-12-18,,,
108,서울,2019-12-19,0,,
108,서울,2019-12-20,0,,
108,서울,2019-12-21,0.6,,
108,서울,2019-12-22,0.3,,
108,서울,2019-12-23,2.9,,
108,서울,2019-12-24,,,
108,서울,2019-12-25,,,
108,서울,2019-12-26,0.3,,
108,서울,2019-12-27,,,
108,서울,2019-12-28,,,
108,서울,2019-12-29,1.4,,
108,서울,2019-12-30,0.4,,
108,서울,2019-12-31,0,,
108,서울,2020-01-01,0.1,,
108,서울,2020-01-02,,,
108,서울,2020-01-03,,,
108,서울,2020-01-04,,,
108,서울,2020-01-05,,,
108,서울,2020-01-06,1.8,,
108,서울,2020-01-07,46.3,,
108,서울,2020-01-08,11.6,,
108,서울,2020-01-09,,,
108,서울,2020-01-10,,,
108,서울,2020-01-11,,,
108,서울,2020-01-12,,,
108,서울,2020-01-13,,,
108,서울,2020-01-14,,,
108,서울,2020-01-15,,,
108,서울,2020-01-16,,,
108,서울,2020-01-17,,,
108,서울,2020-01-18,,,
108,서울,2020-01-19,0.6,,
108,서울,2020-01-20,,,
108,서울,2020-01-21,,,
108,서울,2020-01-22,,,
108,서울,2020-01-23,,,
108,서울,2020-01-24,,,
108,서울,2020-01-25,,,
108,서울,2020-01-26,,,
108,서울,2020-01-27,0.1,,
108,서울,2020-01-28,0,,
108,서울,2020-01-29,,,
108,서울,2020-01-30,,,
108,서울,2020-01-31,0,,
108,서울,2020-02-01,,,
108,서울,2020-02-02,,,
108,서울,2020-02-03,0,,
108,서울,2020-02-04,1.7,,
108,서울,2020-02-05,,,
108,서울,2020-02-06,,,
108,서울,2020-02-07,0,,
108,서울,2020-02-08,0,,
108,서울,2020-02-09,0,,
108,서울,2020-02-10,0,,
108,서울,2020-02-11,,,
108,서울,2020-02-12,6.7,,
108,서울,2020-02-13,,,
108,서울,2020-02-14,,,
108,서울,2020-02-15,2,,
108,서울,2020-02-16,13.4,,
108,서울,2020-02-17,1,,
108,서울,2020-02-18,,,
108,서울,2020-02-19,,,
108,서울,2020-02-20,,,
108,서울,2020-02-21,4.2,,
108,서울,2020-02-22,3.1,,
108,서울,2020-02-23,,,
108,서울,2020-02-24,,,
108,서울,2020-02-25,16.6,,
108,서울,2020-02-26,0,,
108,서울,2020-02-27,,,
108,서울,2020-02-28,3.9,,
108,서울,2020-02-29,0.5,,
108,서울,2020-03-01,0.2,,
108,서울,2020-03-02,0,,
108,서울,2020-03-03,,,
108,서울,2020-03-04,0,,
108,서울,2020-03-05,,,
108,서울,2020-03-06,,,
108,서울,2020-03-07,,,
108,서울,2020-03-08,,,
108,서울,2020-03-09,,,
108,서울,2020-03-10,11.8,,
108,서울,2020-03-11,,,
108,서울,2020-03-12,,,
108,서울,2020-03-13,0.5,,
108,서울,2020-03-14,,,
108,서울,2020-03-15,,,
108,서울,2020-03-16,,,
108,서울,2020-03-17,,,
108,서울,2020-03-18,,,
108,서울,2020-03-19,0,,
108,서울,2020-03-20,,,
108,서울,2020-03-21,,,
108,서울,2020-03-22,,,
108,서울,2020-03-23,,,
108,서울,2020-03-24,,,
108,서울,2020-03-25,,,
108,서울,2020-03-26,1.8,,
108,서울,2020-03-27,2,,
108,서울,2020-03-28,,,
108,서울,2020-03-29,,,
108,서울,2020-03-30,,,
108,서울,2020-03-31,,,
108,서울,2020-04-01,,,
108,서울,2020-04-02,,,
108,서울,2020-04-03,,,
108,서울,2020-04-04,,,
108,서울,2020-04-05,,,
108,서울,2020-04-06,,,
108,서울,2020-04-07,,,
108,서울,2020-04-08,,,
108,서울,2020-04-09,,,
108,서울,2020-04-10,,,
108,서울,2020-04-11,,,
108,서울,2020-04-12,,,
108,서울,2020-04-13,,,
108,서울,2020-04-14,,,
108,서울,2020-04-15,,,
108,서울,2020-04-16,,,
108,서울,2020-04-17,6.5,3.9,1238
108,서울,2020-04-18,,,
108,서울,2020-04-19,10.3,2.9,1712
108,서울,2020-04-20,0.1,0.1,
108,서울,2020-04-21,,,
108,서울,2020-04-22,0,0,
108,서울,2020-04-23,,,
108,서울,2020-04-24,,,
108,서울,2020-04-25,,,
108,서울,2020-04-26,,,
108,서울,2020-04-27,,,
108,서울,2020-04-28,,,
108,서울,2020-04-29,,,
108,서울,2020-04-30,,,
108,서울,2020-05-01,,,
108,서울,2020-05-02,0,0,
108,서울,2020-05-03,0,0,
108,서울,2020-05-04,,,
108,서울,2020-05-05,,,
108,서울,2020-05-06,,,
108,서울,2020-05-07,,,
108,서울,2020-05-08,2.3,1.6,2203
108,서울,2020-05-09,24.4,4.7,948
108,서울,2020-05-10,1.3,0.7,230
108,서울,2020-05-11,3.4,3.8,2323
108,서울,2020-05-12,0.7,0.7,001
108,서울,2020-05-13,,,
108,서울,2020-05-14,,,
108,서울,2020-05-15,12,2.1,838
108,서울,2020-05-16,2.5,0.5,556
108,서울,2020-05-17,0,0,
108,서울,2020-05-18,29.8,19.8,1553
108,서울,2020-05-19,19,9.6,949
108,서울,2020-05-20,0,0,
108,서울,2020-05-21,,,
108,서울,2020-05-22,0,0,
108,서울,2020-05-23,0,0,
108,서울,2020-05-24,14.5,9.9,544
108,서울,2020-05-25,,,
108,서울,2020-05-26,1.5,1.5,1955
108,서울,2020-05-27,,,
108,서울,2020-05-28,0,0,
108,서울,2020-05-29,,,
108,서울,2020-05-30,,,
108,서울,2020-05-31,1,1,2245
108,서울,2020-06-01,0.4,0.3,VALUE
108,서울,2020-06-02,2,1.9,1055
108,서울,2020-06-03,,,
108,서울,2020-06-04,0.2,0.1,
108,서울,2020-06-05,,,
108,서울,2020-06-06,,,
108,서울,2020-06-07,,,
108,서울,2020-06-08,,,
108,서울,2020-06-09,,,
108,서울,2020-06-10,6.2,2.9,2019
108,서울,2020-06-11,0,0.1,
108,서울,2020-06-12,,,
108,서울,2020-06-13,0,0,
108,서울,2020-06-14,1.1,1.1,231
108,서울,2020-06-15,,,
108,서울,2020-06-16,,,
108,서울,2020-06-17,,,
108,서울,2020-06-18,,,
108,서울,2020-06-19,0.1,0.1,
108,서울,2020-06-20,,,
108,서울,2020-06-21,,,
108,서울,2020-06-22,,,
108,서울,2020-06-23,0,0,
108,서울,2020-06-24,37.6,8.5,1105
108,서울,2020-06-25,13.3,3.5,120
108,서울,2020-06-26,2.1,0.9,VALUE
108,서울,2020-06-27,0,0,
108,서울,2020-06-28,,,
108,서울,2020-06-29,11.9,9.6,2331
108,서울,2020-06-30,64.7,15.9,330
108,서울,2020-07-01,0,0,
108,서울,2020-07-02,,,
108,서울,2020-07-03,0.1,0.5,2330
108,서울,2020-07-04,1.6,0.9,036
108,서울,2020-07-05,,,
108,서울,2020-07-06,,,
108,서울,2020-07-07,0,0,
108,서울,2020-07-08,,,
108,서울,2020-07-09,,,
108,서울,2020-07-10,2.2,1.9,800
108,서울,2020-07-11,,,
108,서울,2020-07-12,2.9,0.9,1644
108,서울,2020-07-13,47.6,6.2,2215
108,서울,2020-07-14,11.5,5.9,VALUE
108,서울,2020-07-15,,,
108,서울,2020-07-16,,,
108,서울,2020-07-17,0,0,
108,서울,2020-07-18,,,
108,서울,2020-07-19,29.1,19.3,820
108,서울,2020-07-20,3.6,1.3,231
108,서울,2020-07-21,0,0,
108,서울,2020-07-22,11.5,6.2,758
108,서울,2020-07-23,103.1,18.5,1717
108,서울,2020-07-24,2.9,2.3,855
108,서울,2020-07-25,0,0,
108,서울,2020-07-26,0,0,
108,서울,2020-07-27,2.2,0.6,306
108,서울,2020-07-28,0.4,0.3,1614
108,서울,2020-07-29,50.1,27.1,902
108,서울,2020-07-30,0.1,0.1,
108,서울,2020-07-31,1.5,1.2,2305
108,서울,2020-08-01,39.1,23.6,1222
108,서울,2020-08-02,31.4,13.8,1533
108,서울,2020-08-03,102.6,28.5,836
108,서울,2020-08-04,3.9,1.8,636
108,서울,2020-08-05,18.5,14.4,2325
108,서울,2020-08-06,75.7,19.9,415
108,서울,2020-08-07,0,0,
108,서울,2020-08-08,19.1,5.9,2026
108,서울,2020-08-09,50.3,13.9,1337
108,서울,2020-08-10,44.6,28.6,1556
108,서울,2020-08-11,97,23.6,435
108,서울,2020-08-12,,,
108,서울,2020-08-13,,,
108,서울,2020-08-14,0.4,0.4,750
108,서울,2020-08-15,69,23.7,552
108,서울,2020-08-16,,,
108,서울,2020-08-17,,,
108,서울,2020-08-18,,,
108,서울,2020-08-19,,,
108,서울,2020-08-20,,,
108,서울,2020-08-21,2.5,2.1,1159
108,서울,2020-08-22,42.6,23,1211
108,서울,2020-08-23,,,
108,서울,2020-08-24,,,
108,서울,2020-08-25,,,
108,서울,2020-08-26,0.6,0.6,2225
108,서울,2020-08-27,8.7,4.2,632
108,서울,2020-08-28,13.6,6.7,523
108,서울,2020-08-29,13.6,6.5,1052
108,서울,2020-08-30,42.5,32.5,144
108,서울,2020-08-31,0,0,
108,서울,2020-09-01,0,0,
108,서울,2020-09-02,33.3,20,1736
108,서울,2020-09-03,29.8,5.1,220
108,서울,2020-09-04,,,
108,서울,2020-09-05,,,
108,서울,2020-09-06,6.4,4.1,2240
108,서울,2020-09-07,61,8.4,1933
108,서울,2020-09-08,0,0,
108,서울,2020-09-09,1.3,1.1,1331
108,서울,2020-09-10,3.9,3.5,431
108,서울,2020-09-11,1.2,1.4,2330
108,서울,2020-09-12,5.7,1.8,121
108,서울,2020-09-13,,,
108,서울,2020-09-14,0,0,
108,서울,2020-09-15,,,
108,서울,2020-09-16,0.3,0.2,
108,서울,2020-09-17,,,
108,서울,2020-09-18,,,
108,서울,2020-09-19,0.3,0.2,
108,서울,2020-09-20,,,
108,서울,2020-09-21,,,
108,서울,2020-09-22,,,
108,서울,2020-09-23,,,
108,서울,2020-09-24,,,
108,서울,2020-09-25,,,
108,서울,2020-09-26,,,
108,서울,2020-09-27,,,
108,서울,2020-09-28,,,
108,서울,2020-09-29,,,
108,서울,2020-09-30,38.3,34,1824
108,서울,2020-10-01,,,
108,서울,2020-10-02,0,0,
108,서울,2020-10-03,0,0,
108,서울,2020-10-04,0,0,
108,서울,2020-10-05,,,
108,서울,2020-10-06,,,
108,서울,2020-10-07,,,
108,서울,2020-10-08,,,
108,서울,2020-10-09,,,
108,서울,2020-10-10,,,
108,서울,2020-10-11,,,
108,서울,2020-10-12,,,
108,서울,2020-10-13,,,
108,서울,2020-10-14,,,
108,서울,2020-10-15,,,
108,서울,2020-10-16,,,
108,서울,2020-10-17,,,
108,서울,2020-10-18,,,
108,서울,2020-10-19,,,
108,서울,2020-10-20,,,
108,서울,2020-10-21,,,
108,서울,2020-10-22,0,0,
108,서울,2020-10-23,,,
108,서울,2020-10-24,,,
108,서울,2020-10-25,,,
108,서울,2020-10-26,,,
108,서울,2020-10-27,,,
108,서울,2020-10-28,,,
108,서울,2020-10-29,,,
108,서울,2020-10-30,,,
108,서울,2020-10-31,,,
108,서울,2020-11-01,13.6,,
108,서울,2020-11-02,1.7,,
108,서울,2020-11-03,0.5,,
108,서울,2020-11-04,,,
108,서울,2020-11-05,,,
108,서울,2020-11-06,,,
108,서울,2020-11-07,0.1,,
108,서울,2020-11-08,,,
108,서울,2020-11-09,,,
108,서울,2020-11-10,,,
108,서울,2020-11-11,,,
108,서울,2020-11-12,,,
108,서울,2020-11-13,,,
108,서울,2020-11-14,,,
108,서울,2020-11-15,,,
108,서울,2020-11-16,,,
108,서울,2020-11-17,0.1,,
108,서울,2020-11-18,12.2,,
108,서울,2020-11-19,86.9,,
108,서울,2020-11-20,0,,
108,서울,2020-11-21,0.2,,
108,서울,2020-11-22,4.8,,
108,서울,2020-11-23,,,
108,서울,2020-11-24,,,
108,서울,2020-11-25,,,
108,서울,2020-11-26,,,
108,서울,2020-11-27,0,,
108,서울,2020-11-28,,,
108,서울,2020-11-29,,,
108,서울,2020-11-30,,,
108,서울,2020-12-01,,,
108,서울,2020-12-02,,,
108,서울,2020-12-03,,,
108,서울,2020-12-04,,,
108,서울,2020-12-05,,,
108,서울,2020-12-06,,,
108,서울,2020-12-07,,,
108,서울,2020-12-08,,,
108,서울,2020-12-09,,,
108,서울,2020-12-10,0,,
108,서울,2020-12-11,,,
108,서울,2020-12-12,,,
108,서울,2020-12-13,2.9,,
108,서울,2020-12-14,,,
108,서울,2020-12-15,,,
108,서울,2020-12-16,,,
108,서울,2020-12-17,0,,
108,서울,2020-12-18,0.2,,
108,서울,2020-12-19,,,
108,서울,2020-12-20,,,
108,서울,2020-12-21,,,
108,서울,2020-12-22,,,
108,서울,2020-12-23,0,,
108,서울,2020-12-24,,,
108,서울,2020-12-25,,,
108,서울,2020-12-26,,,
108,서울,2020-12-27,0,,
108,서울,2020-12-28,1.3,,
108,서울,2020-12-29,0.2,,
108,서울,2020-12-30,,,
108,서울,2020-12-31,0,,
108,서울,2021-01-01,,,
108,서울,2021-01-02,,,
108,서울,2021-01-03,,,
108,서울,2021-01-04,0,,
108,서울,2021-01-05,0,,
108,서울,2021-01-06,2.3,,
108,서울,2021-01-07,,,
108,서울,2021-01-08,,,
108,서울,2021-01-09,,,
108,서울,2021-01-10,,,
108,서울,2021-01-11,,,
108,서울,2021-01-12,2.6,,
108,서울,2021-01-13,0,,
108,서울,2021-01-14,,,
108,서울,2021-01-15,0.2,,
108,서울,2021-01-16,,,
108,서울,2021-01-17,0,,
108,서울,2021-01-18,0.3,,
108,서울,2021-01-19,,,
108,서울,2021-01-20,,,
108,서울,2021-01-21,9.2,,
108,서울,2021-01-22,0.1,,
108,서울,2021-01-23,,,
108,서울,2021-01-24,,,
108,서울,2021-01-25,,,
108,서울,2021-01-26,1.7,,
108,서울,2021-01-27,,,
108,서울,2021-01-28,2,,
108,서울,2021-01-29,,,
108,서울,2021-01-30,0.5,,
108,서울,2021-01-31,,,
108,서울,2021-02-01,0.7,,
108,서울,2021-02-02,0,,
108,서울,2021-02-03,3.4,,
108,서울,2021-02-04,0.1,,
108,서울,2021-02-05,,,
108,서울,2021-02-06,,,
108,서울,2021-02-07,,,
108,서울,2021-02-08,,,
108,서울,2021-02-09,,,
108,서울,2021-02-10,,,
108,서울,2021-02-11,,,
108,서울,2021-02-12,,,
108,서울,2021-02-13,,,
108,서울,2021-02-14,0,,
108,서울,2021-02-15,1.4,,
108,서울,2021-02-16,1.5,,
108,서울,2021-02-17,0,,
108,서울,2021-02-18,,,
108,서울,2021-02-19,,,
108,서울,2021-02-20,,,
108,서울,2021-02-21,,,
108,서울,2021-02-22,,,
108,서울,2021-02-23,,,
108,서울,2021-02-24,,,
108,서울,2021-02-25,,,
108,서울,2021-02-26,,,
108,서울,2021-02-27,,,
108,서울,2021-02-28,,,
108,서울,2021-03-01,67.5,,
108,서울,2021-03-02,0.1,,
108,서울,2021-03-03,,,
108,서울,2021-03-04,,,
108,서울,2021-03-05,,,
108,서울,2021-03-06,,,
108,서울,2021-03-07,,,
108,서울,2021-03-08,,,
108,서울,2021-03-09,,,
108,서울,2021-03-10,,,
108,서울,2021-03-11,,,
108,서울,2021-03-12,0,,
108,서울,2021-03-13,,,
108,서울,2021-03-14,,,
108,서울,2021-03-15,1.7,,
108,서울,2021-03-16,1.3,,
108,서울,2021-03-17,,,
108,서울,2021-03-18,,,
108,서울,2021-03-19,,,
108,서울,2021-03-20,5.1,,
108,서울,2021-03-21,0.3,,
108,서울,2021-03-22,,,
108,서울,2021-03-23,,,
108,서울,2021-03-24,,,
108,서울,2021-03-25,,,
108,서울,2021-03-26,,,
108,서울,2021-03-27,25.5,,
108,서울,2021-03-28,9.2,,
108,서울,2021-03-29,0.2,,
108,서울,2021-03-30,,,
108,서울,2021-03-31,,,
108,서울,2021-04-01,,,
108,서울,2021-04-02,0,0,
108,서울,2021-04-03,56.2,11.5,1110
108,서울,2021-04-04,0.6,0.4,402
108,서울,2021-04-05,,,
108,서울,2021-04-06,,,
108,서울,2021-04-07,,,
108,서울,2021-04-08,,,
108,서울,2021-04-09,,,
108,서울,2021-04-10,,,
108,서울,2021-04-11,,,
108,서울,2021-04-12,22,5.4,1831
108,서울,2021-04-13,8,3,VALUE
108,서울,2021-04-14,,,
108,서울,2021-04-15,,,
108,서울,2021-04-16,0.7,0.7,1057
108,서울,2021-04-17,0,0,
108,서울,2021-04-18,,,
108,서울,2021-04-19,,,
108,서울,2021-04-20,,,
108,서울,2021-04-21,,,
108,서울,2021-04-22,,,
108,서울,2021-04-23,0,0,
108,서울,2021-04-24,0,0,
108,서울,2021-04-25,,,
108,서울,2021-04-26,,,
108,서울,2021-04-27,1.7,5.8,2331
108,서울,2021-04-28,4.7,4.7,001
108,서울,2021-04-29,3.9,4.3,2313
108,서울,2021-04-30,26.3,8.9,245
108,서울,2021-05-01,8,5.3,1419
108,서울,2021-05-02,1.7,1.2,024
108,서울,2021-05-03,,,
108,서울,2021-05-04,19.6,5.1,1436
108,서울,2021-05-05,0.1,0.4,VALUE
108,서울,2021-05-06,,,
108,서울,2021-05-07,8.8,8.8,915
108,서울,2021-05-08,,,
108,서울,2021-05-09,,,
108,서울,2021-05-10,0,0,
108,서울,2021-05-11,,,
108,서울,2021-05-12,,,
108,서울,2021-05-13,,,
108,서울,2021-05-14,,,
108,서울,2021-05-15,15,5.8,1302
108,서울,2021-05-16,66.9,11.3,1853
108,서울,2021-05-17,3.1,1.7,1115
108,서울,2021-05-18,,,
108,서울,2021-05-19,,,
108,서울,2021-05-20,0.9,0.5,2219
108,서울,2021-05-21,6.9,2,1401
108,서울,2021-05-22,0.2,0.2,
108,서울,2021-05-23,,,
108,서울,2021-05-24,,,
108,서울,2021-05-25,8.3,5.4,534
108,서울,2021-05-26,0,0,
108,서울,2021-05-27,8.9,6.5,642
108,서울,2021-05-28,12.3,4.7,502
108,서울,2021-05-29,0.3,0.2,
108,서울,2021-05-30,18.1,11.3,2249
108,서울,2021-05-31,4,4.7,VALUE
108,서울,2021-06-01,3.2,2.3,712
108,서울,2021-06-02,,,
108,서울,2021-06-03,18.1,5.1,1944
108,서울,2021-06-04,,,
108,서울,2021-06-05,,,
108,서울,2021-06-06,,,
108,서울,2021-06-07,0,0,
108,서울,2021-06-08,0.1,0.1,
108,서울,2021-06-09,,,
108,서울,2021-06-10,6.1,5.1,2257
108,서울,2021-06-11,4.6,2.6,219
108,서울,2021-06-12,,,
108,서울,2021-06-13,,,
108,서울,2021-06-14,,,
108,서울,2021-06-15,1.9,0.9,1018
108,서울,2021-06-16,,,
108,서울,2021-06-17,0,0,
108,서울,2021-06-18,6.3,1.7,553
108,서울,2021-06-19,,,
108,서울,2021-06-20,,,
108,서울,2021-06-21,,,
108,서울,2021-06-22,0,0,
108,서울,2021-06-23,7.5,7.5,1530
108,서울,2021-06-24,,,
108,서울,2021-06-25,,,
108,서울,2021-06-26,4.5,2.6,339
108,서울,2021-06-27,38.2,37.7,1824
108,서울,2021-06-28,0.1,0.1,
108,서울,2021-06-29,8,8,1614
108,서울,2021-06-30,6,6,1159
108,서울,2021-07-01,,,
108,서울,2021-07-02,,,
108,서울,2021-07-03,60,13.8,1656
108,서울,2021-07-04,21.4,5.3,045
108,서울,2021-07-05,,,
108,서울,2021-07-06,,,
108,서울,2021-07-07,12.7,12.4,2025
108,서울,2021-07-08,2.9,2.7,002
108,서울,2021-07-09,0,0,
108,서울,2021-07-10,0.5,0.2,
108,서울,2021-07-11,0.4,0.4,612
108,서울,2021-07-12,,,
108,서울,2021-07-13,,,
108,서울,2021-07-14,,,
108,서울,2021-07-15,0,0,
108,서울,2021-07-16,,,
108,서울,2021-07-17,0,0,
108,서울,2021-07-18,,,
108,서울,2021-07-19,67.4,65.7,1406
108,서울,2021-07-20,0,0,
108,서울,2021-07-21,,,
108,서울,2021-07-22,,,
108,서울,2021-07-23,,,
108,서울,2021-07-24,,,
108,서울,2021-07-25,,,
108,서울,2021-07-26,,,
108,서울,2021-07-27,,,
108,서울,2021-07-28,0,0,
108,서울,2021-07-29,,,
108,서울,2021-07-30,,,
108,서울,2021-07-31,3,2.4,201
108,서울,2021-08-01,21,8.7,1909
108,서울,2021-08-02,1.7,1.4,743
108,서울,2021-08-03,0,0,
108,서울,2021-08-04,,,
108,서울,2021-08-05,,,
108,서울,2021-08-06,,,
108,서울,2021-08-07,,,
108,서울,2021-08-08,12.7,11.6,1522
108,서울,2021-08-09,,,
108,서울,2021-08-10,,,
108,서울,2021-08-11,0,0,
108,서울,2021-08-12,0,0,
108,서울,2021-08-13,,,
108,서울,2021-08-14,,,
108,서울,2021-08-15,,,
108,서울,2021-08-16,0,0,
108,서울,2021-08-17,9.3,5.3,1944
108,서울,2021-08-18,5.6,2.9,713
108,서울,2021-08-19,,,
108,서울,2021-08-20,0,0,
108,서울,2021-08-21,62.8,27.9,1219
108,서울,2021-08-22,0,0,
108,서울,2021-08-23,7.4,2,1823
108,서울,2021-08-24,10.5,2.8,1215
108,서울,2021-08-25,0.3,0.3,150
108,서울,2021-08-26,0.7,0.7,1520
108,서울,2021-08-27,0.9,0.7,1318
108,서울,2021-08-28,,,
108,서울,2021-08-29,0.9,0.7,122
108,서울,2021-08-30,0,0,
108,서울,2021-08-31,77.4,12.4,1356
108,서울,2021-09-01,0.8,3.1,VALUE
108,서울,2021-09-02,,,
108,서울,2021-09-03,,,
108,서울,2021-09-04,,,
108,서울,2021-09-05,,,
108,서울,2021-09-06,12,4,2138
108,서울,2021-09-07,29.6,6.6,852
108,서울,2021-09-08,1.6,0.7,149
108,서울,2021-09-09,,,
108,서울,2021-09-10,,,
108,서울,2021-09-11,,,
108,서울,2021-09-12,,,
108,서울,2021-09-13,,,
108,서울,2021-09-14,,,
108,서울,2021-09-15,,,
108,서울,2021-09-16,,,
108,서울,2021-09-17,,,
108,서울,2021-09-18,,,
108,서울,2021-09-19,,,
108,서울,2021-09-20,,,
108,서울,2021-09-21,68.1,27.1,2312
108,서울,2021-09-22,4.5,4.2,001
108,서울,2021-09-23,,,
108,서울,2021-09-24,,,
108,서울,2021-09-25,,,
108,서울,2021-09-26,,,
108,서울,2021-09-27,0,0,
108,서울,2021-09-28,1.3,0.7,2100
108,서울,2021-09-29,13.1,5,847
108,서울,2021-09-30,,,
108,서울,2021-10-01,13.3,12.7,2153
108,서울,2021-10-02,,,
108,서울,2021-10-03,,,
108,서울,2021-10-04,3.6,3.5,1714
108,서울,2021-10-05,0,0,
108,서울,2021-10-06,6.4,2,735
108,서울,2021-10-07,4.6,3.8,505
108,서울,2021-10-08,3.5,0.9,1044
108,서울,2021-10-09,0.4,0.3,635
108,서울,2021-10-10,14.2,4.4,1237
108,서울,2021-10-11,0.3,0.3,VALUE
108,서울,2021-10-12,,,
108,서울,2021-10-13,,,
108,서울,2021-10-14,,,
108,서울,2021-10-15,0,0,
108,서울,2021-10-16,0,0,
108,서울,2021-10-17,,,
108,서울,2021-10-18,5.6,4.8,2331
108,서울,2021-10-19,4.4,3.1,001
108,서울,2021-10-20,,,
108,서울,2021-10-21,,,
108,서울,2021-10-22,,,
108,서울,2021-10-23,,,
108,서울,2021-10-24,,,
108,서울,2021-10-25,,,
108,서울,2021-10-26,,,
108,서울,2021-10-27,0,0,
108,서울,2021-10-28,,,
108,서울,2021-10-29,,,
108,서울,2021-10-30,,,
108,서울,2021-10-31,0.7,0.7,2015
108,서울,2021-11-01,,,
108,서울,2021-11-02,,,
108,서울,2021-11-03,,,
108,서울,2021-11-04,0,,
108,서울,2021-11-05,,,
108,서울,2021-11-06,,,
108,서울,2021-11-07,,,
108,서울,2021-11-08,25.7,,
108,서울,2021-11-09,2,,
108,서울,2021-11-10,0.3,,
108,서울,2021-11-11,0,,
108,서울,2021-11-12,,,
108,서울,2021-11-13,,,
108,서울,2021-11-14,,,
108,서울,2021-11-15,,,
108,서울,2021-11-16,,,
108,서울,2021-11-17,,,
108,서울,2021-11-18,0,,
108,서울,2021-11-19,,,
108,서울,2021-11-20,,,
108,서울,2021-11-21,5.9,,
108,서울,2021-11-22,1.3,,
108,서울,2021-11-23,,,
108,서울,2021-11-24,0,,
108,서울,2021-11-25,,,
108,서울,2021-11-26,0,,
108,서울,2021-11-27,,,
108,서울,2021-11-28,,,
108,서울,2021-11-29,,,
108,서울,2021-11-30,27.2,,
108,서울,2021-12-01,,,
108,서울,2021-12-02,0.1,,
108,서울,2021-12-03,0.4,,
108,서울,2021-12-04,,,
108,서울,2021-12-05,,,
108,서울,2021-12-06,,,
108,서울,2021-12-07,,,
108,서울,2021-12-08,,,
108,서울,2021-12-09,,,
108,서울,2021-12-10,0.7,,
108,서울,2021-12-11,,,
108,서울,2021-12-12,,,
108,서울,2021-12-13,,,
108,서울,2021-12-14,1.2,,
108,서울,2021-12-15,2.1,,
108,서울,2021-12-16,0,,
108,서울,2021-12-17,,,
108,서울,2021-12-18,2.8,,
108,서울,2021-12-19,0.2,,
108,서울,2021-12-20,0,,
108,서울,2021-12-21,,,
108,서울,2021-12-22,,,
108,서울,2021-12-23,,,
108,서울,2021-12-24,0.2,,
108,서울,2021-12-25,,,
108,서울,2021-12-26,,,
108,서울,2021-12-27,0,,
108,서울,2021-12-28,,,
108,서울,2021-12-29,0.2,,
108,서울,2021-12-30,0,,
108,서울,2021-12-31,,,
108,서울,2022-01-01,,,
108,서울,2022-01-02,0.3,,
108,서울,2022-01-03,0,,
108,서울,2022-01-04,0,,
108,서울,2022-01-05,,,
108,서울,2022-01-06,,,
108,서울,2022-01-07,,,
108,서울,2022-01-08,0,,
108,서울,2022-01-09,,,
108,서울,2022-01-10,0.9,,
108,서울,2022-01-11,0.2,,
108,서울,2022-01-12,,,
108,서울,2022-01-13,,,
108,서울,2022-01-14,,,
108,서울,2022-01-15,0,,
108,서울,2022-01-16,0,,
108,서울,2022-01-17,0.5,,
108,서울,2022-01-18,,,
108,서울,2022-01-19,1.7,,
108,서울,2022-01-20,,,
108,서울,2022-01-21,,,
108,서울,2022-01-22,,,
108,서울,2022-01-23,,,
108,서울,2022-01-24,,,
108,서울,2022-01-25,0.7,,
108,서울,2022-01-26,,,
108,서울,2022-01-27,,,
108,서울,2022-01-28,,,
108,서울,2022-01-29,,,
108,서울,2022-01-30,,,
108,서울,2022-01-31,1.2,,
108,서울,2022-02-01,1.7,,
108,서울,2022-02-02,,,
108,서울,2022-02-03,,,
108,서울,2022-02-04,0,,
108,서울,2022-02-05,,,
108,서울,2022-02-06,,,
108,서울,2022-02-07,,,
108,서울,2022-02-08,,,
108,서울,2022-02-09,,,
108,서울,2022-02-10,,,
108,서울,2022-02-11,,,
108,서울,2022-02-12,,,
108,서울,2022-02-13,,,
108,서울,2022-02-14,1.7,,
108,서울,2022-02-15,0,,
108,서울,2022-02-16,0,,
108,서울,2022-02-17,,,
108,서울,2022-02-18,,,
108,서울,2022-02-19,0.1,,
108,서울,2022-02-20,,,
108,서울,2022-02-21,0.1,,
108,서울,2022-02-22,,,
108,서울,2022-02-23,,,
108,서울,2022-02-24,,,
108,서울,2022-02-25,,,
108,서울,2022-02-26,1.1,,
108,서울,2022-02-27,,,
108,서울,2022-02-28,,,
108,서울,2022-03-01,2.3,,
108,서울,2022-03-02,,,
108,서울,2022-03-03,,,
108,서울,2022-03-04,,,
108,서울,2022-03-05,,,
108,서울,2022-03-06,,,
108,서울,2022-03-07,,,
108,서울,2022-03-08,,,
108,서울,2022-03-09,,,
108,서울,2022-03-10,,,
108,서울,2022-03-11,,,
108,서울,2022-03-12,2.6,,
108,서울,2022-03-13,42.1,,
108,서울,2022-03-14,8.7,,
108,서울,2022-03-15,,,
108,서울,2022-03-16,,,
108,서울,2022-03-17,1.2,,
108,서울,2022-03-18,0,,
108,서울,2022-03-19,14.6,,
108,서울,2022-03-20,0,,
108,서울,2022-03-21,,,
108,서울,2022-03-22,,,
108,서울,2022-03-23,,,
108,서울,2022-03-24,,,
108,서울,2022-03-25,10.9,,
108,서울,2022-03-26,19.8,,
108,서울,2022-03-27,,,
108,서울,2022-03-28,,,
108,서울,2022-03-29,,,
108,서울,2022-03-30,0.4,,
108,서울,2022-03-31,,,
108,서울,2022-04-01,,,
108,서울,2022-04-02,,,
108,서울,2022-04-03,,,
108,서울,2022-04-04,,,
108,서울,2022-04-05,,,
108,서울,2022-04-06,,,
108,서울,2022-04-07,,,
108,서울,2022-04-08,,,
108,서울,2022-04-09,0.5,0.5,710
108,서울,2022-04-10,,,
108,서울,2022-04-11,,,
108,서울,2022-04-12,0.5,0.4,2038
108,서울,2022-04-13,1.3,0.8,128
108,서울,2022-04-14,,,
108,서울,2022-04-15,,,
108,서울,2022-04-16,,,
108,서울,2022-04-17,,,
108,서울,2022-04-18,,,
108,서울,2022-04-19,,,
108,서울,2022-04-20,,,
108,서울,2022-04-21,,,
108,서울,2022-04-22,,,
108,서울,2022-04-23,,,
108,서울,2022-04-24,0.3,0.2,
108,서울,2022-04-25,1.3,0.3,529
108,서울,2022-04-26,1,0.8,237
108,서울,2022-04-27,,,
108,서울,2022-04-28,0,0,
108,서울,2022-04-29,15.5,4,423
108,서울,2022-04-30,,,
108,서울,2022-05-01,,,
108,서울,2022-05-02,,,
108,서울,2022-05-03,,,
108,서울,2022-05-04,,,
108,서울,2022-05-05,,,
108,서울,2022-05-06,,,
108,서울,2022-05-07,0.5,0.2,
108,서울,2022-05-08,2,1.1,2110
108,서울,2022-05-09,,,
108,서울,2022-05-10,0,0,
108,서울,2022-05-11,,,
108,서울,2022-05-12,,,
108,서울,2022-05-13,,,
108,서울,2022-05-14,,,
108,서울,2022-05-15,,,
108,서울,2022-05-16,,,
108,서울,2022-05-17,,,
108,서울,2022-05-18,1.5,1.5,853
108,서울,2022-05-19,,,
108,서울,2022-05-20,,,
108,서울,2022-05-21,,,
108,서울,2022-05-22,,,
108,서울,2022-05-23,,,
108,서울,2022-05-24,,,
108,서울,2022-05-25,3.5,2.9,2100
108,서울,2022-05-26,0,0,
,,,,,
,,,,,
,,,,,
,,,,,
,,,,,
,,,,,
