,2010.01,2010.01,2010.02,2010.02,2010.03,2010.03,2010.04,2010.04,2010.05,2010.05,2010.06,2010.06,2010.07,2010.07,2010.08,2010.08,2010.09,2010.09,2010.1,2010.1,2010.11,2010.11,2010.12,2010.12,2011.01,2011.01,2011.02,2011.02,2011.03,2011.03,2011.04,2011.04,2011.05,2011.05,2011.06,2011.06,2011.07,2011.07,2011.08,2011.08,2011.09,2011.09,2011.1,2011.1,2011.11,2011.11,2011.12,2011.12,2012.01,2012.01,2012.02,2012.02,2012.03,2012.03,2012.04,2012.04,2012.05,2012.05,2012.06,2012.06,2012.07,2012.07,2012.08,2012.08,2012.09,2012.09,2012.1,2012.1,2012.11,2012.11,2012.12,2012.12,2013.01,2013.01,2013.02,2013.02,2013.03,2013.03,2013.04,2013.04,2013.05,2013.05,2013.06,2013.06,2013.07,2013.07,2013.08,2013.08,2013.09,2013.09,2013.1,2013.1,2013.11,2013.11,2013.12,2013.12,2014.01,2014.01,2014.02,2014.02,2014.03,2014.03,2014.04,2014.04,2014.05,2014.05,2014.06,2014.06,2014.07,2014.07,2014.08,2014.08,2014.09,2014.09,2014.1,2014.1,2014.11,2014.11,2014.12,2014.12,2015.01,2015.01,2015.02,2015.02,2015.03,2015.03,2015.04,2015.04,2015.05,2015.05,2015.06,2015.06,2015.07,2015.07,2015.08,2015.08,2015.09,2015.09,2015.1,2015.1,2015.11,2015.11,2015.12,2015.12,2016.01,2016.01,2016.02,2016.02,2016.03,2016.03,2016.04,2016.04,2016.05,2016.05,2016.06,2016.06,2016.07,2016.07,2016.08,2016.08,2016.09,2016.09,2016.1,2016.1,2016.11,2016.11,2016.12,2016.12,2017.01,2017.01,2017.02,2017.02,2017.03,2017.03,2017.04,2017.04,2017.05,2017.05,2017.06,2017.06,2017.07,2017.07,2017.08,2017.08,2017.09,2017.09,2017.1,2017.1,2017.11,2017.11,2017.12,2017.12,2018.01,2018.01,2018.02,2018.02,2018.03,2018.03,2018.04,2018.04,2018.05,2018.05,2018.06,2018.06,2018.07,2018.07,2018.08,2018.08,2018.09,2018.09,2018.1,2018.1,2018.11,2018.11,2018.12,2018.12,2019.01,2019.01,2019.02,2019.02,2019.03,2019.03,2019.04,2019.04,2019.05,2019.05,2019.06,2019.06,2019.07,2019.07,2019.08,2019.08,2019.09,2019.09,2019.1,2019.1,2019.11,2019.11,2019.12,2019.12,2020.01,2020.01,2020.02,2020.02,2020.03,2020.03,2020.04,2020.04,2020.05,2020.05,2020.06,2020.06,2020.07,2020.07,2020.08,2020.08,2020.09,2020.09,2020.1,2020.1,2020.11,2020.11,2020.12,2020.12,2021.01,2021.01,2021.02,2021.02,2021.03,2021.03,2021.04,2021.04,2021.05,2021.05,2021.06,2021.06,2021.07,2021.07,2021.08,2021.08,2021.09,2021.09,2021.1,2021.1,2021.11,2021.11,2021.12,2021.12,2022.01,2022.01,2022.02p,2022.02p,2022.03p,2022.03p
업태별상품군,경상지수,불변지수,경상지수,불변지수,경상지수,불변지수,경상지수,불변지수,경상지수,불변지수,경상지수,불변지수,경상지수,불변지수,경상지수,불변지수,경상지수,불변지수,경상지수,불변지수,경상지수,불변지수,경상지수,불변지수,경상지수,불변지수,경상지수,불변지수,경상지수,불변지수,경상지수,불변지수,경상지수,불변지수,경상지수,불변지수,경상지수,불변지수,경상지수,불변지수,경상지수,불변지수,경상지수,불변지수,경상지수,불변지수,경상지수,불변지수,경상지수,불변지수,경상지수,불변지수,경상지수,불변지수,경상지수,불변지수,경상지수,불변지수,경상지수,불변지수,경상지수,불변지수,경상지수,불변지수,경상지수,불변지수,경상지수,불변지수,경상지수,불변지수,경상지수,불변지수,경상지수,불변지수,경상지수,불변지수,경상지수,불변지수,경상지수,불변지수,경상지수,불변지수,경상지수,불변지수,경상지수,불변지수,경상지수,불변지수,경상지수,불변지수,경상지수,불변지수,경상지수,불변지수,경상지수,불변지수,경상지수,불변지수,경상지수,불변지수,경상지수,불변지수,경상지수,불변지수,경상지수,불변지수,경상지수,불변지수,경상지수,불변지수,경상지수,불변지수,경상지수,불변지수,경상지수,불변지수,경상지수,불변지수,경상지수,불변지수,경상지수,불변지수,경상지수,불변지수,경상지수,불변지수,경상지수,불변지수,경상지수,불변지수,경상지수,불변지수,경상지수,불변지수,경상지수,불변지수,경상지수,불변지수,경상지수,불변지수,경상지수,불변지수,경상지수,불변지수,경상지수,불변지수,경상지수,불변지수,경상지수,불변지수,경상지수,불변지수,경상지수,불변지수,경상지수,불변지수,경상지수,불변지수,경상지수,불변지수,경상지수,불변지수,경상지수,불변지수,경상지수,불변지수,경상지수,불변지수,경상지수,불변지수,경상지수,불변지수,경상지수,불변지수,경상지수,불변지수,경상지수,불변지수,경상지수,불변지수,경상지수,불변지수,경상지수,불변지수,경상지수,불변지수,경상지수,불변지수,경상지수,불변지수,경상지수,불변지수,경상지수,불변지수,경상지수,불변지수,경상지수,불변지수,경상지수,불변지수,경상지수,불변지수,경상지수,불변지수,경상지수,불변지수,경상지수,불변지수,경상지수,불변지수,경상지수,불변지수,경상지수,불변지수,경상지수,불변지수,경상지수,불변지수,경상지수,불변지수,경상지수,불변지수,경상지수,불변지수,경상지수,불변지수,경상지수,불변지수,경상지수,불변지수,경상지수,불변지수,경상지수,불변지수,경상지수,불변지수,경상지수,불변지수,경상지수,불변지수,경상지수,불변지수,경상지수,불변지수,경상지수,불변지수,경상지수,불변지수,경상지수,불변지수,경상지수,불변지수,경상지수,불변지수,경상지수,불변지수,경상지수,불변지수,경상지수,불변지수,경상지수,불변지수,경상지수,불변지수,경상지수,불변지수,경상지수,불변지수,경상지수,불변지수,경상지수,불변지수,경상지수,불변지수,경상지수,불변지수,경상지수,불변지수,경상지수,불변지수,경상지수,불변지수,경상지수,불변지수,경상지수,불변지수,경상지수,불변지수,경상지수,불변지수,경상지수,불변지수,경상지수,불변지수
총지수,77.6,82.8,76.4,81.4,80.9,85.8,79.8,84.2,83.3,87.8,81.3,86.1,82.8,87.3,79.9,83.9,86.1,89.6,87.1,90.7,87.6,91.8,91.6,95.1,89.9,91.8,79.7,80.8,89.8,90.6,88.6,89.5,92.7,93.6,90.5,91.4,90.5,91,88.5,88.1,92.8,92.5,93.5,93.7,93.4,93.6,98.1,97.7,94.8,93.8,86.6,85.4,93.3,91.7,91.5,89.9,97.8,96.2,93.5,92.7,94.3,94.5,89.9,89.4,97.6,95.3,96.8,95.2,98.5,97.5,101.1,99.8,92.8,91.2,88.6,86.8,95.5,93.6,92.9,91.9,97.7,96.7,93.9,93.2,96.1,95.3,92.6,91.1,96.3,94,98.6,97.1,100.6,98.7,101.8,99.9,98.3,96.4,88.2,86.7,98,95.7,94.8,92.5,100.5,98.1,96,94.5,97.8,96.4,95.7,94,97.4,95.7,98.7,97.4,100.7,100,105.4,105.2,94.6,94.2,93,92.9,99.4,99.2,98.5,98.7,103.1,102.6,95.5,95,98.3,97.9,96,95.6,102,102.2,105.6,106.3,105.6,106.3,108.4,109,98.9,99.6,95.3,95.6,103.8,104.5,101.8,102.1,107.2,107.3,103.3,103.4,101.9,102.1,100.8,100.8,103.6,102.2,109.1,108.4,109.5,109.1,112,111.2,105.4,103.3,97.2,95.2,107.5,105.4,105.5,103.9,109.4,107.6,105.6,104.2,106,104.9,103.2,101.3,112.2,109.5,110.3,108,116.5,115,115.1,112.9,107.5,105.3,104.9,101.7,116.1,113.3,112.6,109.9,115.9,112.8,111.5,108.7,113.5,110.8,111.1,107,115.6,110,118.6,113.6,119.9,116.2,119.3,116.4,111.7,109.8,101.9,99.8,118.1,116,114.3,111.4,120.1,116.6,112.9,110,112.9,110.5,114,111.5,116.9,113.3,119.5,115.7,123.3,120.4,125,121.6,116.2,111.8,101.7,97.8,110.1,106.9,110.9,108.9,120.4,118.4,119.2,116.9,113.9,110.9,115.3,111.7,123.5,118,120.1,115.8,122.3,119,123.2,119.1,117.1,112.2,111.8,106.2,125.6,119.5,125.2,118.9,129.3,122.8,125.6,119.5,127.1,120.2,124.2,116.5,131.8,122.7,134,125,134.4,124.7,137.8,127.2,128.6,117.5,117.7,107.9,135.4,122.2
백화점총지수,85.2,99.4,77.6,90.7,80.5,93.9,83.3,97.1,86.6,100.8,77.9,90.4,72.7,84.2,68.4,78.9,86.4,98.9,100.8,115.9,99.6,114.5,105.9,120.8,105.6,119.7,82.1,92.8,91.7,103.5,96.8,109.7,96.3,108.2,86.3,96.5,80.8,90.1,76.8,85.3,94.5,104.7,108.1,121.1,103.3,113.7,119.1,130.7,105.5,115.3,89.3,97.3,98,106.6,100.4,109.4,103,111.1,91.1,97.9,86.8,94.4,77.1,83.6,100,106.2,110.4,118.4,119.3,127,124.1,131.9,101,107.2,93.2,98.6,107.9,114.6,100.4,107.3,106.4,112.3,96.1,101.5,85.8,90.9,83,87.8,102,106.4,108.9,114,126.2,129.7,125.2,128.6,107.3,110.4,90.8,93.4,106.2,108.7,98,100.7,107,109.4,90.2,92.2,87.3,89.1,88.2,89.8,94.8,96,103.4,105.1,113.9,115.2,120.1,121.2,99.4,99.6,95.2,95.2,98.4,98.5,97.5,98.1,110.2,110.1,79.2,79.2,86.8,86.9,84.6,84.4,99.2,99,115.5,116.1,117.6,117.1,116.5,115.9,106.2,105.5,96.1,94.5,101,99.5,101.7,100.1,106.8,105,90.2,88.9,94.2,93.3,87.6,86.3,102.2,100,120.6,118.9,112.1,110.4,117.9,116,105.8,103.4,91.1,88.9,98.1,95.8,99.2,97.5,102,99.6,87.9,85.8,89.8,88,84.8,82.5,103.9,100.8,110.1,107.7,119.7,117.2,119.8,116.7,95.3,93,98.4,95.2,105.5,102.4,99.1,96.3,104.9,101.8,92,89.3,93.6,91.1,88,84.8,109.9,105.1,113.2,109.2,116.6,112.5,122.2,118,102,98.7,94.3,91,110.9,107.3,99.3,96,110.2,106.6,98,95.1,92.4,89.7,93,90.1,106.1,102.4,110.3,106.5,121.3,117.1,118.4,114.1,105.4,101.2,74.6,71.9,70.2,67.7,85,82.4,102.3,98.5,95.6,92.1,88.7,85.2,86.4,82.9,99.9,94.5,111.4,106.5,113.6,108.9,100.3,95.9,99.2,94.7,100.8,96,113.9,109,112.6,107.5,121.7,116.3,109.3,104.5,99.5,95,100,95.2,122.5,115.6,137.6,130.8,140.8,133.2,134.8,126.3,131.8,122.7,108.9,101.8,125.7,117.5
가전제품,71,64.8,66.5,60.9,78.8,72.3,70.3,64.5,77.8,71.8,82.8,76.6,86.5,80.3,85.7,79.5,83.8,77.8,96.8,89.1,101.4,93.8,96.6,89.7,91.4,85,87.2,81.4,101.4,95,105.5,99,105.5,98.9,103.3,97.1,108.4,103.2,106.9,101.9,97.6,93.3,110.9,106.2,110.7,106.5,104.6,100.4,82.1,79.4,81.8,79.2,93.1,90.1,92.2,89.4,103.3,100.3,93.7,93,104.5,105.5,100.6,102.5,104.7,104.2,120.3,120.7,131.2,132.8,123.3,125.3,100.5,101.8,93.7,94.7,129.4,130.9,109.4,110.2,113.8,114.7,126.8,127.8,109.2,109.7,111.2,111.9,96.8,95.9,115.7,113,127.3,125,115,113.8,98.6,96.9,97.4,95.4,121.8,119.3,109.9,108.8,122.5,120.8,119.4,119.2,100.5,101,104.7,104.6,96.2,96.7,100.5,101.2,121.6,125.1,106.9,109.8,97.7,98.3,86.8,86.5,105.5,106.5,82.8,82.9,108,107,99.9,99.8,114.9,115.6,94.5,94.2,84.8,84.9,114.4,114.5,121.2,120.9,89.6,88.8,103.1,102.1,107.6,106.4,114.1,113.6,112.8,112.6,133.6,133.4,121.7,120.8,153.4,153.1,141.6,140.6,120.7,119.8,115.5,116.4,113.6,117.6,127,132.2,120.7,125.6,126.3,129.7,135.5,138.1,160.5,163.7,181.8,184.6,146.8,150.6,181.5,189.1,162.3,168.2,148.6,153.9,173.1,178.6,155.3,161.6,154.2,159.9,157.8,163.5,155.1,162.7,188.9,197.2,198.5,210.3,194.2,202.9,166.6,176.5,207,216.9,180.3,189.2,171.4,180.4,182.3,193.2,173.2,184.4,167.5,179.3,197.4,210.2,184.7,194.7,246.4,259.7,205.3,214.3,218.4,229.3,209.7,221.2,194.5,205.2,204,218.5,183.6,196.9,202.4,215.7,219,234.8,179.2,193.9,212,229.1,202,217.9,222.1,241.8,241.3,262.9,277.7,298.9,287.9,310.5,237.1,257.5,283.8,309.4,254.3,277.1,270.8,293.3,312.1,340.4,221.2,240,340.7,369.8,309.6,338.6,313.6,346.2,229.2,251.4,327,358.9,279.6,309.8,295,326,371.5,410,301.4,332.6,334.5,366.9,327.1,358.3,246.4,270.2,347.2,380.7,307.8,335.6,299.6,330.3
의복,89.8,107.5,71.3,85.5,80.4,96.5,82.7,99.2,87,104,77.9,92.5,68.8,81.7,61.7,73.2,78.2,92.8,105,124.5,107.9,126.3,111.8,130.9,104.2,121.9,78.6,91.9,88.8,103.5,96,111.8,95.8,110.2,86.1,98.8,76.7,88.1,68.3,78.4,86.3,99,113.8,130.5,110.2,123.3,127,142.1,102.5,114.7,87.5,97.7,97,108.2,97.2,108.4,100.6,110.5,89,97,80.5,87.8,68.2,74.3,87.9,95.9,113.1,123.2,127.6,137,130.1,139.8,99.4,106.7,83.5,89.7,104.3,111.9,95.6,102.6,101.5,107.8,91.3,96.6,76.5,81,72.1,76.3,91,96.3,109.3,115.8,135.9,139.1,129,132.1,100.9,103.2,86.1,88.2,102.8,105.4,94.1,96.4,100.8,102.6,84.9,85.8,81.5,82.5,79.4,80.4,87.1,88.1,104.9,106.1,123.4,123.4,127.8,127.8,103.5,103.8,84.5,84.9,97.1,97.6,98.3,98.8,108.7,108.9,74.9,75.1,81.3,81.5,79.9,80.1,90.6,90.7,123.5,123.7,132.1,130.5,125.8,124.4,105.9,104.7,89.2,88.2,101.5,100.3,102.1,101,104.8,103,87.7,86.2,88,86.5,79.4,78.1,93.4,91.8,127.6,125.4,126.4,123.5,125.1,122.4,101.5,99.2,88.6,86.6,98.9,96.6,99.1,96.8,99.3,96.6,84.5,82.2,83.2,80.9,76.6,74.5,95.5,92.9,114.9,111.7,137.5,132.7,127.3,122.9,96.6,93.3,88.4,85.4,106.1,102.4,98.2,94.7,104.5,100.7,90.8,87.6,89.4,86.3,81.7,78.9,103.5,99.8,124,119.6,132.2,127,132.6,127.5,96.8,93.1,92.3,88.8,110.2,106.4,97.2,94.2,107.5,104,93.6,90.6,85.3,82.6,82.2,79.6,99.5,96.4,114.7,110.8,133.1,127.7,122.5,117.5,94,90.3,66.6,64,61.8,59.3,77.3,74.3,94.5,90.6,87.3,83.8,77.1,73.9,71.7,68.8,79.9,76.7,113,108.5,116.5,111.8,92.5,88.7,84.4,81,85.8,82.4,107.8,103.5,105.8,101.5,111.6,107,101.4,97.2,86.4,82.8,81.9,78.5,104.2,100,138,131.8,145.9,137.9,131.8,124.5,112.9,106.6,96.4,91,119.9,113.2
신발및가방,67.8,85.9,68.9,86.4,74.5,93.5,83.1,104.2,78.8,98.9,72.4,91,66.9,83.8,61.1,77,75.8,95.2,91.4,117.2,84.3,113.1,93.1,114.9,87.9,109.8,79.5,97.9,91.6,112.9,95.3,120.2,91.4,111.9,83.5,102.1,74.4,89.7,68.6,82.6,86.1,103.7,97.6,122.9,88.4,106.3,102.2,122.9,88.6,107.3,84.2,96.3,93.2,106.2,97,113.8,100.6,114.5,95.1,109.7,89.5,112,78.1,96,94.9,105.3,110.7,125.7,107.5,120,116.5,129.9,89.5,100.3,93,105,113.3,126.6,101.4,118.8,108.9,121.8,99.6,112,86.1,100.8,81.7,92.4,96.4,104.2,104.6,112.2,111.3,118.3,121.6,128.1,92.3,99.7,93.7,100,109.5,115.3,96.5,100.2,104.6,108.7,88.8,92.2,83,87,82.4,85.2,107.4,110.2,110,118.1,109.2,117.1,122.4,130.8,98.6,98.5,102,100.5,108,106.2,104,105.8,112.8,111.6,81.7,80.8,86.3,85.9,83.4,82,91.6,89.1,115.7,119.2,104.1,106.7,111.7,113.7,89.4,90.3,94,90.7,104.8,101,104,100.1,106.6,102.7,92.9,89.4,93.5,92.7,82.4,79.4,95.7,93.1,115.7,115.7,96.2,98.7,106.1,103,86.2,84.8,90.5,86.3,98.1,93.6,98.2,98.7,97.6,93,89.3,84.8,85.8,83.9,80,76,91.1,86.2,96.8,95.8,97,98.2,107.5,101.6,81.5,80.2,98.5,93.9,104.1,99.7,97.7,94.8,101.6,95.3,91.7,86.6,89.6,84.6,83.7,78.6,97.5,92.1,98.7,93.4,98.8,91.7,112.5,104.6,82.7,78.8,98.3,91.7,114.5,106.8,103,95.5,112.5,104.3,104,96.6,96,89.4,92.9,86.6,103.2,94.6,108,99,109.1,100,119.3,109.6,101.5,93.4,83.9,76.9,77.5,70.7,95.1,91,118.5,109.5,112.7,104.9,106,97.3,95.8,88.1,95.8,86.5,117.3,108.2,113.8,103.7,119.9,112.4,106.6,99.1,114.5,107.2,140,129.2,145.6,136.8,152,140.2,144.1,132.9,147.5,135.7,140.5,128.8,159.1,150.3,183.7,173.6,186.7,175.5,164.5,151.9,149.4,140.7,138.7,129.3,153.8,141.6
오락,취미,경기용품,87.5,90.8,69.5,72.4,83.6,90.1,93,99.9,100.9,105.3,85.4,89.2,84.3,87.9,69.1,72,78.8,82.2,138.4,144.5,126.4,131.9,114.4,119.6,102.8,107.2,88.8,92.5,103.6,107.8,93.1,95.3,114.4,117.4,88.7,90.5,89.1,92.4,72.4,75.2,92.9,97.5,141.9,146,127.1,133.5,139.1,144.8,108.6,112.1,101.3,104.5,120.6,123.3,135.2,137.5,130.8,135.3,106.7,109.7,103,105.9,82.4,84.7,98,100.9,152.3,159.2,163.8,168.4,169.3,174.5,118.2,120.6,104.6,103.9,137,136,136.1,140.1,146,148.7,114.5,118.1,99.9,103.5,88,90.2,103.3,105.8,153.2,157,196.5,206.3,176.9,184.1,119.2,125.1,109.1,113.1,139,136.2,145.4,147.7,149.2,150.2,126.5,127.3,78.2,78.8,99.7,100.4,112.9,115.6,143.6,145.9,160.5,162.2,152.2,154.5,85.7,86.5,101,101.7,108.9,109.5,114.8,115.6,125.2,126.1,84.1,84.7,81.7,81.2,70.2,69.9,88.2,87.7,107.8,107.1,121.9,120.6,110.5,109.4,82.1,81.3,77.9,75.7,82.4,80,92.6,88.8,92.3,88.7,64.2,61.7,64.4,61.9,54.8,52.8,65.5,63.2,85.5,82.3,86,82.5,85.2,83.1,70.1,67.9,70,67.6,82.1,79.3,102.8,99.3,97.8,94.4,77,74.4,74.8,72.3,65,62.8,89.1,86.4,115.3,112,116.2,114,96,94.6,65.6,63.8,67.7,65.9,92.9,90.2,98.3,93.7,97,92.4,80.4,76.5,76,73.5,63,61,89,85.4,117.1,114.3,109.7,107.4,93.7,91.7,59.7,58,69.9,67.3,96.7,93.4,96.3,93.5,106,102.5,83.3,83.4,74.7,74.4,66,65.9,86,85.1,109.4,109.1,115.9,115,81,81.1,64.1,62.3,51.6,49.6,57.1,54.8,81.6,78.5,97.5,93.3,83.4,79.8,70.8,67.3,63,60.1,82.2,78.5,122.4,116.9,103.2,98.6,72.7,69.6,60.4,57.9,74.1,71.4,108.9,105.4,117.2,113.1,120.1,116.6,105.9,102.7,87.6,85.6,82.8,81,111.6,107.8,149.6,144.8,130.1,127,99.6,96.9,75.3,72.4,78.1,74.8
음식료품,71.3,85.5,99.5,118.1,65.7,77.5,66.8,77.7,69.3,80.9,65.7,77.7,66.6,78.4,68.8,79,114.9,126.1,69.6,76.4,67.6,76.4,77.4,87.5,117.8,129.1,70.5,75.7,74.3,80.1,76.6,83.4,77.5,85.1,69.8,75.9,75.1,80.3,83.8,87.1,116.2,121.1,76.9,81.9,75.9,81.2,87.5,92.3,124.4,129,75.8,78.9,81.3,83.7,78.8,81.6,84.2,87.1,77.7,80.9,82,85.9,83,85.9,137.2,137.3,80.8,82,86.1,89.5,97.7,100.9,104.6,105.8,117.1,117.9,93.1,94.7,90.3,91.7,94.4,96.7,88.5,91.5,89.4,91.8,93,93.6,134.9,135.5,85.2,87.5,89.1,92.7,100.5,104.3,136.3,140,83.6,85,91.7,93.1,85.7,87,94.9,96.4,86.3,88.1,98.8,100.4,111.6,112.6,111.3,111.7,86.8,88.6,88.7,90.8,102.4,104.3,93.8,94.3,132.6,132.1,88.3,88.8,90.6,91.2,99.9,99.2,80.5,80.2,90.7,90.5,94.2,93.4,144.5,143.6,90.7,91,90,91.4,104.3,104.3,124.2,123.3,117,113.3,89.8,87.8,93.3,91.3,99.7,98.4,89,89.3,98.2,98.5,103.5,102.4,139.8,132.3,101.2,97.1,89.7,87.2,107.4,103.4,144.9,135.7,88.3,82.5,92,86.7,90.2,86,95.5,91.3,87.1,83.6,95.5,91.5,95.7,89.2,139.5,128.7,96.1,90.7,89.4,86.7,105,100.6,97.7,92.3,137.1,126.1,94.2,88,92.2,85.8,96.7,90.8,90.2,85.7,98.5,93.4,100.3,90.7,151.1,132.4,89,79.9,90.9,84.1,103.6,95.7,133.1,122.9,85.3,78.3,96.1,89,88.4,81.1,97.3,89.8,91.1,84.8,91.9,86.3,111.9,104.2,131.2,119.3,89.7,81.4,90.1,83.8,101.7,93.7,141.8,129,68.4,62.5,63.3,57.1,72.8,66,79.9,71.8,76.2,68.3,79.4,70.9,81.4,71,139.1,118.2,79.6,67.5,80.4,70.5,86.9,76.1,104.5,89.9,114.8,96.8,88.1,74.2,85.2,72,92.6,78.4,84.7,72.1,80,68,86.5,72.6,153.5,126.9,90.1,75.2,88.8,73.8,105,86.9,162.2,132.7,77.4,63.1,88.4,72.1
화장품,91.1,102.3,93.1,104.3,95.2,106.8,96.4,108.5,107.6,121,82.1,92.2,81.6,90,81.7,90,97.3,107.1,104.4,115,103.6,114,115,126.4,115.5,127,101.3,111.6,110.7,121.7,110.2,121.4,120.1,132.1,90.5,99.6,89.2,97.7,90.5,99.3,110.9,121.7,114.4,125.8,107.1,117.6,126.4,138.4,115.4,126.5,106.3,116.9,112.1,123.3,106.2,113.6,123.4,132.2,92.6,99.6,88,94.9,82.7,89.1,107.7,115.3,106.7,114,109.3,117.8,117.5,125.7,103.7,111.6,102.5,110.7,109.4,118.7,101.3,109.4,120.5,125.6,87.5,90.7,82.6,84.7,83.4,91.2,107.1,110.3,102.6,105.5,107.8,110.2,113.8,116.1,106.4,109.5,95.7,97.6,102.8,104.9,95.7,98.7,118.6,120.8,83.9,85,82,83.5,91.8,93,102.5,104.2,100.7,100.3,102.1,103.2,111.4,111.1,100.7,100,102.1,101.9,103.6,103,94,93.8,124.2,123.9,80.6,81.5,83.2,83.4,85.1,84.3,109.1,110.3,105.8,106.7,100.7,100.2,110.8,111,113,113.2,109.7,109.5,112.2,112,106.6,106.8,125.1,124.2,92,92.4,92.9,94,91.9,93.8,115,116.3,117.8,120.7,102,104.1,118.5,124.5,117.9,120.8,106.1,109.2,105,108.1,100.4,104.1,114.2,117,89.2,92.8,85.6,88.2,89,92.3,116.1,121.3,105.9,109.6,103.4,107.8,115,120.3,109.1,114,104.9,109.8,106.6,111.5,99.6,103.6,115.3,121.7,86.8,90.6,89.7,95.2,90.5,95,115.5,121,101.6,106.7,102.5,107.5,113.3,119.4,105.4,110.6,95.6,99.8,102.8,106.3,98.3,102.2,113.5,116.8,89.8,93,86.3,89.6,88.1,92.2,105.6,111.6,96.6,102.6,99,104.9,108.6,114.2,109,113.9,75.1,78,68,70.9,80.1,83.7,101.5,106.4,78.5,81.4,80.4,82.9,77,79.4,87.1,88.8,84,86.5,83.5,85.7,87.2,88.9,82.5,84.1,77.5,79.3,84.8,86.5,88,89,108.4,109.7,82.1,84.4,77.4,79.4,79.3,81,102.5,104.6,96.5,97.6,101.4,104.5,116.5,115.9,110,109.4,85.3,82.5,92.6,89.5
기타상품,94.6,102.6,83.5,90.2,94.1,102.1,98.3,106.7,97,104.8,91.5,98.8,90.7,98,92.7,99.9,95.8,103,115.8,124.4,102.7,110.4,118.8,126.8,110.9,117.4,98.8,103.7,107.7,112.8,115.8,121.8,103,107.3,101.8,105.6,97.4,100.9,99.1,102.8,102.5,105.6,115,118.6,106.6,109.7,129,132.5,110.9,113.6,106.5,108.8,112.9,115.1,134.4,137.3,118.2,120.8,107.3,109.4,110.2,112.7,99.8,101.8,110.4,112.3,121.9,123.9,122.5,124.5,127,129.1,109,110.8,100.7,102.1,123.7,125.8,121.7,124.2,119.8,122.6,117.5,119.5,117,119.3,114.7,116.7,116.9,118.8,129.6,131.8,131.3,132.8,137.2,139.4,115.2,117,109.3,110.8,125.4,127.2,118.1,120.2,129.3,131.1,107.9,109.8,107.4,109.5,96.9,98.3,89,90.3,101.6,102.6,96.5,97.1,104,105,90.4,90.4,90.3,89.9,99.8,99.1,98.2,98.4,114.2,114.1,87.7,87.6,104.8,105.3,97.1,97.2,91.8,92,117.3,117.4,103.7,103.7,104.7,104.7,104.1,103.9,97.3,96.9,102.6,101.6,103.5,102,109.3,108,98.4,97.4,112.3,111.4,102.8,101.6,100,99.1,129.1,127.1,99.4,97.4,113.5,111.5,93.8,92.7,92.6,90.6,91.4,89.3,92.2,90.7,97.7,95.7,89.5,87.1,99.8,97.8,96.3,93.7,95.4,93.1,100.4,97.7,95.2,92.8,113.9,111.9,80.5,78.5,87.2,84.8,97.2,93.8,86.1,82.8,90.4,86.9,86.2,82.7,87.8,84.2,86.4,82.7,85.5,82.2,92.2,87.5,85.9,82.1,106.2,102.2,89.8,85.9,92.8,88.3,101.1,96.7,91.3,87.2,105.4,101.6,101.3,97.5,104.8,100.9,101.3,96.3,94,90,100.6,95.1,104.6,99.6,119.1,113.9,98,93.2,82.7,77.9,75.5,71.5,89,83.8,105.9,99.9,105.8,100.2,109.9,104.5,113.2,106.6,122.2,115.3,109.4,102,109.3,102.4,119.3,112.1,112,104.2,108.6,101.1,117.8,110.6,132,124.7,131.8,123.3,118.8,110.6,107.1,98.8,110.6,99.5,105.9,95.1,123.3,108.9,117.5,105.2,150.3,135.9,140,123.5,150.7,132.8,149.1,133.2
대형마트총지수,88.7,102.6,98.2,113,88.2,101.3,82.2,93.6,92.3,105.2,88.4,101.5,96.7,110.7,93.5,105.4,108.4,118.9,87.4,96,86.8,97.1,97.4,108.7,116.1,127,91.5,99,95.7,103.4,92.4,100.4,100.1,109.1,96.4,104.5,106.4,114.3,103.2,108.9,112.4,118.6,96.3,103.3,91.8,98.4,105.9,112.6,122,128,94.9,99.8,103.9,108.6,95.9,100.3,102.9,107.7,96.8,101.6,105.6,111.9,105,110.1,120.4,122.9,94.8,98.4,96.6,101.4,108.7,113.6,98.8,101.8,106.8,109.5,103,106.6,92.6,96,101.9,105.9,103.1,107.7,105.2,109.7,107.1,110.2,119.4,121.6,96,99.4,99.9,103.8,106.4,110.3,121,124.5,87.1,89.2,102.4,104.6,90.7,92.8,104.4,106.7,99.3,101.9,101.9,104.3,111.2,113.3,104.5,106,93.1,95.4,95.3,98.1,101.5,103.7,94.7,94.6,111.2,110.5,96.1,96.2,91.7,92.2,106.3,105.9,90.1,90.1,102.6,102.7,104,103.5,116.9,116.7,93.9,94.3,92.9,93.8,99.5,99.5,105.8,105.2,103.6,101.2,92.6,91,91,89.5,99.4,98.1,93.6,93.3,108.3,108.2,107.3,106.3,117.2,112.8,102.3,99.6,94,92.2,101.7,99.3,118.4,113.4,85.2,81.5,97.2,93.4,95,92.1,102.7,99.6,98.6,95.8,111.9,108.9,105.8,100.9,114.5,108.6,107.5,103.5,95.2,93.3,105.4,102.4,96.2,92.7,109.7,103.8,100.8,96.4,94.6,90.3,99.9,95.8,101.1,97.7,107.9,104.2,104.3,97.4,120.9,110.6,93.1,86.9,91.9,87.3,104.2,98.8,108.7,103,94,88.5,100.9,95.8,88.4,83.4,98.7,93.5,95.8,91.3,96.8,92.8,105.9,101,111,104.2,91.3,85.5,94.8,90.5,100.7,95.2,118.5,111,90.3,84.6,95.2,88.6,95,88.7,99.2,92.5,95.1,88.5,98.5,91.2,110.2,100.4,127.1,113,99.1,89,96.8,88.9,111.8,101.7,112.6,101.3,108.3,96,100,89.2,98.7,88,107.8,96.3,97.6,87.6,110.6,99.1,109.9,97.2,116.2,101.6,104.9,93.2,91.9,81.1,107.1,93.4,125.5,108.4,87.5,75.9,101.9,88.1
가전제품,146.4,133.7,147.6,135.5,155.2,142.5,116.5,106.9,144.8,133.7,160.2,148.5,173.7,161.4,158,146.7,143,132.8,135.6,125,148.1,137,151.2,140.6,152.2,141.7,139.2,130,134.6,126.2,126,118.4,147.8,138.7,150.1,141.3,165.4,157.4,144.4,137.7,137.5,131.5,140.9,135,143.5,138.1,145.4,139.6,145,140.3,121.4,117.7,128.6,124.7,118.2,114.8,129.4,125.8,127,126.1,164.8,166.5,145.7,148.5,127.7,127.3,128.3,128.8,133.2,135,134.6,136.9,110.2,111.7,114.8,116.1,134.1,135.8,116.6,117.6,139.2,140.4,166.2,167.6,164.2,165.1,154.9,155.9,126,125,116.2,113.6,131.5,129.2,119.1,117.8,112.3,110.4,98.4,96.3,109.8,107.7,94.7,93.9,120,118.4,120.6,120.4,123.3,124.1,132.8,132.8,115.1,115.8,119.9,120.8,139.3,143.3,117.2,120.6,87.1,87.7,87.8,87.5,93.8,94.7,84.9,85.1,105.9,105,90.2,90.1,113,113.7,107.7,107.4,93.7,93.9,111.6,111.7,116.4,116.2,107.9,107,92.5,91.7,85.9,85,81.8,81.4,81.9,81.7,104.9,104.7,99.7,98.9,131,130.7,114.8,114,97.1,96.3,109,109.8,100.7,104.3,86.3,89.9,90.7,94.4,79.2,81.3,94.6,96.4,98.9,100.9,124.5,126.4,106.7,109.5,145,151.1,107.3,111.3,102,105.7,114.6,118.3,109.9,114.3,107.1,111,97.2,100.7,102.2,107.2,116.3,121.5,113.6,120.3,126.6,132.2,122.5,129.8,166.4,174.3,118,123.9,115.8,121.9,108.2,114.7,113.8,121.2,111.7,119.6,109,116,101.6,107.1,141.5,149.2,110.2,115,136.5,143.3,123.6,130.3,122.5,129.3,123.4,132.1,114.5,122.8,108.2,115.4,134.3,144,113.6,122.9,127.7,138,103.9,112,120.7,131.4,120.2,131,167,179.7,160.4,173,144,156.4,169.5,184.8,135.6,147.8,151.5,164.1,169.1,184.4,138.9,150.7,168.2,182.6,139.3,152.3,154.1,170.1,138.6,152,156.8,172.1,148.1,164.1,139.4,154,146.6,161.8,134.7,148.7,180,197.5,139.4,152.7,126.9,139.1,172,188.6,153.2,167,153.2,169
의복,89,106.4,93.1,111.6,83.9,100.6,84.2,100.8,104,124.4,90.7,107.6,94.8,112.5,77.8,92.3,95.7,113.4,99.3,117.7,105.3,123.3,115.7,135.4,114.5,133.7,92.1,107.4,92.1,107.3,96,111.8,113.5,130.6,101.6,116.5,107.4,123.3,87.9,100.8,104,119.2,107.1,122.8,103.2,115.4,124.1,138.9,113.6,127.1,91.3,101.7,97,108.1,97.8,109,111.8,122.9,94.2,102.6,101.6,110.7,82.5,89.8,104,113.3,101.8,110.9,111.8,120.1,121,130,90.8,97.5,93.4,100.3,94,100.8,85.5,91.7,106.2,112.7,97.7,103.4,93.9,99.4,81.9,86.7,100.6,106.4,94.9,100.5,111.8,114.4,111.8,114.5,99,101.3,77.2,79,91.1,93.2,84.9,86.9,92.2,93.9,82.9,83.9,93.8,94.9,82.2,83.1,87.9,88.8,92.3,93.3,96.7,96.7,110.2,110.3,82.8,83,94.6,95.1,93.6,94.1,94.4,94.9,125.3,125.6,84.2,84.4,100.8,101,84.7,84.9,103,103.1,112.5,112.7,114.9,113.5,109.1,107.8,90.6,89.6,90.4,89.4,92.1,91.1,98.9,97.7,111.9,110,102.8,101.1,98.7,97,80.5,79.1,102,100.2,118.9,116.8,104.9,102.5,96.1,94,86.6,84.6,67.5,66,84,82,92.8,90.6,105.4,102.5,88.6,86.2,100.7,98,72.6,70.6,83.5,81.3,107.7,104.8,102.1,98.5,95.5,92.2,63.8,61.6,78.8,76.1,81.5,78.6,81.6,78.7,89.5,86.3,83.7,80.7,85.3,82.3,66.1,63.8,82.9,80,86.5,83.4,81.8,78.6,85.2,81.9,62,59.6,59.9,57.6,70.8,68.4,71.5,69.3,85.4,82.6,70.2,68,68.8,66.6,60.6,58.6,70.2,68,72,69.6,82,78.7,74.5,71.5,63.9,61.4,38.9,37.4,40.9,39.3,50.5,48.5,73.6,70.6,67.5,64.8,56.7,54.4,51.3,49.2,56.4,54.1,74.5,71.6,65.7,63,57.1,54.7,46.4,44.5,48.5,46.5,58.8,56.4,59.3,56.9,68.4,65.6,61.8,59.3,62.7,60.1,47.9,46,55.2,52.9,72.5,69.3,64.7,61.1,64.8,61.3,56.5,53.3,43.3,40.9,59.1,55.8
오락,취미,경기용품,92.1,95.6,87,90.8,84.2,90.8,82.1,88.3,121.1,126.5,96.8,101.3,119.6,124.8,98.2,102.4,93.6,97.6,95.6,99.9,84.1,87.9,124.9,130.7,100.6,105,90.5,94.3,92,95.6,95.4,97.7,129,132.3,96.9,98.9,125.2,129.9,108.3,112.5,106.9,112.3,110.2,113.4,92.2,96.9,152.8,159.1,116.8,120.5,93.9,96.8,103.6,106,100.7,102.4,136.5,141.4,103.9,106.8,129.1,132.7,109.8,112.9,104.1,107.2,110.8,115.8,95.9,98.7,156.2,161.1,94.2,96.1,98.3,97.6,100.3,99.6,96.2,98.9,136.7,139.3,109,112.3,121.3,125.7,113,115.9,110.3,113,101.2,103.8,99.8,104.9,153.8,160.2,103.8,108.9,91.1,94.4,101.5,99.5,92.8,94.3,137.6,138.5,105.7,106.4,109.2,110,105.3,106.1,98.8,101.1,81.8,83.1,80.9,81.7,117.7,119.5,79.6,80.4,91.3,91.9,75.4,75.9,77.9,78.5,148.9,150,76.6,77.2,121.2,120.5,117.3,116.8,104,103.5,87.6,87.1,77.3,76.5,142.8,141.5,85.1,84.3,97.1,94.4,77.3,75,89.8,86.1,122.7,117.8,85.5,82.2,117.8,113.2,97,93.5,97.9,94.5,78.2,75.2,61.4,58.9,104.9,102.3,74.5,72.1,54.3,52.5,59.6,57.6,72.4,70,96.5,93.2,71.3,68.9,98.5,95.1,84.3,81.6,80.7,78.3,80,77.7,60,58.9,127.9,125.9,69.9,68,92.3,89.8,76.5,74.3,77.1,73.5,106.5,101.5,84.5,80.5,105.6,102.2,90.8,87.9,94.2,90.4,68.1,66.5,65.6,64.2,110,107.7,64.3,62.4,74.4,71.7,66.8,64.6,69.3,67.3,96.4,93.2,71.2,71.3,81.5,81.1,79.8,79.6,71.9,71.2,60.7,60.6,64.8,64.3,94.5,94.7,73.8,71.8,48.9,47,54.7,52.6,68.1,65.5,93,89.1,66.7,63.8,71.8,68.3,75.3,71.8,65.7,62.7,70.4,67.2,59.8,57.1,89.2,85.4,56.6,54.3,62.2,60,61.7,59.7,65.6,63.3,92.4,89.7,62.7,60.8,84.2,82.3,72,70.4,68.9,66.5,65.8,63.7,59.3,57.9,93.6,91,74.6,71.6,61.4,58.8
음식료품,80.2,96.1,92.7,109.8,78.9,92.9,75.6,87.8,81,94.5,79.1,93.4,86.6,101.9,87.1,100,106.8,117.1,77.1,84.5,76.6,86.5,85.8,97,114.7,125.6,84.8,91.1,90.6,97.7,87.9,95.5,91.2,100.1,89.9,97.8,99,105.8,101,105,112,116.7,88.3,94.1,84.5,90.4,95.5,100.8,122.3,126.9,90.2,93.7,99.7,102.8,91.8,94.9,95,98.4,92.1,95.9,98.1,102.7,103.3,106.9,124.6,124.7,87.1,88.6,89.3,92.9,99.7,103,98.1,99.4,107,107.8,98.2,99.9,89.8,91.2,93.9,96.2,96,99.3,99.2,102,105.8,106.5,122.1,122.7,91.6,94,93.4,97.2,99.7,103.6,127.1,130.6,83,84.4,99.8,101.3,89.3,90.8,100.7,102.2,96.8,98.7,99.9,101.6,112.5,113.5,105.1,105.4,89.4,91.4,89.5,91.7,95.4,97.2,97.1,97.6,116.9,116.5,95,95.5,91.9,92.6,102.3,101.6,91.1,90.7,101.2,101,106.4,105.5,124.3,123.5,89.5,89.8,88.3,89.7,96,96,110.3,109.4,106.8,103.4,92.5,90.6,91.2,89.2,95.6,94.4,89.2,89.5,106.8,107.1,111.8,110.6,124.1,117.5,97.8,93.9,93.2,90.6,102.9,99.1,129.6,121.3,88.4,82.7,100.2,94.5,97.3,92.8,102.2,97.7,101.8,97.8,113.3,108.5,113.1,105.4,124.9,115.3,109.4,103.2,95.7,92.7,107.4,102.9,105.7,99.9,118.8,109.4,105.5,98.6,100.2,93.2,103.6,97.2,107.2,101.7,112.3,106.4,115.5,104.5,135.1,118.4,98.3,88.3,97.7,90.3,111,102.5,124.8,115.2,103.3,94.8,108,100,95.4,87.6,103.7,95.6,104.3,97.1,104.9,98.6,119.3,111.1,126,114.5,99.8,90.6,101,93.9,110,101.3,135.5,123.3,104.6,95.7,111.1,100.3,109.4,99.1,105.3,94.8,102,91.5,109.9,98.2,126.1,110,154.3,131.2,108.1,91.7,106.7,93.5,131.2,114.9,133.8,115.1,128.8,108.6,113.8,95.8,113.9,96.3,121.7,103,110.6,94.2,123.7,105.1,130.1,109.1,139,114.9,115.5,96.5,102.9,85.5,123.9,102.5,149.7,122.5,98.9,80.6,117.3,95.6
화장품,59.4,66.6,69.1,77.5,58.1,65.1,55.8,62.7,62.3,70,54.2,60.8,58.5,64.5,55.9,61.5,73.5,80.9,57.6,63.4,57.7,63.5,63,69.2,81.1,89.2,60.6,66.7,63.6,69.9,60.1,66.1,65,71.5,58.7,64.5,61.6,67.6,62,68,73.8,81,62.7,68.9,59.7,65.6,69.3,75.8,91,99.7,69.1,76,73.5,80.8,68,72.7,76.7,82.2,64.4,69.2,72.7,78.4,68.4,73.6,85.3,91.2,69.8,74.5,70.2,75.7,77.9,83.3,74.3,79.9,81.1,87.6,76.7,83.3,68.7,74.2,76.4,79.6,73.9,76.6,73.7,75.5,73.2,80,93.6,96.4,71.1,73.1,74.3,75.9,77,78.6,96.2,99.1,68.3,69.7,76.5,78.1,68,70.2,79.8,81.3,75.7,76.6,94.3,95.8,112,113.4,109.8,111.6,89.7,89.4,95.3,96.2,96.1,95.9,97.9,97.1,131,130.7,95.8,95.3,88.2,88,103.1,102.9,88.3,89.3,93.5,93.7,95.4,94.4,135.3,136.7,89.9,90.7,90.5,90,90.9,91.1,118.5,118.6,112,111.8,89.8,89.6,87.3,87.5,95.5,94.9,80,80.4,92.6,93.7,96,97.9,121.3,122.7,84.7,86.7,85.6,87.4,88.2,92.7,127.2,130.4,80.6,83,85.7,88.1,80.8,83.7,88.6,90.8,81.2,84.5,88.2,90.9,85.9,89.1,106.9,111.7,88.7,91.7,79.4,82.8,81.8,85.6,84.8,88.6,96.3,100.7,78.1,81.7,71.4,74.3,76.1,80.3,73.7,76.8,74.1,78.7,72.6,76.2,102.2,107,68.2,71.6,69.3,72.7,75.1,79.2,100,105,74.1,77.3,78.2,80.9,68.6,71.3,79.5,81.9,72.5,75.1,71.6,74.4,83.1,86.9,102.6,108.4,67.6,71.8,76.6,81.1,75.8,79.7,110.8,115.8,69.4,72.2,66.3,69.1,61.5,64.2,67.2,70.5,64.8,67.2,65.7,67.8,70.2,72.4,97.1,99.1,66.9,68.9,66,67.7,66.1,67.5,73.7,75.1,77.3,79.1,61.7,62.9,58.9,59.5,65.2,66,57.6,59.2,62.2,63.8,63.6,64.9,84.6,86.2,63.1,63.8,57.9,59.7,62.3,62,88.9,88.4,52.1,50.4,58.9,56.9
기타상품,115.2,128.7,121,134.9,119,133.1,105.8,118.4,119.2,133,114,127.1,124.4,138.9,121.1,134.7,127.6,141.4,115.3,127.9,109.9,122.9,123.8,136.3,128.8,141.4,115,125.1,118.4,128.4,109.5,119.3,120.7,130.3,117.4,126.3,130.8,140.2,122.9,132,126.9,135.6,118,126.8,110.8,118.6,128.7,137.1,131.7,140,116.8,123.3,127.4,134.3,113,119.9,123.2,129.9,118,124.2,128.4,136.2,125.1,132.4,128.1,134.6,116.6,123,115.3,121.3,130.3,137,112.4,118.3,121.6,128,127,133.5,108.6,115.4,121.7,128.8,125,131.7,126.8,134.3,124.5,131.3,128.7,135.4,115.9,121.8,118.7,123.8,125.9,131.4,125,130.9,110.1,115,125.1,130.6,105.2,110.1,122.8,128.1,119,124.6,109.2,114.1,117.2,122.6,108.1,112.5,103.5,107.8,107.3,111.2,113.9,117.4,95.7,93.6,101.5,98.8,105.8,103.7,94.9,95,104.1,104.2,92.9,93.7,105.6,106.7,105.1,106.1,99.3,100.4,98.3,99.6,96.2,97.1,100.4,101.1,100.2,100.7,101.3,101.1,99.3,98.5,90,89.2,102.2,101.2,109.3,108.2,117.1,116.6,109.3,108.3,107.4,106.5,118.5,117.6,98.7,97.4,108.3,106.7,106.7,106.4,91.8,90.4,104.6,103.1,95.9,95.6,104.3,103,101.5,99.5,115.5,114.6,107.5,106.2,105.2,104,110.7,109.1,98.2,97.2,107.1,105.4,87.9,87.2,103,100.9,102.8,100.9,88.4,87.4,93.1,91.4,96.4,94.6,102.1,100.3,94.3,92.7,102.8,101.1,88,86.1,84.2,82.4,97.3,95,86.8,85.6,87.1,84.8,95.3,93,77.5,75.3,86.3,83.9,85,82.9,87.9,85.7,90.6,88.1,88,86.3,80.4,77.9,81.8,79.8,88,84.9,94.6,91.6,77.2,74.4,77.7,75.5,77.3,75,86.7,83.4,84.9,81.9,84.9,82.5,89.9,87.3,86.4,84.5,83.7,81.1,77.8,75.9,84.8,82.5,82.1,80,77.9,75.8,80,78,75.4,73.5,84.7,82,77.8,75.5,104,100.4,84.4,81.7,82,79.6,87.6,84.3,73.3,70.3,82.6,78.3,85.9,81.4,71.2,67.4,79.4,75.4
면세점총지수,42.3,48.9,38.5,44.2,42.9,49.2,43.9,50.4,47.3,54.2,44.6,51.2,53.3,60.9,56.9,64.9,53.9,61.3,58.7,67.4,53.6,60.9,54.5,61.5,53.3,60.1,48,53.6,47.7,53.3,51.7,58.4,56.6,63.2,57.5,64,62.5,69.4,65.1,72,62.7,69.4,68.8,77.6,61.1,67.7,65.7,72.6,62.6,69.4,59,64.3,60.8,66,68.1,73.8,70.7,76.2,72.5,78.7,74.7,84.3,78.2,87.1,69.3,73.6,73.4,78.1,69.1,73.7,67.2,71.4,64.2,68.6,61.4,65.9,66.7,71.4,70.4,75.9,69.3,72.6,75.6,79.1,83.6,88.1,92.2,98.8,80.7,83.6,80.3,82.7,72.3,73.9,74.9,76.5,72.5,75.1,72.1,74.1,79.2,81.1,90.7,92.6,88,89.3,87.4,88.6,96.3,97.9,109.1,110.4,94.3,95.5,101.3,103.6,94.8,97.3,98.1,100.2,96.6,95.7,94.3,93.3,104,103,118.4,118.4,115.5,114.9,68.4,68.6,68.8,69,91.7,91.1,96.9,97,116.2,118,112.1,113,117,118.1,118,118.2,111.3,110.2,127.8,126.6,130.8,129.8,132.9,131.4,132.8,132.2,135.2,135.4,140.3,140.8,136.4,136.2,145.8,147.8,139.1,141,151.2,154,149.9,150.7,170.3,171.1,138.2,138.9,131.3,133.1,137.5,137.8,142.2,143.5,145.3,146.3,174.2,175.1,181.8,183.6,165.3,168.4,176.9,181.4,174.4,176.9,192,195.5,167.1,169.6,218.1,222,212.2,215.2,209.4,213,201.3,203.8,196.9,201.2,218.9,222.3,221.8,224.7,212.2,215.5,215,217.7,208.5,211.4,223.3,227.1,227.2,230.4,282.5,285.4,260.2,262.7,272.1,273,255.3,257.4,262.9,265.7,285,289.7,292.5,298.6,285.3,291.8,298.5,305.1,298.1,302.7,264.1,267.1,143.8,146.3,141.9,145.8,128.7,132.9,132.8,136.8,145.2,148.3,163.3,166,188.4,191.2,193.6,194.4,181.3,183.6,185.2,187,154.6,155.1,180.4,181.2,152.5,153.2,187.2,187.4,203.2,202.9,204.6,203.8,175.8,177,171.8,172.7,199.1,199.5,230.4,231.9,211.8,211.1,230,232.7,179.8,176.1,151.6,148.7,186.3,178.7,216.9,208.4
신발및가방,,,,,,,,,,,,,,,,,,,,,,,,,,,,,,,,,,,,,,,,,,,,,,,,,,,,,,,,,,,,,,,,,,,,,,,,,,,,,,,,,,,,,,,,,,,,,,,,,,,,,,,,,,,,,,,,,,,,,,,,,99.8,98.9,99.6,96.7,104.4,101.3,120.8,121.5,119.8,117.3,68.6,67.3,68.6,68.1,90.7,88.8,91.8,89.2,112.3,117.9,108.9,113.7,114.7,119.4,111,111.6,101.6,98.1,120.9,116.5,128,123.3,128.4,123.7,112.2,108.1,117.1,114.4,117.5,113.2,105.5,103.2,112.9,115.9,105.8,110.4,114,110.4,125.8,122.9,138.3,131.7,110.5,105.3,106.9,106.1,114.1,108.5,117,111.2,119.4,115.7,146.8,139.6,146.5,138.8,125.9,127.8,139.6,143,137.6,130.3,151.2,148.8,130.3,124.9,154.5,149,150.4,144.2,154.5,144.8,148.8,140.6,138.8,130.9,150.1,140.6,155.5,146.9,138.8,131.4,146.8,135.3,150.2,139.3,152.2,143.9,147.7,137.7,174.1,162,165.4,152.4,177.4,163.5,172.6,160.3,171.8,160,181.1,168.7,175.5,159.8,171.7,156.3,185.8,169.2,189.1,173,169.2,154.7,68.4,62.4,47.2,42.8,40.7,39,50.5,46.5,53.4,49.8,65.9,60.7,75,69.2,72.8,65.7,69.4,64.4,74,67.5,66.4,62.6,74.7,69.7,73.6,69.3,86.8,80.3,85.5,80.9,91.1,84.4,83.8,77.5,76.8,70.8,86.7,79.6,92.2,87.6,89.3,84.8,101.5,95.9,90.3,83.8,68.5,64.8,82.3,77.1,91.9,85.1
화장품,,,,,,,,,,,,,,,,,,,,,,,,,,,,,,,,,,,,,,,,,,,,,,,,,,,,,,,,,,,,,,,,,,,,,,,,,,,,,,,,,,,,,,,,,,,,,,,,,,,,,,,,,,,,,,,,,,,,,,,,,95.9,95.2,91,90.8,105.5,105,117.7,117.4,110.9,110.6,64.4,65.1,65.1,65.2,88.4,87.6,100.4,101.5,120.3,121.3,118.2,117.6,122.4,122.6,127.2,127.4,121.7,121.4,145.3,145.1,144.7,145,137.8,136.9,139.2,139.8,139.6,141.3,149.3,152.3,154,155.7,166.3,170.4,159.4,162.7,170,178.7,172.3,176.5,205.7,211.8,169,173.9,143.3,148.4,153.2,157,157.9,164.3,157.2,161.9,189.8,196.8,208.3,217.7,197.4,204.2,209.3,218.3,203.1,212.5,222.2,232.2,195.4,204.3,274.1,286.8,260.2,270.8,253.6,267.7,241.3,251.7,240.5,255.3,274.1,287.6,284,297.5,277.4,291.4,279,292.8,255.3,269.1,289.7,303.9,305.5,319,397.1,410.7,346.3,359.9,357.3,367.8,330.5,342.4,343.2,356.3,390.1,408.1,414.4,437.8,398.7,423.6,420,445,408,429,368.2,385,240.2,249.8,272.5,284.1,245.9,256.9,244.8,256.6,267.3,277,296.6,306,330,340.4,347.9,355,325.8,335.4,325.8,334.5,257.1,262.2,318.2,324.4,254.7,260.6,314.7,320.9,352.9,357,346.1,350.1,291.5,299.7,289,296.1,343.6,350.6,410.8,419,364.5,368.7,395,407.4,300.1,298.7,253.2,251.6,313.4,303.2,370.1,357.6
기타상품,,,,,,,,,,,,,,,,,,,,,,,,,,,,,,,,,,,,,,,,,,,,,,,,,,,,,,,,,,,,,,,,,,,,,,,,,,,,,,,,,,,,,,,,,,,,,,,,,,,,,,,,,,,,,,,,,,,,,,,,,95.8,94.7,95.6,94.5,101.9,101.4,117.9,117.9,119.1,119,73.4,73.6,73.7,74.2,96.5,96.9,95.1,95.5,113.2,113.8,106.2,106.8,111.5,111.7,110.2,110.1,103.5,102.8,109.3,108.7,114.7,114,129.1,128.8,136,136,139.5,139.7,141.5,141.6,131.2,129.9,138,136.8,131.8,130.6,148.2,147,134.8,133.3,142.9,141.3,114.4,113.1,129.6,128.7,130.5,129.7,136.4,135,144.6,143.7,169.5,167.5,167.7,165.3,146.6,145.5,156.5,155.8,158.4,157.7,176.3,174.8,151.6,150.4,182.4,180.4,185.7,183.9,183.7,181.4,179.9,178.1,173.7,171.6,187.2,184.8,179.8,175.4,170.3,166,171.5,168.1,181.6,178.4,178.5,175.9,172,169.4,197.2,194.9,203.6,200.6,216.6,213.6,205.8,203.3,211.5,209.3,209.2,206.5,202.7,198.9,204.5,199.8,206.9,202.9,219,214.5,184.7,179.9,63.3,61.5,28.5,27.4,28.7,27.4,36.3,34.7,41.1,39.6,48,46.7,71.6,69.3,64.7,61.9,59.8,57.1,68.4,65.9,73.4,70.3,64.2,61.2,66.4,63.5,81,77.4,78.4,74.9,88.1,84.3,80.1,76.4,75.7,72.6,77.9,74.2,78,74.4,85.9,81.2,91.7,86.7,76.6,71.7,68.7,64.5,82.6,76.9,91.9,87.5
슈퍼마켓및잡화점총지수,75,89.3,80.2,94.6,75.4,88.7,77.1,89.6,80.9,94.5,82.9,97.5,84.7,99.4,85.9,98.9,93.2,103.4,80.4,89.1,78.8,89.4,81.7,92.5,86.1,95.1,77.5,84.3,82,89.5,84.2,92.5,88.5,97.7,90.7,99.3,93,100.4,95.7,101.1,100.3,105.9,88.4,95.1,84.4,91.1,88.6,94.4,95.5,100.1,80.9,84.7,86.6,90.3,86.3,90.4,93.7,98.2,94.8,99.7,96.5,102.2,100.2,104.9,106.9,108.6,91.1,93.8,86.2,90.6,91.1,95.2,90.1,92.8,96.5,98.8,89.9,92.6,89.6,92.5,94.9,98.4,96.6,100.9,99.2,103.2,103.3,105.6,107,109.3,93.5,97,91.8,96.2,91.8,95.9,106.1,110,84.8,87,94.8,97.5,93.9,96.6,100.3,103.1,100,103.3,101.6,104.7,102.2,104.6,101.6,103.3,95.7,98.7,91.8,94.8,97.2,99.9,93.9,93.2,96.7,95.3,94.1,93.8,95.8,96.1,104.5,104,104.7,104.8,105,105.2,107,106.7,108.9,108.9,98.5,99.2,95.1,96.7,95.8,96.2,100.4,100,98.6,96,94.8,93.2,98.9,97.2,104.3,103.2,100.8,100.9,105.8,106,107.6,106.7,110.3,105.6,101.9,98.6,98.8,96.5,102.4,99.3,112.6,106.8,92.4,87.6,101.1,96.5,100.5,96.8,106.4,102.7,106.1,102.6,108.2,104.6,110.1,104.1,111.5,104.7,106.3,101.5,100.5,98.2,102.5,99.1,101.4,97,106.8,99.8,103,97.7,102.5,96.9,108,102.7,108,103.7,110.3,105.9,113.3,104.6,119.5,107.5,103.2,94.8,101.7,95.7,104.5,98.2,101.7,95.6,95.2,88.8,99,93,97.9,91.3,103.6,97,102.9,97.2,103.3,98.3,108.7,102.7,110,101.9,99,91.5,98,92.5,99.8,93.4,110.6,102.1,98.5,91.3,106.1,97.3,104.2,95.9,114.3,104.5,107.2,97.9,104.3,95.1,110,98.3,122.4,106.9,97.1,85.1,100.1,90,107.6,96.5,104.3,92.1,103.6,89.8,99.2,86.2,101,87.9,104.6,91.1,103,90.3,108.1,94.6,107.9,93.3,120.8,103.1,100.5,86.6,97.7,83.9,103.3,88.2,119.2,100.3,87.8,73.9,102.7,86.6
음식료품,71.5,85.6,77.1,91.3,70.5,83,73.3,85,77.5,90.3,80.2,94.6,82,96.3,83.8,96.3,90.8,99.6,75.7,83,74.6,84.2,77.1,87.1,83.3,91.2,74.4,79.9,78.9,85,81.3,88.4,85.5,93.7,88.8,96.7,91.4,97.7,95,98.8,99.2,103.3,85.3,90.9,81.7,87.5,84.9,89.6,94.1,97.6,78.8,81.9,84.9,87.5,84.8,87.6,92.6,95.8,94.4,98.2,96.2,100.7,101.3,104.8,109.1,109.2,91.1,92.5,85.9,89.3,90.7,93.7,85.8,86.8,92.9,93.6,85.1,86.5,86.1,87.4,91.6,93.7,93.7,97,96.3,98.9,101.1,101.7,105.7,106.2,91.2,93.5,88.9,92.6,89.1,92.4,104.9,107.7,81.7,83.2,93.6,95,93,94.5,99.5,101,99.6,101.5,100.8,102.4,101.8,102.7,101,101.4,94.9,96.9,90.8,93,96.1,97.8,95.5,95.9,97.8,97.4,93.3,93.8,96,96.6,105.9,105.1,105.9,105.5,104.6,104.4,106.8,105.9,109.2,108.5,97.1,97.4,94,95.5,93.9,94,101.9,101.1,99.3,96.1,93.1,91.2,98.7,96.6,105.5,104.2,101,101.2,105.8,106.1,108.1,107,111.4,105.4,101.6,97.5,98.8,96.1,103.3,99.5,115.7,108.3,92.4,86.4,101.4,95.6,101.3,96.5,106.8,102.1,106.9,102.6,108.3,103.7,112,104.4,113.5,104.8,107.8,101.8,100.9,97.8,103,98.7,101.2,95.6,108.6,100,101.6,94.9,102.8,95.6,108.3,101.7,108.4,102.9,110.1,104.3,114.4,103.5,122,106.9,102.9,92.4,101.2,93.6,103.3,95.4,102.3,94.5,95.7,87.8,98.6,91.3,99,90.9,104.5,96.4,103.7,96.6,103.5,97.3,110.4,102.8,113.3,103,100.1,90.8,98.1,91.2,99.1,91.3,113.4,103.2,100.2,91.6,109.2,98.5,106.8,96.8,115.9,104.2,108.1,96.9,105.6,94.3,113,98.5,128,108.8,97.7,82.9,102.1,89.5,110.4,96.6,107.6,92.6,108.5,91.5,101.9,85.8,104.5,88.4,107.7,91.2,104.8,89.2,110.9,94.2,111.3,93.4,125.9,104.1,102,85.2,99.3,82.5,104.9,86.8,125,102.3,90,73.4,104.7,85.4
기타상품,89.9,104.9,92.9,108.1,95.6,112.5,92.7,108.5,95.4,111.5,93.8,109.3,95.8,111.9,94.1,109.7,103,119.2,99.5,114.6,96.2,110.9,100.6,115.3,97.6,111.5,90.1,102.5,95.1,107.8,96.1,109.7,101.3,113.8,98.3,110.1,99.2,111.7,98.6,110.7,104.9,116.9,101.4,112.9,95.6,106.1,103.4,114,101.3,110.4,89.1,96.2,93.5,101.9,92.6,101.8,98.4,108,96.7,105.9,97.8,108,95.6,105.1,97.3,106.4,90.9,99.5,87.6,96,92.6,101.6,108.2,117.4,111.7,120.4,109.5,118.1,104.4,113.5,108.5,117.5,108.6,117.5,111.4,121.1,112.5,122.3,112.4,122.1,103,111.7,103.8,111.1,102.6,110.4,111.3,119.2,97.1,103.2,99.9,107.6,97.6,105.7,103.6,111.6,101.5,110.5,104.9,113.7,103.6,112.5,103.6,111.5,98.8,105.9,95.5,102.1,102.1,108.7,86.9,81.9,92.4,86.3,97.5,93.6,94.9,93.9,99,99,99.7,101.7,106.6,109,107.6,109.8,107.6,110.5,104.4,106.9,99.8,101.8,103.7,105.6,94.4,95.3,95.6,95.7,101.9,101.6,99.8,100,99.2,99.3,99.9,99.7,105.7,105.7,105.4,105.6,106.1,106.1,103,103.3,98.5,98,98.6,98.6,99.9,100.6,92.6,92.6,99.9,100.4,97,97.8,104.5,105.3,102.7,102.5,107.7,108.4,102,102.9,103,104.2,100.1,100.4,98.9,99.6,100.3,101,102.2,102.9,99,99.1,108.6,109.1,101.5,102.4,106.4,106.9,106.4,107,111.2,112.4,108.4,109.4,109.3,110,104.5,104.9,104.1,104.7,109.6,110.1,99.4,100.2,92.9,92.7,100.5,100.2,92.9,93,99.8,99.7,99.5,99.6,102.5,102.6,101.7,102,96.3,97,94.6,94.5,97.5,97.9,102.8,102.2,99,97.8,91.5,90.1,93.1,92.1,93.1,92.1,107.6,105.8,103.6,101.9,98.6,98.2,97.4,97.1,98.7,99,94.5,94.3,91.7,91.9,95.9,95.9,90.2,90,82.9,82.9,88.1,88.1,86.1,86.1,91.6,91.1,95.6,95,96.5,96.2,93.4,92.9,99.3,98.8,94.1,92.8,90.9,89.7,96.7,94.3,94.7,92,78.8,76.3,94.1,91.9
편의점총지수,39.1,54.1,37.9,52.1,42.4,58.4,42.7,58.3,48,65.5,48.6,66.8,52.5,72,54.1,73.3,50.6,66.6,52.8,69.2,49.1,65.5,49.5,65.8,46.3,60.5,44.4,57.3,49.9,64.5,51.6,67.1,56.8,73.7,58.5,75.5,59.8,76.5,62.8,79,61,76.6,60.6,76.9,60.1,76.5,56.7,71.3,56.6,70.2,52.8,65.1,61.8,76.2,61.1,75.9,70.2,87.1,68.2,84.8,72.2,90.5,74,92.1,72,87.6,71.1,87.4,66.3,82.6,64.3,80,60.8,74.7,58.6,71.5,67.8,83.2,68.5,84.3,74,91.4,74.3,92.2,76.4,94.8,80.3,98.3,76.6,93.9,75.7,93.7,69.1,85.9,69.8,86.9,67.2,85,62,75.6,72.8,89.2,72.9,89.5,79.8,97.7,79.4,98.1,82.3,101.2,82.8,101.7,83.9,102.2,81,99.4,77,94.8,84.7,103.8,70.9,75.4,74.3,77.2,90.8,92.5,95.4,96.1,106.5,105,106.9,105.5,109.9,108.6,113.4,111.7,111.5,110,114.6,113.6,103.1,102.7,102.8,101.7,98.8,97.9,96.3,94.4,109.5,108.4,113.4,112.5,122.7,122.2,122.7,122.9,127.5,127.7,132.4,132,129.5,125.9,129.3,126.8,119.7,118,118.8,116.7,116.2,112.8,110.9,107.3,124.8,121.8,130.1,127.5,139.6,137.2,140.4,137.4,145.5,142.9,148.3,143.8,149.1,144.1,146.7,143.1,135.6,134.4,134.5,132.5,129.7,126.9,123.2,118.6,143.8,140,144.3,140.5,153.9,149.9,156.9,154,160.8,157.9,163.1,156,159,149.3,156,148.8,146.5,141.9,142.4,137.8,140.2,136,129.3,124.3,149.9,144.7,150.4,144.7,164.5,158.6,163.3,158.1,166.3,161.8,170.6,165.4,164.8,157.7,166,158.3,155,150.2,153.1,147.2,150.3,142.3,141.3,134.3,147,139.2,148.5,141,167.2,157.6,168.9,158.6,174,165.2,175.9,165,170.2,158,172.2,159.7,160.6,151.5,158.2,149,154.9,144.5,145,134.1,164.2,152.3,167.4,155.2,176.1,163.1,176.8,163.9,187.3,173.2,184.6,169.7,186.5,169.7,185.2,169.2,172,157.1,172.7,156.8,169.7,152.3,155.6,139.9,182.5,164.5
음식료품,38.7,46.4,37.8,44.9,42.4,50,43.3,50.3,49.9,58.3,51,60.3,54.6,64.3,56.7,65.1,52.7,57.8,55,60.3,51.5,58.2,50.5,57.1,47.3,51.9,46,49.5,52.2,56.3,53.9,58.6,60.2,66.1,61.1,66.5,63.3,67.7,67.4,70,65.9,68.6,64.4,68.6,63.9,68.4,59.2,62.4,59.3,61.5,55,57.1,65,67,64.5,66.7,75.6,78.3,74.2,77.2,78,81.7,80.8,83.6,78.4,78.5,76.6,77.8,70.4,73.1,67.4,69.5,63.2,63.9,61.6,62,71.7,72.9,72.5,73.6,79.4,81.3,80.9,83.7,82.3,84.6,88.7,89.2,84.3,84.7,82,84.1,74.4,77.5,74.2,77,71.8,73.7,66.2,67.3,78.3,79.4,78.5,79.7,87.1,88.4,86.5,88.2,89.8,91.3,90.6,91.4,90.7,90.9,87.4,89.3,83,85,82.4,84,75.7,76,75.4,75.1,90.1,90.6,94.4,95,107.4,106.6,106.9,106.4,109,108.8,114.4,113.4,112.3,111.5,113.8,114.1,100.9,102.5,99.7,99.8,96.5,95.8,94.9,91.9,108.5,106.2,114,111.5,124.9,123.4,126,126.3,131.2,131.5,138.9,137.5,135.7,128.5,133.3,127.9,122.6,119.3,120.4,115.9,119,111.4,113.8,106.4,129.6,122.2,136.9,130.4,148.7,142.2,149.9,144,155,148.5,158.7,147.9,159.7,147.4,155.6,146.9,140.2,135.9,138,132.2,131.8,124.6,127.6,117.4,148.8,139,151.1,140.6,161.7,151.8,169.8,161.2,173.6,164.6,178.6,161.5,173.2,151.7,165,148.2,154.5,142.9,148.4,137.1,144.1,133.1,134.5,123.4,156.8,145.2,158.8,145.9,176.4,162.8,177.2,164.9,176.6,165.9,185.3,172.6,177.2,161.1,177.1,160.7,164.2,152.7,159.6,147,156.3,142.2,143.5,131.2,149.6,135,150.7,136.6,171.5,154.2,176.8,158.5,179.3,160.2,184.9,161.3,179.9,152.9,180.7,153.4,167.4,146.8,167.2,146.3,164.4,141.4,152.1,128.2,167.6,141.2,175.4,148.3,186.4,157.8,188.9,160.8,204.3,173.6,200.5,168.2,202.2,167.2,199.8,166.9,180.1,149.7,182.9,151.2,183.1,149.8,162.3,132.3,184.8,150.6
기타상품,39.5,66.3,38,63.5,42.4,71.7,42.2,70.9,45.8,77.1,46.1,77.1,50.1,84.3,51.2,86,48.4,80.5,50.4,83.3,46.5,77.1,48.4,79.7,45.1,74,42.7,69.7,47.4,77.4,48.9,80.5,53.1,85.8,55.7,89.7,55.9,90.5,57.7,93.2,55.7,89.1,56.3,90,56,89.2,54,85.3,53.6,83.8,50.4,77.8,58.2,90.7,57.4,90.5,64.3,101.1,61.5,96.6,65.9,104.6,66.6,105.4,64.9,101.9,65.2,102.5,61.9,97.6,61,96.4,58.2,91.8,55.4,86.5,63.5,99.5,64.3,101.2,68.2,107.5,67,105.5,69.9,110.8,71.1,112.7,68.3,108.4,68.8,108.9,63.3,99.1,64.9,102.5,62.1,102.8,57.4,88.7,66.8,104.7,66.8,105.1,71.8,112.3,71.6,113.8,74.1,116.8,74.3,118.1,76.5,119.9,74,115.5,70.6,110.2,87,135,66.1,74.8,73.2,79.3,91.5,94.3,96.3,97.3,105.6,103.3,106.9,104.6,110.8,108.5,112.3,109.9,110.7,108.5,115.5,113.1,105.2,103,105.9,103.6,101,100,97.6,97,110.5,110.5,112.8,113.4,120.5,121.1,119.4,119.3,123.9,123.9,125.8,126.4,123.2,123.3,125.3,125.7,116.8,116.8,117.1,117.4,113.4,114.2,108,108.3,119.8,121.4,123.2,124.6,130.4,132.2,130.6,130.8,135.9,137.3,137.8,139.6,138.3,140.7,137.7,139.2,131,132.8,130.9,132.9,127.6,129.3,118.7,119.8,138.9,141,137.3,140.3,146,148.1,143.9,146.7,147.8,151.1,147.4,150.5,144.7,146.8,146.8,149.4,138.5,140.9,136.3,138.5,136.2,139,124,125.1,142.9,144.2,141.8,143.6,152.4,154.3,149.2,151.2,155.9,157.7,155.8,158,152.3,154.1,154.6,155.9,145.7,147.6,146.6,147.3,144.2,142.4,139,137.5,144.4,143.5,146.3,145.5,162.9,161.1,160.8,158.6,168.6,170.3,166.7,168.8,160.3,163.2,163.6,166.1,153.6,156.4,149,151.8,145.3,147.6,137.8,140,160.6,163.7,159.3,162.2,165.7,168.4,164.6,167,170.1,172.8,168.6,171.3,170.5,172.2,170.3,171.6,163.8,164.6,162.4,162.3,156,154.8,148.8,147.7,180.2,178.7
승용차및연료소매점총지수,78.4,73.6,72.8,68.5,81.9,76.2,82.9,76.2,82.8,75.9,82.4,76.1,84.9,77.8,84.1,77.5,81.9,76.4,87.5,81.2,89.5,82.8,93.3,84.3,89.9,78.8,79.8,69.4,98.1,83.3,94.3,79.4,94.8,79.8,95,80.5,95.6,80.8,95.1,80.1,94.9,80.5,96,80.2,95,79.5,101.5,85.2,91.3,76.1,91.6,75.6,97.7,79.9,95.7,78,102.7,84.1,98.8,82.7,97.1,83,92.6,77.4,99.5,82.9,101.9,84.8,103.6,87,104.7,88.5,96.1,80.8,86.3,72.1,99.9,83.2,98.6,83.2,99.6,85.5,96.1,82.5,102.8,88,98.4,83.3,92.9,78.7,102.2,87.3,101.3,86.9,103.2,88.5,96.8,82.5,90.9,77.8,102.2,87.6,103.4,89.2,103.8,89.4,102.2,88.9,106,92.5,99.2,87,98.2,87.2,101.8,91.4,101,92.4,106.1,99.3,93,91.1,83.4,84.3,98.7,98,98.7,98.1,98.8,97.4,103.8,101.7,104.1,102.3,96.4,95.7,100.1,101.2,104,105.6,102.9,105.1,116.2,119.4,87.3,91.4,83.1,89.3,103.4,110.4,97.3,103.6,100.9,106.3,112.3,115.5,94.6,97.2,92.9,96.6,91.4,94.9,101.3,104.9,106.2,109.4,114.1,115.8,93.6,93.4,94.4,94.1,110.7,109.2,102.1,101.5,104.4,104.1,107.9,108.6,99.7,101.5,99.2,101,105.8,106.2,99.4,98.6,113.4,112.8,111.5,109.7,104.6,102.5,97.4,95,116,113.7,112.2,110.2,113.4,110.1,112.3,108.3,113.1,109.4,111.3,107,100.9,96.1,119.5,112.1,118.8,114.4,115,114.9,98.6,101.8,90.1,93.4,108,110.8,110.2,111.1,112.1,110.1,106.9,105.3,110.1,109.7,109.4,109.3,107.8,106.9,118,116.6,120.5,119.8,131.1,130,102.3,99.3,91.6,88.4,118.9,120.1,114.8,121.3,115.4,125.2,130.2,137.6,115.4,120.1,109.9,114.7,114.2,119.4,116.4,122.1,122.6,128.8,124.5,129.4,110.9,112.6,104.8,105.4,131.8,129.2,128.9,125.9,130.8,127.7,137.3,133.1,133.2,126.6,125.7,118.2,116.8,109.8,128.7,117.6,134.9,121.3,140.7,128.9,111.3,101.7,117.3,105.5,141.4,119.5
승용차,63,62.2,56.6,55.9,63.9,63.1,62.5,61.6,59.4,58.6,63.7,62.9,63.5,62.6,60.5,59.6,64.2,63.5,68.8,68.3,70.5,70.1,72.1,71.6,67.1,65.9,57.9,57.1,77.1,76.1,71.8,70.9,68.2,67,72.7,71.5,71.7,70.7,66.1,65.3,71.2,70.6,65.2,64.4,64.5,64,70.5,69.7,58.9,58,64.1,63.1,68.2,67.8,67,66.7,73.1,72.6,73.7,73.1,72.6,71.9,57.5,57,73.6,73.8,73.5,73.7,76,75.7,80.2,79.5,67.7,66.3,60.7,59.6,72.1,70.7,74.3,73,74.3,73.1,71.9,70.7,81.3,80.2,71.6,70.7,65.4,64.5,77.5,75.7,73.6,72.1,74.4,73.3,74.4,73,73.2,71.9,80.7,79.5,87.1,85.6,81,79.4,86.2,84.7,91.5,89.9,77.3,76.6,82.4,81.6,84.8,84,86.9,86.4,99.4,98,89.7,88.6,77.8,77.3,98,97.8,97,96.9,92.8,92.8,106.4,106.9,101.8,102.1,89.5,89.3,99.4,100.1,105.3,105.6,108.4,108.6,133.9,134,84.3,82.9,84.9,85.1,118.6,118.8,106.7,106.9,111.1,111.7,127.9,128.4,91.1,90.3,84.8,84,90,89,103.4,102.2,110.9,110.2,125.5,123.9,87.2,85.8,94.6,92.8,118.8,116.4,105.8,103.7,108.4,106.4,119.3,117.3,101.2,100,97.5,96.9,110,109,92.1,90.9,117.9,116.9,108.4,108.5,103.7,103.5,92.7,92.8,125.6,125.2,121.6,121,119.3,118.2,117.9,117.5,113.2,114.2,107,108.1,90.4,91.1,115.3,115.7,119.3,120.4,118,118.8,98.8,99.6,87.7,88.5,115.5,116.8,118,118.9,114.1,115.2,108.2,109.7,112.3,113.6,107,108.7,108.4,110.6,123.1,124.9,126,129.5,144.5,147.9,92.4,92.5,79.3,77.9,137.7,139.8,142.7,144.9,145,146.7,171.9,174,135.3,134.1,122.5,121.4,138.2,137.9,138.5,137.5,152,151.1,151.1,151.3,124.7,124,111.9,111.2,154.6,152.1,149.4,147.2,147.5,145.9,159,157.3,141.3,139.5,124.5,122.9,113.8,112.6,122.8,120,131.5,128.4,149,144.3,103.1,99.3,118.8,114.4,145.9,140
연료,92.3,82.8,87.6,78.7,98.5,86.8,101.6,88.1,104.2,89.9,99.6,86.7,104.5,90.2,105.7,92.1,98.2,86.8,104.6,91.8,106.8,92.9,112.6,94.6,110.8,89.2,99.8,79.3,117.3,89.1,114.9,86.2,119.1,90.1,115.3,87.8,117.4,88.9,121.6,92.1,116.5,88.4,124.2,92.9,122.9,92,129.9,97.6,120.9,90.6,116.9,85.8,124.7,89.7,122.1,87.1,129.7,93.3,121.8,90.4,119.6,92,124.8,93.8,123.2,90.4,127.8,93.7,128.7,96.2,127.1,95.8,122.3,92.6,109.7,82.3,125.4,93.2,120.9,91.5,122.8,95.4,118.3,92.1,122.6,94.1,122.9,93.6,118.1,90.2,124.9,96.6,126.8,98.9,129.6,100.7,117.3,90.2,107.1,82.7,121.8,94.3,118.4,92.2,124.7,97.5,116.8,92.2,119.4,94.6,119.1,95.4,112.7,91.7,117.5,97.4,113.8,97,112.1,100.3,95.9,93.4,88.5,90.7,99.2,98.1,100.3,99.2,104.4,101.6,101.5,97,106.3,102.5,102.7,101.5,100.7,102.3,102.8,105.7,97.8,101.9,100,106,90,99.2,81.5,93.1,89.5,102.7,88.6,100.6,91.6,101.4,97.9,103.7,97.9,103.5,100.3,108.1,92.6,100.3,99.3,107.3,101.8,108.7,103.7,108.4,99.4,100.4,94.2,95.4,103.3,102.7,98.7,99.4,100.7,102,97.6,100.6,98.4,102.9,100.8,104.8,101.9,103.7,106,105.7,109.3,109.1,114.4,110.9,105.5,101.5,101.7,97.1,107.2,103.1,103.6,100.4,108,102.7,107.2,99.9,113,104.9,115.3,106.1,110.6,100.7,123.5,108.9,118.3,108.9,112.2,111.4,98.4,103.8,92.3,97.9,101.1,105.3,102.9,103.9,110.3,105.5,105.7,101.2,108.1,106.2,111.6,109.8,107.3,103.6,113.4,109.1,115.5,110.9,118.9,113.6,111.4,105.4,102.8,98.1,101.8,102.2,89.2,99.7,88.4,105.5,92,104.3,97.1,107.3,98.3,108.6,92.3,102.4,96.2,107.9,95.6,108.4,100.3,109.3,98.2,102.1,98.4,100,110.9,108.3,110.2,106.4,115.5,111,117.5,111,125.8,114.7,126.8,114,119.5,107.2,134.1,115.4,137.9,114.9,133.1,114.8,118.9,104,115.9,97.3,137.3,100.7
전문소매점총지수,91.2,95.2,91.5,95.4,98.7,103,95.4,99.5,100.6,104.9,97.8,101.8,97.1,101,91.1,94.5,101.1,104.1,103.3,106.4,104.6,108.3,108,111.2,98.9,101.3,95.3,97.2,102,104.2,101.5,103.8,109.6,112.1,106.4,109.1,102.4,104.8,96.4,98.2,102.3,103.7,106.4,108.5,110.9,113.5,109.9,111.6,105.4,107,95.8,97.1,103.3,104.5,101,102.7,108.5,110,104.3,106.3,103.4,106.5,95.9,99,102.9,104.2,104.5,106.2,108,109.8,108.9,110.5,99.5,101,96.1,97.3,101.7,102.8,99,101.6,105.7,107.6,98.8,101.1,99.1,101.7,91.6,93.6,99.2,100.2,104.5,105.9,107.8,108.2,107.9,108.3,101,101.8,95.9,97.4,100.8,100.5,94.6,94.1,104.2,104.2,98.2,99.3,97.3,98.5,93.2,93.9,100.9,101.3,100.9,100.3,106.1,106.2,107.6,107.9,96.4,96.2,97.4,96.9,103,102.8,100.5,101.1,104.9,105,90.1,90.1,93.2,93.2,92.5,92.2,99.4,99.4,107.1,107.6,109.3,109.4,106.2,106,97,97.1,96.7,95.9,103.7,103.1,102,100.6,108.1,106.5,96,94.9,97,96.2,94.2,93.1,98.4,96.3,106.7,105,107.6,106.5,106.5,105.3,97.6,96.1,91,89.3,100.1,98.8,101.9,100.8,104.2,102.4,95.9,94.4,96.6,95.3,89.8,87.9,100.6,98,105.4,103.1,108.9,107.1,106.4,104.2,95.1,93.7,94.1,91.9,104.5,102.3,101.6,99.4,103.9,101.5,97.2,95.2,96.8,95.2,93.5,91.3,101.8,98.2,104.6,101.6,107.1,104.4,105.1,102.5,95.8,93.5,89,86.4,103.4,100.8,99.6,96.6,103.6,100.7,95.8,93.4,91.4,89.1,90.6,88.2,94.8,91.5,99.5,96,102.2,99.3,101,97.8,95.1,92,81.3,78.6,77.2,74.7,84.6,81.8,98.3,94.6,90.3,87.1,84,80.7,82.2,78.8,88.9,84.2,91.4,87,90.9,87,87.1,83.1,82.4,79.2,82.9,79.1,91.5,88.1,92.6,88.9,95.2,91.6,90.1,87.1,90.1,87,87.9,84.5,100,95,102.4,97.9,100,95,101.2,95.4,95.9,89.8,88.3,83.5,99.9,94.5
가전제품,66.3,60.5,66.7,61.1,81.2,74.5,70.5,64.7,78.7,72.6,96.7,89.6,110.2,102.3,95.4,88.5,78.8,73.1,88.9,81.8,103.1,95.4,101,93.9,77,71.6,72.3,67.5,91.3,85.6,81.5,76.6,96.8,90.8,111,104.5,127.4,121.3,98.4,93.9,80.9,77.3,82.4,78.9,108.3,104.3,89.6,86.1,73.5,71.1,72.4,70.2,84.9,82.3,71.9,69.8,87.9,85.4,89.7,89,117.9,119.1,105.6,107.6,78,77.7,86.5,86.8,99.8,101.1,85.7,87.1,74.4,75.4,70.2,71,88.8,89.9,81.9,82.5,100.6,101.5,116,117,123.3,123.9,109.8,110.6,83.1,82.4,97.4,95.2,106.9,105,95.2,94.1,72.2,71,71.5,70,82.7,81.1,81.4,80.6,96.4,95.1,110.5,110.3,115.9,116.6,98,97.9,88.8,89.3,86.8,87.5,107.1,110.2,93,95.6,80.6,81.2,79.9,79.6,88.1,88.9,89.3,89.5,105.7,104.8,97.3,97.2,122.7,123.5,118.8,118.6,91.4,91.6,106,106.1,119.8,119.6,100.3,99.4,88.8,87.9,88.7,87.7,97,96.5,95.3,95.1,109.2,109,119.8,118.9,146.8,146.5,141.3,140.3,101.6,100.8,109.5,110.3,113.1,117.1,103.2,107.4,86.3,89.8,87.2,89.6,101.8,103.8,107,109.2,133.8,135.9,136.1,139.7,155.5,162,123.2,127.7,100.9,104.5,114.8,118.5,122.5,127.4,112.6,116.8,105.3,109.1,101.1,106,121.7,127,129,136.8,146.4,153,144.4,153,168,176,153.2,160.8,109.1,114.8,121.1,128.3,129.6,138,113.6,121.6,102.8,109.5,92,96.9,121.9,128.4,115.5,120.6,131,137.5,121.2,127.8,113.6,119.8,112.9,120.8,89.9,96.5,97.6,104.1,105,112.6,100.4,108.6,96.1,103.8,99.4,107.2,99.6,108.4,110.6,120.6,133.6,143.8,145.2,156.6,123.3,134,141.6,154.4,114.6,124.9,111.1,120.3,119.1,129.9,117.9,127.9,112.4,122,107.2,117.2,130.4,144,121.5,133.3,129.7,142.3,131.1,145.3,147.4,162.8,124.6,137.5,108.1,119.3,111.9,122.7,119.4,130.8,114.7,125.7,111.2,121.9,101.8,110.9,111.9,123.3
통신기기및컴퓨터,99.5,80.9,103.3,84.4,106.9,87.6,93.4,76.8,104.3,85.9,105.5,86.9,109.3,90.1,103.3,85.3,112.3,92.7,105.7,87.2,108.3,89.6,116,96.2,120,99.6,120.7,100.3,120.5,101.4,111.7,95,136.1,117.5,139.4,120.4,121.3,105.2,122.7,106.5,114.5,99.6,124.5,108.3,137.6,123.2,123.3,110.5,140.1,125.5,124.4,111.8,126.4,114.4,113.3,102.3,124.8,112.5,137.7,124.4,138.5,125.1,141.7,127.8,130.7,117.9,121.9,110.5,130.1,117.9,142.7,128.9,133,120.5,129.6,118.1,112.1,102.6,112.2,107.6,116.9,109.3,112.3,105,116.6,108.4,106,98.7,110.7,104.1,119.5,112.5,115,108.6,118.2,111.6,126.1,119.3,135,127.9,100.1,95.2,75.7,72.3,106.4,101.2,103.3,100.1,99.4,96.4,93,90.2,98.4,96.4,78.1,76.8,96.5,94.5,107.5,107,114.4,112.3,107.5,105.5,103.4,101.5,98.8,100.3,102.7,104.2,96.2,94.8,96.7,95.4,94.6,93.3,91,91.5,100,102.3,98.8,100.9,95.9,98,97.5,101.6,98.2,101.7,103.7,107.6,100.8,98.5,103.2,100.3,93.2,90.7,95.9,93.3,100.6,97.8,84.8,82.2,101.2,98.1,96,95.5,93.6,93,95.9,94.9,96.2,95.4,98.8,101.3,107.9,107,103.2,102.2,93.1,91.5,101,96.5,92.7,88.6,108.9,104.4,103.4,99.1,124.2,119,111.1,106.2,107.5,105.5,98.3,96.4,110.1,107.9,93.8,89.4,94.5,90.2,85.7,81.9,83.4,81.6,96.8,94.5,86.9,84.8,84.1,82.1,98.5,96.2,86.2,84.2,81.9,80.2,76.3,76.3,96.1,96.3,84.6,82.6,85,83,82.6,80.7,83.5,83.1,100.4,97.5,81.3,78,90.3,86.3,90.7,89.5,82.7,81.6,78.4,78.7,77.2,77.6,77.4,78,71.1,69.7,73.5,72.1,68.8,65.9,70.1,67.1,82.9,79.2,72.6,69.5,71.7,69,73.7,70.9,70.2,68,81.4,83.7,69.8,71.8,72.9,75.1,67.2,69.3,64.7,68.1,64.1,67.4,64.3,67.5,83.6,88.1,75.7,79.7,81.2,87.4,74.6,76.3,70.2,71.7,67.9,69.5,81.9,83.8,77.4,79.7
가구,93.9,103.7,95.1,104.9,105.3,117.1,100.3,111.5,100.3,110.6,98.7,108.8,96,105.9,98,107.2,104.6,114.4,113,123.7,106.3,116.3,105.7,115.5,96.3,103.2,100.2,107.3,109.8,116.8,108.7,115.4,107.4,114.1,101.4,106.5,97.5,101,100.1,103.8,100.2,102.9,109.5,112.6,104.6,107.5,104.4,107.3,101.7,104.6,102.6,105.4,115.2,118.3,108.8,111.7,107.1,109.7,100.4,102.9,93,94,88.8,89.6,91.1,91.8,99.3,100,104.3,105.1,103.5,104.4,90.9,91.5,86.7,87.4,108.4,111,98.3,102.1,96.1,100.7,92.7,95.9,85.3,88.2,86,89.2,88.8,92.2,95.3,98.8,94.7,97.8,93.2,96.3,86.7,89.6,93.5,96.5,107.1,108.3,95,97.8,95.7,96.5,94.3,96,92.3,93.8,91.2,93.1,93.4,96,104.6,107.1,97,98.2,94.6,95.9,95.4,97.4,92.6,93.1,114.5,114,102.8,103.1,104.1,104.3,95.1,95.3,95.8,96.1,100.2,100,98.2,98.1,106.3,105.4,100,99.2,94.9,94.1,90.3,88.6,91.6,89.4,104.7,100.1,102.7,97.4,99.4,94.4,98,93.1,95.3,90.5,102.1,96,98.9,93,112.9,106.2,106,100.3,110.1,102.7,104,97.3,108.8,101.8,115.1,107.6,100,93.4,99,91.7,98,89.9,96.8,88.9,94,86.3,94.6,85.6,85.3,77.5,89,80.9,99.1,90,87.3,78.7,84.4,74.5,107,93.2,96.6,83.8,92.5,80.3,90.8,78.8,87,75.5,92.7,80.5,95.4,83,106.7,92.8,94.5,82,102.9,89.5,105.7,87.2,103.1,83.8,116.2,94.5,109.4,89.1,98.9,83.7,97.7,82.8,98.9,80.3,102.7,83.7,99.7,81.4,111.8,91.4,99.9,81.5,114.5,93.5,103.8,85.5,108.8,89,107,87.5,119.7,98.4,124.2,101.4,111.8,91.8,114.7,94.1,111.5,91.1,108.3,88.1,120,98.2,115.7,93.5,124.2,101.6,115.3,93.8,109.3,89.5,122.9,102.3,122.3,101.6,117.3,95,110.5,88.3,115.1,88.9,113.6,87.5,108,80.5,129.7,96.5,118.4,87.4,115.8,84.6,114.1,81.9,98.4,71.8,114.8,83.5
의복,92.7,111,91.3,109.6,95.4,114.4,100.5,120.4,105.8,126.6,96.8,114.9,89.7,106.4,79,93.7,94.8,112.4,107.8,127.8,114.4,133.9,119.6,139.9,96.2,112.5,86.9,101.5,90.5,105.5,100.7,117.3,107.1,123.2,97.9,112.4,89.4,102.6,76.5,87.7,93.2,107,106,121.6,114,127.6,123,137.7,104.1,116.5,86.5,96.5,93,103.7,100.5,111.9,110.4,121.3,97.9,106.8,88.9,96.9,69.1,75.2,92.9,101.2,107.3,117,119.4,128.2,118.3,127.1,107.7,115.7,94.5,101.5,110.1,118.2,105.6,113.3,115.1,122.3,97.1,102.8,91.4,96.8,72.9,77.2,93.6,99.1,112,118.6,128.6,131.6,124.4,127.5,102,104.5,88,90.1,110.2,112.9,111.2,113.9,118.5,120.6,96.9,98.1,88.5,89.5,83.2,84.2,100.1,101.2,117.4,118.8,127.5,127.5,127.7,127.7,96.2,96.4,91.8,92.2,102.6,103.1,106.1,106.7,108.6,108.8,77.4,77.6,78.7,78.8,77.3,77.4,92,92.1,117.9,118.1,130.9,129.4,120.6,119.2,98.3,97.2,86.3,85.3,100.9,99.7,105.8,104.6,112,110.1,88.4,86.9,83.6,82.2,71.2,69.9,87.1,85.6,114.5,112.5,127.5,124.6,121.3,118.6,96.8,94.6,83.9,82,94.7,92.5,108,105.4,104.2,101.4,87.2,84.8,81.4,79.2,69,67.1,88.2,85.8,112.8,109.8,129.5,125,118.8,114.7,80.6,77.8,82.2,79.3,103.4,99.7,99.7,96.1,104.8,101,89.8,86.6,84.2,81.2,73.5,71,101.4,97.8,123.3,118.9,128.4,123.4,118.4,113.8,89.7,86.3,83.3,80.1,104.4,100.8,97.1,94,107.6,104.1,90.3,87.4,77,74.5,71.5,69.2,86.8,84,102,98.6,115.4,110.7,101.3,97.3,80.7,77.6,57,54.7,52.4,50.4,70.2,67.4,93.6,89.8,75,72,64.7,62.1,53.5,51.4,67.3,64.6,97.5,93.7,93.1,89.3,68.4,65.6,60.9,58.4,63.4,60.8,82.9,79.5,91.4,87.6,96.5,92.5,75.8,72.7,73.9,70.9,65.2,62.6,90,86.3,113,108,108.6,102.6,94,88.8,78.2,73.8,65.4,61.7,83.5,78.8
신발및가방,67.7,76.9,72.3,81.9,79,89.6,76.7,87,84.7,96.1,74.8,84.8,71.7,81,61.7,69.8,73.4,82.5,77.6,88.6,78,98.3,77.2,86.6,68.7,77.5,73.9,83,80.6,90.5,81,91.4,91.6,102.1,81.3,90.5,80.5,87.2,69.1,74.9,82.5,89.4,87.7,98.5,84.1,91.2,86.2,93.5,77.2,84.1,79.2,82.4,82.7,86,88.4,94.6,103.8,107.8,87.4,91.1,84.5,89.4,71.5,75.5,81.2,84.2,89.2,95.2,84.5,87.6,94.3,97.9,85,88.3,96.8,99.8,106.2,109.3,91.3,100.5,110.9,117.8,97,103.4,94.3,105.4,83,88.5,96.9,99.1,97.9,99.8,102.3,104.1,108.1,110.2,86.8,89.4,93.3,95.8,104.6,106.3,103,104.5,112,114,95.3,96.4,97.1,98.9,96.8,98.4,102.6,104.1,106.6,108.3,102.8,104.4,97.8,99.6,81.2,81.7,95.3,95.6,108.5,108.4,104.5,107.6,120,120.1,79.5,79.6,89.1,89,87.2,86.4,103.1,100.1,112.4,113.2,111.1,111.6,108.3,106.7,91.7,93.2,110.8,106.8,114.1,110,120.1,115.5,127.5,122.8,93.8,90.3,98.9,99.8,97,93.4,110.7,106.7,121.7,117.8,106.5,107.3,114,111,93.1,92.8,107.3,102.5,112.7,107.6,112.3,114.9,116.2,110.9,93.4,88.6,94.9,94.3,94.5,89.4,105.3,99.2,123,117,107.6,107.1,111.2,104.8,98.2,96.6,113,106.8,125.9,119.2,119.9,118.5,124.8,117.4,112.1,105.6,106.9,100.9,91.7,86.5,116,109.6,119.5,112.9,120.8,113.2,115.5,108,103.7,100.8,118.5,110.9,132.6,124,122.5,114.3,132,123.2,121.1,112.5,106.5,99.1,95.5,88.9,115.6,106.8,121.9,112.6,118.7,109.7,117.5,108.6,103.1,96.4,78,72.3,80.1,74.2,89.9,86,124.4,115.3,91.9,85.3,80.3,73.1,67.9,61.8,78.5,71.2,101,92,94.4,85.8,75.6,69.1,66.7,61.3,77.2,70.5,92.9,84.6,96.8,89.3,99.5,90.6,88.3,80.4,78.1,71.1,71.3,64.8,91.5,83.7,101.3,93.6,95.2,86.7,89.6,81.3,87.2,79.1,82.5,74.1,94.5,84.7
오락,취미,경기용품,64.9,67.4,64.5,67.3,79,85.1,91.3,98.2,96.3,100.5,98.2,102.7,94.7,98.7,86.7,90.4,94.9,98.9,101.1,105.5,78.6,82.1,81.7,85.4,68.7,71.7,68.6,71.5,82.1,85.5,98.7,100.9,103.7,106.4,103.8,106,99.6,103.2,94.2,97.8,106,111.5,119.2,122.7,88.8,93.2,84.9,88.4,68.8,71,66,68.1,84.4,86.3,101.3,103.1,109.1,112.9,112,115.1,103.5,106.4,90.1,92.6,106,109.2,118.1,123.4,84.2,86.7,82.9,85.5,59.8,61,59.9,59.5,86.1,85.5,96.2,99,100.8,102.7,98.2,101.3,95.6,99.1,91.2,93.5,101.1,103.6,108.7,111.5,95.7,100.5,82.5,85.8,70.3,73.9,73.8,76.5,95.8,93.9,93,94.5,105.7,106.4,99.8,100.4,104.8,105.5,100,100.6,113.9,116.6,118.9,120.7,95.5,96.5,88.9,90.3,86,86.8,72.7,73.2,94.1,94.7,102.7,103.5,119.9,120.7,103.5,104.3,100.5,99.9,100.5,100,110.2,109.6,122.9,122.2,94.6,93.6,92.4,91.5,74.1,73.3,71.8,69.7,99.6,96.7,102.7,98.5,117.3,112.7,105.9,101.7,104.7,100.7,98.5,94.9,109.5,105.7,128.2,123.3,99.6,95.6,93.2,90.9,73.5,71.1,72.5,70,99.6,96.2,106,102.4,108,104.3,102.5,99.1,96.2,92.9,93,89.9,105.3,102.2,114.8,111.5,95.7,93.9,84.9,83.6,71.7,69.8,73.3,71.3,94.7,91.9,103.3,98.6,108.2,103.1,101.2,96.4,93,90,90.7,87.9,101.1,97,101.7,99.3,88.2,86.4,83.8,82.1,69.8,67.8,70.8,68.2,87.7,84.7,94.3,91.5,108.3,104.7,97,97.1,95.4,95,91.7,91.5,94.4,93.5,105.5,105.2,94.3,93.6,85.1,85.2,70.6,68.7,67.4,64.7,79,75.9,101.8,97.9,131.6,126,110.2,105.4,107,101.7,90.4,86.2,99.2,94.7,108.6,103.7,96.4,92,83.8,80.2,71.4,68.5,84.5,81.5,103.1,99.7,111.5,107.6,120.6,117,114.2,110.9,116,113.4,117.3,114.7,130.7,126.2,134.4,130.1,108.1,105.6,97.2,94.4,87.9,84.4,90.1,86.2
음식료품,102.1,122.5,100.5,119.2,98.4,115.9,94.8,110.2,98.3,114.7,93.7,110.7,90.7,106.6,92.2,105.9,126,138.2,107.7,118.1,105,118.6,106.3,120.1,111.2,121.9,102,109.5,96.5,104.1,97.7,106.1,100,109.7,94.9,103.2,96.6,103.3,100,103.9,121.7,126.8,105.3,112.2,108,115.6,107.8,113.7,124.7,129.3,98,101.8,101.6,104.7,99.9,103.3,103,106.6,95.5,99.3,94.5,98.9,93.3,96.5,121.6,121.5,105.4,106.9,104.1,108.2,105.5,108.9,97.1,98.3,108.9,109.7,91.5,93,91.4,92.8,96,98.3,90.5,93.6,88.8,91.3,96.1,96.7,126,126.5,105.5,108.1,105.6,109.8,108.3,112.4,125.8,129.2,92.3,93.9,95.2,96.5,91.7,93.2,94,95.5,90.4,92.1,90.3,91.8,98.2,99,115.4,115.7,100.2,102.3,102,104.5,102.9,104.8,97,97.4,120.7,120.2,94.8,95.4,93.7,94.3,97.2,96.5,88.3,87.9,89.9,89.7,90.8,90,125.1,124.3,95.6,95.8,101.2,102.8,105.7,105.7,103.2,102.4,120.5,116.7,95.5,93.5,97.3,95.2,101.3,100.1,91.3,91.6,89.8,90,91.1,90.1,122.8,116.3,98.5,94.5,100.6,97.8,104.9,101.1,118.5,110.9,90.8,84.9,91.8,86.5,92.1,87.8,93.4,89.3,88.6,85.1,88.8,85,88.6,82.6,114.6,105.7,105,99.2,93,90.2,96.1,92.1,90.4,85.4,106.2,97.7,91.4,85.4,95.9,89.2,89.4,83.9,84.9,80.6,85.4,81,86.1,77.9,121.7,106.6,96,86.2,97.7,90.4,100.6,92.9,101.1,93.3,93,85.3,85.3,79,98.1,90.1,90.5,83.5,89.7,83.5,86.9,81.6,83.1,77.4,107.9,98.1,91.6,83.1,90.4,84,100.3,92.4,117.1,106.5,91.1,83.3,76.1,68.7,80.2,72.7,90.8,81.6,81.4,73,78.9,70.5,83,72.4,121.6,103.4,84.8,72,83.2,72.9,98,85.7,89.4,76.9,105.3,88.8,80.2,67.5,82.9,70.1,86.2,73,80.6,68.6,81,68.8,83.9,70.4,124.7,103.1,88.2,73.7,84.9,70.6,110.2,91.2,123.8,101.3,76.6,62.4,78.9,64.3
의약품,91.1,91.5,86.3,86.5,92.8,92.9,96.1,96.1,97,97,95.5,95.4,94.4,94.2,91.3,91.2,94.4,94.1,96.4,96.1,97.4,96.9,99.4,98.7,96.9,95.5,87.7,86.2,96.8,94.7,95.8,93,97.1,93.9,95.6,93.1,93.8,91.5,94.7,92.1,97.2,94.4,96.3,93.6,98.2,95.4,99,95.9,96.8,92.1,95.1,90.5,99.4,94.3,94.1,94.6,96.9,97,92.3,92.2,91.4,93.2,90.5,92.1,91.7,93.3,93.4,95,92.2,93.6,90.5,91.9,91,92.1,83.9,84.7,88.3,89,92.8,93.5,94.1,94.8,88.3,88.9,90.3,91.4,88.5,89.5,89.6,90.7,92.7,93.8,90.4,91.5,94.4,95.4,94.7,95.8,93.7,94.9,95.8,96.8,96.6,97.7,96.2,97.4,94.5,95.7,96.5,97.7,92.4,93.5,94.7,95.7,97.8,98.4,98.2,98.8,102.1,102.8,99.7,99.7,94.4,94.4,105.4,105.3,103.3,103.2,100.7,100.6,96.9,96.8,100.3,100.2,98.1,98.2,96.4,96.5,100.3,100.4,101.1,101.1,103.5,103.5,104.9,105,99.1,99.1,109.5,109.7,105.5,105.6,106.5,106.6,103.3,103.4,103.1,103.2,102.5,102.9,102,102.3,103.2,103.5,105.9,106.2,107.8,108.1,105.3,105.8,101.3,101.9,110.4,111.1,108,108.6,108.6,108.9,106.6,106.9,106.4,106.6,106.6,106.8,109.1,109.3,97.6,98,103.2,103.7,103.9,104.4,105.6,106.2,101.1,101.7,109.3,109.7,110.6,111,112.3,112.6,108.8,109,110.8,110.9,111.1,111.1,109.1,109.3,109.7,109.9,111.9,111.9,113.5,114,115.5,115.7,108.1,107.9,117.1,116.4,115.9,114.9,116.3,114.8,113.2,111.4,114.5,112.3,115.7,113.3,117,114.1,118.1,115,119.3,116.4,122.1,118.7,121.8,118.6,122.9,119.1,124.2,120.2,124.5,120.9,127.7,123.7,127.3,122.9,121.6,117.4,118.6,114.5,122.1,118.4,120.1,116.2,121.2,117.6,123.3,119.2,118.6,114.9,112,108.5,121.6,117.3,123.8,119.4,130.1,126.1,133.3,129.4,133.5,128.8,130.9,126,136.3,131.4,138.9,133.8,141.7,136.3,146,140.9,141.3,136.3,161,155.1,169.9,164.1
화장품,76.5,85.9,74.6,83.6,86,96.4,79,88.8,87,97.8,77.7,87.1,74.7,82.4,70,77,78,85.9,78.6,86.5,79.9,87.8,84,92.4,80.4,88.5,78.8,86.8,83.3,91.6,82.4,90.7,88.9,97.8,79.8,87.8,74.4,81.6,71.7,78.7,79.3,87,81,89,78.6,86.3,83.8,91.7,76.2,83.4,71,78.2,77,84.7,75.7,81,81.6,87.4,73.9,79.6,69.2,74.6,68.9,74.1,77.2,82.5,79,84.4,80,86.2,84.6,90.5,81.9,88.1,87.9,94.9,93.8,101.8,85,91.8,91.4,95.2,84.1,87.1,91.9,94.3,85.5,93.5,89.4,92.1,92.6,95.2,96.4,98.5,106.8,109,92.7,95.5,95.9,97.8,96.6,98.8,92.3,95.2,100,101.8,95.4,96.6,97.3,98.9,93.2,94.4,99.2,100.8,105.2,104.8,99.8,100.8,109.8,109.5,95.4,94.7,99.8,99.5,108.5,108,101.7,101.5,102.6,102.4,91.2,92.2,85.2,85.4,91.2,90.3,103.1,104.2,108.4,109.3,104.8,104.3,107.9,108.1,104.5,104.7,96.1,95.9,106.2,106,94.8,95,101.7,101,94.9,95.3,95,96.1,94.8,96.6,97.2,98.2,102.4,104.9,94.4,96.4,104,109.3,90.6,92.9,91.7,94.4,99.3,102.1,86.9,90.1,95.2,97.5,92.8,96.6,87.7,90.3,77.7,80.5,98.8,103.3,93,96.2,92.8,96.8,107.7,112.7,98.7,103.1,101.2,105.9,111.4,116.6,107.4,111.8,110.5,116.7,112.4,117.2,110.8,117.5,93.4,98,94.2,98.7,97.5,102.5,96.1,100.9,106.5,112.3,101.7,106.7,90.8,94.8,105.3,108.9,102.3,106.3,110.3,113.5,101.1,104.7,102.9,106.8,97.9,102.4,99.4,105.1,102.5,108.9,110.2,116.8,107.6,113.2,106.8,111.6,56.6,58.9,43.1,45,60.6,63.3,66.7,69.9,67.6,70,60.7,62.6,59,60.8,54.4,55.6,54.3,55.9,59,60.6,55.7,56.8,52.5,53.5,57.8,59.1,65.6,66.9,62.2,62.9,62.5,63.2,71.9,74,62.4,64,51.6,52.6,67.1,68.5,50.8,51.3,61.7,63.6,70.5,70.2,59.7,59.3,60.3,58.3,77.5,74.9
서적,문구,107.3,127.3,101.5,120.5,153.3,179.5,113.6,133,106.1,124.2,99.4,116.3,105.6,122.6,99.9,115.9,116.5,134,106.4,122.4,95.7,110.6,106.8,123.4,100.7,116.4,100.6,115.5,155.5,175,115.4,129.8,106.6,119.8,99.4,111.5,103.2,115.1,98.3,109.6,107.9,120.2,101.4,112.9,94.8,105.7,102.8,114,95.1,105.3,98.2,107.7,142.3,154.9,111.8,121.6,99.6,108.2,93.8,102,93.4,101.2,90,97.6,97.4,105.7,91.9,99,90.4,97.6,101.4,109.2,102.4,109.9,101.8,109.2,139.1,148.5,99,105.7,90.5,96.6,88,92.9,99.6,104.9,94.4,99.3,94.3,99.2,88.4,92.9,87.8,92.3,106,110.9,103.9,108.5,102.4,106.8,141.5,146.8,100.3,104.1,92.8,96,89.8,92.7,103.3,105.9,98.9,101.3,99.5,102.2,89,91.4,95.4,97.9,114.4,115.5,103.1,103.9,96.5,96.7,139.9,140.5,95.6,95.4,88.1,88,85.9,85.8,100.7,100.6,95.5,95.3,95.5,95.4,89.9,89.8,92.8,92.6,116.5,116.1,103,102.6,100.8,100.4,136.5,136,95.7,95.2,86.9,86.4,80.6,80.1,98.6,98.1,91.3,91,93.6,93.1,82.1,81.6,89.2,88.3,106.2,104.9,96.6,95.4,92.9,91.2,125.2,123.3,87.9,86.3,86.3,84.6,84.1,81.8,91,89.1,89.2,87.3,93.7,91.9,82.2,80.5,90,88.1,113.2,110.5,97,94.7,96,93.7,133.7,131.4,88.4,86.5,85.9,84,83.5,81.5,95.1,91.6,92.4,89,89.1,85.8,81.5,78.4,82.8,79.4,109.6,105,98.9,94.8,91.6,87.5,133.4,127.9,83.1,79.5,76.9,73.5,81.2,77.4,88.7,84.4,83,79.1,83.1,79.2,75.5,72,74.1,70.5,96.6,91.9,92.5,88.6,85.4,81.9,87.9,84.5,73.7,70.7,76.6,73.5,78.5,75.4,72.6,69.8,75,72.1,73.9,70.9,67,64.3,64.8,62.2,86.6,82.9,83.8,80.1,77.7,74.4,106.5,102,68.8,65.9,66.4,63.4,70.1,67.1,78.7,75,70.4,67.1,76,72.4,66.5,63.2,69.7,66.3,95.4,90.2,93.7,88,77.4,72.5,100.7
기타상품,104.6,115.9,111.4,123,117,129.5,117.5,130.2,122.1,134.7,111.9,123.5,108.3,119.4,108,118.8,114,125.3,123.1,135.4,120.1,132,122.7,133.8,112.3,121.6,118,126.2,122.1,130.3,126.5,135.3,130.1,137.7,121.1,127.8,114.7,120.8,112.4,118.4,120,125.9,128.3,135,123.9,130.1,128.3,134.2,115.7,121.1,115.3,120.1,121.5,125.8,127.8,133,132.2,137.3,124,128.6,116.7,121.3,108.5,112.6,118.7,123,117.8,122.2,118.3,122.2,116,119.6,99.7,103.7,91.9,95.2,102.3,105.7,107.8,111.8,111.8,116.4,100,103.6,97.8,101.8,95.4,98.9,98.9,102.5,101.5,105.2,101.7,104.7,101.8,105.1,93,96.2,92.4,95.1,99.3,102.6,97.8,101.3,103.3,107.1,99.6,103.5,99.1,103.2,98.8,102.8,105.8,109.6,110.1,113.6,103.9,106.8,105.1,107.9,93.2,91.2,92.7,90.5,105,103,101.7,101.4,108.7,108.8,98.4,99.1,95.6,96.8,96.3,97.3,93.6,94.5,113.1,114.1,102.9,103.7,98.8,99.5,88.7,89.1,90.6,90.7,103.7,103.5,98.9,98.6,114.1,114,97.9,97.7,92.7,92.7,93.2,93.4,90.2,90.4,103.2,103.3,101.5,100.5,94.5,93.9,84.5,84.8,83.2,82.7,94.1,93.3,91.8,91.7,98.6,98.2,90.3,89.3,89.8,89.6,90,89.5,90.7,90.3,103.7,103.2,94.5,94.2,94,93.8,104.1,104.2,82.8,82.5,84.5,83.6,86.8,86,88.1,87,86.1,84.8,81.6,80.1,82.6,81.6,82.5,81.5,86.6,84.6,81.7,80.2,89.2,87.7,86.1,85.4,71.3,70.2,84.2,83.2,84.7,83.5,91,89.6,81.6,80.4,78.1,77,78.1,76.8,76.3,75.5,83.6,81.8,81.4,80.1,87.9,85.9,77.9,76.4,69.4,67.9,61,59.9,65.7,64.2,76.8,74.9,75.9,74.4,73.4,71.8,64.7,63.1,67.2,65.9,67.7,65.7,71.6,69.9,75,72.9,70.1,68,64.8,62.8,76.6,74.6,81.9,79.6,78.9,76.4,81.1,78.6,78.3,76.3,80.5,77.9,79.6,77.7,88.1,85,86.4,83.6,91.7,87.7,79.1,75.2,76.5,72.6,94.6,90.1
무점포소매총지수,61,65.9,56.5,61,64.4,69.6,62.3,67.3,62.8,67.8,62.9,67.9,63.6,68.5,58.8,63,63.1,67,68.4,72.7,71.3,76.1,74.1,78.9,72.6,76.8,60.2,63.4,74.7,78.7,69.5,73.4,71,74.7,68.4,71.8,68.8,72.2,68.3,71.4,68.8,71.8,73.1,76.8,76,79.8,79.7,83.1,76,79.1,74.2,77.5,78.6,81.8,75.9,78.7,79.7,82.6,75.6,78.6,79.8,83.7,73.5,76.8,76.2,78.1,83.3,86.3,85.7,88.8,87,90,84.7,87.2,73.5,75.8,82.1,84.5,82.6,85.3,86.3,88.6,82.6,85.1,86.9,89.3,78.8,81.2,80.4,81.1,90.8,92.2,91.3,92.7,93.1,94.4,86.5,88.2,82.2,83.5,91.3,92.4,88.8,90.1,88.8,89.8,87.3,88.8,92.9,94.8,87,88.4,87.7,88.7,96,97.3,99.3,100.8,107,108.4,97.9,97.7,87.6,87.2,100.4,100.2,96.7,97.1,94.5,94.3,102,102.2,101.9,102.1,91.8,91.6,96.6,96.7,107.1,107.5,110.7,110.7,112.9,112.6,112.3,111.8,101.9,100.7,115.9,114.6,110.3,108.9,114.9,113.2,112,110.8,112.2,111.2,114.4,113.1,112.3,110,121.8,120.2,131.3,129.9,126.9,125.7,122.6,120.7,118.7,116.5,130.3,127.9,124.8,123.2,130.8,128.7,126,124.2,128.2,126.7,124.1,121.7,137.1,134.2,128.1,126,154.5,152.9,145.5,143.4,146.5,144.3,132,128.9,150.5,147.4,146.1,143.1,150.6,147.6,141.8,139.3,149.9,147.6,140.5,136.8,145.7,140.5,162.7,158.2,170.6,167.1,166.6,163.1,170.1,166.5,145.6,142,172.8,168.9,167.4,162.7,176,171.4,160.3,157.1,166.7,163.6,162.8,159.5,166.1,162.2,177.4,172.6,190.5,186.7,185.3,180.8,175.3,170.2,187.3,181.9,210.5,204.2,198.1,192.2,208.5,201.7,203.9,197.2,204.7,197.3,215.8,207.5,227.6,215.6,223.9,213.3,233.1,224.5,246,235.7,233.2,222.3,208.5,198.1,239,227.8,233.7,222.6,239.3,228.2,231,221.1,241.7,231.5,233.2,221.6,244.1,230.2,254.8,241.9,263.9,250,276.3,259.1,250,231.9,233.9,218,257,238.2
가전제품,56.7,51.8,55.5,50.9,60.3,55.3,55.7,51,57.1,52.7,65.8,60.9,66.2,61.5,62.4,57.9,62.4,57.9,72,66.3,76.3,70.6,77.3,71.8,59.8,55.7,57,53.3,66.2,62.1,50.9,47.8,55.3,51.9,62.4,58.7,66,62.8,58.5,55.9,53.6,51.3,63.7,61,69.9,67.3,65.7,63,63.5,61.5,63.3,61.4,61,59.1,61.9,60.1,66.9,64.9,71.3,70.8,81.6,82.5,70.7,72.1,65.3,65,77.5,77.8,80.5,81.6,78.8,80,74,75,65.6,66.3,66,66.8,68.3,68.9,82.6,83.3,98.6,99.4,95.3,95.7,78.9,79.4,64.6,64.1,84.4,82.4,92.8,91.1,83.5,82.6,76.8,75.5,74,72.5,83,81.4,84.3,83.5,92.6,91.4,106.6,106.5,106.9,107.6,89.5,89.5,80.6,81,100.4,101.2,108.2,111.5,112.3,115.4,91.7,92.4,79,78.7,89,89.9,85.6,85.8,88.8,88,104.3,104.2,115.2,115.9,99.4,99.2,88.4,88.5,117.1,117.2,122.1,121.9,119.3,118.3,110,109,100,99,110.7,110.1,108.4,108.1,115.4,115.2,126.7,125.7,139.5,139.2,137,136,106.1,105.3,132.1,133.1,136.1,141,123.9,129,111.2,115.7,114.7,117.8,123.3,125.7,135,137.8,162.4,164.9,149.9,153.9,178.2,185.7,145.2,150.5,135.4,140.3,142,146.6,182.6,190,153.8,159.5,147.4,152.6,131,137.4,153.1,159.8,156,165.3,167.6,175.1,162.1,171.7,195.1,204.4,160.2,168.1,129.4,136.2,163.4,173.2,191.6,204,168.2,180,169.7,180.7,159.4,168.1,206.1,217.3,180.5,188.5,206.3,216.6,197.5,208.3,200.4,211.4,195.8,209.7,175.1,187.9,190.9,203.5,213.6,228.9,191.9,207.7,178.9,193.3,220.2,237.4,234,254.8,217.4,236.9,255.8,275.3,257.9,278.1,234.3,254.4,289.3,315.3,248.7,271,266.9,289,293.2,319.9,280.8,304.7,280.1,304,243.4,266.2,254.4,280.8,254.4,279,275.2,302,269.7,298.8,309.5,342,277.6,306.3,259.9,286.9,314.5,345,311.4,341,312.5,342.6,266,291.7,293.7,320.3,266.6,294
통신기기및컴퓨터,74.8,58.6,72,57.3,86.1,69.2,72.3,58.9,63.7,52.2,66.7,54.5,71,58.3,69.7,57.3,67.4,55.6,74.2,61.2,74.6,61.7,80.1,66.7,81.1,68.1,73.4,61.7,89.8,76.1,80.1,69.2,75.2,65.3,74.3,64.7,79.8,70.5,90.5,80.1,79.8,71.1,83.3,74.9,87.8,79.5,90.5,82.2,90.5,81.6,104,95,104,97.5,90.4,84.6,94.9,88.9,87,81.3,91.3,85.7,88.7,83.5,81,76.1,87.4,83.2,91,86.6,92.3,87.1,91.2,86,83,79.9,88.6,85.2,81.1,79.8,73.6,72.4,71.4,69.4,80.6,76.8,77,73.8,67.4,64.1,80.9,77.2,82.7,80,94.5,91.2,92.3,90.2,94.2,92.2,102.9,100.7,88.3,86.5,81.2,80.9,76.6,77,87.3,87.9,85.4,86.1,82.2,83.5,83.7,85.2,85.4,86.9,96.9,99.1,107.2,107.4,97.5,97.6,116.2,116.1,95.2,96.8,85.3,85.8,98,97.9,103.9,103.4,94.3,93.7,86.5,85.8,99.2,98.8,103.8,103.2,113,113.4,119.7,120.4,120.6,120.4,129.2,129.3,103.1,101.5,101,97.2,107.8,104.3,119.2,114.9,115.5,111.4,102.1,98.3,112.6,108.6,120.8,117.6,129.5,125.5,127.9,121.8,141.2,136.1,141.9,138,117.3,113.3,117.3,112.9,117.3,113.9,131.4,124.6,128.6,122,123.6,119.2,113.8,109.2,148.4,142.1,147.1,141,148.9,144.2,133.6,129.3,146.4,141.3,124.8,119.6,127.6,123.2,118.1,115.2,136.4,134.5,129.8,127,118.9,116.5,135.2,132.5,153.4,151.1,150,147.9,185.1,184,179.3,178.9,170.8,172.2,145.9,144.3,148.8,147,131.9,130.4,151.5,151.7,150.2,147.5,142.8,142,148.3,145.2,178.5,176.5,173.9,171.5,166.5,165.8,191.1,191.9,209,211.1,191.6,190.9,183.2,183.3,170.2,168.9,181.6,179.5,221,219.1,204.7,203.5,190.6,187.7,215.7,212.8,226.4,225.7,223.6,226.5,214.6,216.3,216.5,219.4,193.7,197.8,205,213.3,180.2,186.9,207,214.2,205.4,214.1,201.2,209.3,208.8,218.9,229.7,235.7,241.5,246.4,213.2,219.4,240.8,247.2,216.8,223.2
가구,49.6,54.8,44.9,49.6,53.8,59.8,53.5,59.5,55.9,61.6,55.6,61.4,55.4,61.1,50.7,55.5,55.1,60.4,66.9,73.3,66.4,72.7,70,76.7,62.5,66.9,53.6,57.4,66,70.1,62.7,66.6,61.7,65.5,56.2,59,55.5,57.6,53.6,55.5,51,52.4,58,59.6,57.7,59.4,59.5,61.2,51.5,52.9,58.9,60.5,63.8,65.4,64.3,66.1,66.1,67.7,63.5,65,62.1,62.8,60.4,61.1,62.1,62.6,71.1,71.6,68.4,69,71.3,71.9,64.6,65.1,62.1,62.6,73.6,75.3,74,76.9,76.1,79.7,66.3,68.7,72.3,74.8,68.5,71,67.9,70.5,84.7,87.8,86.4,89.3,85.9,88.8,76.2,78.8,73.1,75.4,79.6,80.5,82,84.4,74.7,75.3,72.7,74,78.7,80.1,76.8,78.4,81.2,83.5,89.2,91.3,92.6,93.9,102.8,104.2,98.3,100.4,84.1,84.6,105.9,105.4,105.6,105.8,93.9,94.2,101.2,101.5,103.2,103.5,90.9,90.8,90.4,90.2,109.5,108.6,100.7,99.9,116.2,115.2,106.9,104.8,101.8,99.4,121,115.7,109,103.4,109.3,103.8,104.1,98.9,108.2,102.7,114.5,107.6,122.4,115,132.1,124.2,133.2,126,131.9,123,110.1,103,122.2,114.3,130.5,122,124.9,116.7,120.1,111.2,119.3,109.5,121,111.1,127.1,116.6,135.5,122.7,125.2,113.7,141.7,128.7,145.4,132.1,149,134.4,144.8,127.7,167.2,145.7,167.3,145.1,163,141.4,154.3,134,154.6,134.1,153.2,133,149.4,129.9,184,160.1,184.4,159.9,176,153.1,166.3,137.2,166.6,135.4,189.5,154.1,178.2,145.1,187.1,158.4,170.2,144.3,160.7,130.5,174.5,142.2,177.5,144.8,197.1,161.1,204.3,166.6,196.7,160.6,195.3,160.8,241.7,197.5,283.4,231.6,264.7,217.4,260.9,213.1,257.6,211.6,253.6,208.2,279.4,228.3,300.9,244.6,297.1,243.3,303.8,245.5,318.2,260.1,316.4,257.3,290.4,237.8,338,281.2,303.9,252.4,301.6,244.2,290.9,232.6,288.5,222.9,288.1,221.8,289.6,215.8,306.6,228.1,313.3,231.3,329.2,240.4,290.9,208.9,311,227,311.6,226.8
의복,50.5,60.5,42.4,50.9,55.9,67.1,55.7,66.7,55.9,66.9,54.6,64.8,52.8,62.7,42.8,50.8,48.4,57.4,63.1,74.9,72.8,85.3,71.8,84.2,60,70.2,45.5,53.1,64.3,75.1,62.1,72.4,63.8,73.5,59.6,68.5,56.7,65.1,50.6,58,57.5,65.9,70.6,80.9,78.6,87.9,82.7,92.6,63.3,70.9,58.8,65.6,65.7,73.2,68.3,76.2,72.9,80.1,67.3,73.3,67.8,73.9,57.7,62.8,62.8,68.5,83.5,91,95.5,102.6,95.4,102.5,73.5,79,59.2,63.6,81.3,87.3,81.2,87.3,84.8,90,75.6,80,79.1,83.7,65.5,69.4,73.6,78,92.6,98,105.2,107.7,106.1,108.7,74.4,76.2,73.2,75,90.4,92.6,91.4,93.6,88.5,90,83.3,84.3,85.5,86.5,70.2,71,77.8,78.8,100,101.2,112.5,112.5,125.8,125.9,83.7,83.9,70,70.4,99.4,100,100.8,101.3,103.6,103.9,99,99.2,98.2,98.5,82,82.2,89.2,89.3,115.7,115.9,131.3,129.7,127.1,125.7,105.9,104.6,90.3,89.3,119.7,118.3,118.3,116.9,126.2,124,117.3,115.3,110.4,108.5,98.9,97.2,106.2,104.4,134.1,131.8,163.7,159.9,136.1,133.1,112.4,109.8,106.4,104,132.7,129.6,129.9,126.8,132.1,128.5,125.4,121.9,119.2,115.9,105.8,102.9,124.1,120.7,138.4,134.6,186,179.5,160.5,155,132.4,127.8,114.7,110.7,156.4,150.8,148.6,143.3,152.7,147.2,140.7,135.7,134.7,130,117.9,113.7,135.6,130.8,182.4,175.9,198.8,191.1,189.8,182.5,150.2,144.5,132,127,169.2,163.4,166.6,161.4,176.5,170.8,154.1,149.2,156,151,128.4,124.3,146.5,141.8,179.9,173.8,208.7,200.3,188.7,181.1,128.5,123.4,126.9,121.9,153.8,147.8,152,146.1,176.4,169.3,171.2,164.3,148,142,124.3,119.3,143.8,138,197.4,189.6,208.5,200,186.1,178.4,136.2,130.6,125.3,120.3,186.6,179.1,181.5,174,181.1,173.6,178.5,171.2,162.7,156,135.1,129.5,161.5,154.9,208.5,199.3,212.6,200.8,213.3,201.5,151.4,143,137.3,129.7,183.7,173.4
오락,취미,경기용품,54.4,56.4,48.7,50.7,59.1,63.7,59,63.4,62,64.7,58.7,61.4,63.6,66.3,55.9,58.3,57.3,59.8,66,68.9,70.5,73.5,73,76.4,65.1,67.9,55.1,57.4,72.2,75.1,70.3,71.9,71.1,73,64.3,65.7,69.6,72.2,55.2,57.4,58.8,61.8,70.7,72.7,67.1,70.4,75.3,78.4,57.1,58.9,57.7,59.5,70,71.7,70.4,71.7,78.5,81.3,72.5,74.5,77.8,80.1,60,61.7,64.1,66,87.4,91.4,89.1,91.7,91.3,94.2,65.2,66.5,59.3,58.9,83,82.4,88.1,90.6,92.8,94.6,78.9,81.4,88.2,91.4,71.4,73.3,73.5,75.4,93.5,95.8,100.2,105.3,97.2,101.1,78,81.9,73.6,76.3,87,85.3,93,94.5,95.2,95.8,82.8,83.4,93.6,94.2,77.4,78,84,86.1,92.9,94.4,99.5,100.6,119.4,121.2,86.3,87.2,72.3,72.8,96.4,97.1,101,101.8,99.8,100.5,104.3,105.1,109.4,108.8,88.6,88.2,90.6,90.2,114.6,113.9,113.4,112.3,123.2,122,100.9,99.9,93,90.3,115.3,111.9,120.2,115.3,123.3,118.4,114.1,109.6,117.8,113.2,104.2,100.4,104.1,100.5,119.4,114.8,132.5,127.1,135.8,132.5,106.7,103.2,100.2,96.7,117.8,113.8,124.8,120.5,126.4,122.1,117.7,113.8,119.1,115,115.2,111.4,123,119.3,124.3,120.7,149.2,146.3,150.3,148,141.5,137.7,126.4,123,159.7,155,172.1,164.1,181.4,172.9,170.4,162.2,187.5,181.4,156.4,151.4,159,152.5,190.9,186.4,192.7,188.6,197.3,193.2,155.7,151.2,144,138.7,186.2,179.9,198.6,192.7,211.1,204.1,189.3,189.6,202,201.1,179.1,178.8,186.9,185.1,218.6,218,232.2,230.5,227.3,227.6,166.6,162,191.5,184,225.7,216.8,247.8,238.2,266.6,255.3,255.7,244.6,265.1,252.1,250.3,238.7,265.3,253.3,305.8,292,293.9,280.7,292.1,279.6,228.1,218.7,206.5,199.2,269.3,260.6,297.2,286.8,296.9,288.2,283.4,275,294.8,288,274.2,268.2,286.3,276.4,324.1,313.7,315.6,308.1,321.7,312.7,229.1,220,218.8,209.4
음식료품,62.9,75.3,64.1,76,64.6,76,65.7,76.2,67.3,78.4,68.3,80.6,67.2,79,65.3,75,74.4,81.4,66.5,72.9,66.7,75.4,69.4,78.4,77.8,85.2,57.2,61.4,72.8,78.4,72.8,79,75.4,82.7,72.6,79,69.6,74.3,75.4,78.4,80,83.4,72.6,77.3,71.2,76,75.1,79.2,84.9,88.1,73.4,76.2,79.6,81.9,78.9,81.6,85.2,88.1,79.1,82.3,82,85.8,80.8,83.6,93.3,93.2,77,78.2,75.9,78.8,74.7,77.1,95.1,96.2,82.1,82.6,83,84.4,89.1,90.4,91.7,93.8,88.1,91.1,92.1,94.6,88.3,88.8,101,101.5,103.7,106.3,84.4,87.8,85.7,88.9,95.8,98.3,82.3,83.7,86.8,88.1,88.6,89.9,88.2,89.5,87.5,89.2,95.1,96.6,99.4,100.3,94.3,94.5,88.5,90.3,82.7,84.7,90.5,92.2,96.8,97.2,98.6,98.3,94.7,95.2,98.5,99.1,93.6,93,105,104.5,102.4,102.2,95.2,94.4,113.5,112.8,100,100.2,100.1,101.7,101.4,101.4,115.8,114.9,104.8,101.5,109.9,107.6,109.9,107.5,113.1,111.7,112.1,112.4,98.7,99,121.4,120.1,127.1,120.3,111.7,107.2,117.2,114,118.6,114.2,137.6,128.8,111.4,104.1,125.6,118.4,122.9,117.1,126.1,120.5,126.4,121.3,125.2,119.9,131.5,122.5,167.2,154.4,122.9,116,137.9,133.7,136.9,131.2,152.9,144.5,150.9,138.9,143.9,134.4,144.7,134.7,151.6,142.3,145.7,138.4,152.1,144.2,157.7,142.6,183.3,160.6,163.2,146.6,164.2,151.9,163.5,151,214.4,198,152.9,140.3,181.6,168.2,190.7,175.1,197.5,182.2,183.3,170.7,190.7,179.2,207.4,193.2,216.1,196.5,208.7,189.4,207.6,193.1,212.9,196.1,251.5,228.9,246.7,225.6,284.2,256.5,264.7,239.9,262.7,236.3,249.4,223.6,275.3,246,293.5,256,369.6,314.1,285.4,242.3,291.4,255.4,341.9,299.2,366,314.8,317,267.2,334.8,282,334.2,282.5,341.3,289,326,277.5,345.6,293.6,361,302.8,393.2,325.2,346.9,289.8,354.7,294.9,387.2,320.2,420.1,343.6,333.4,271.7,390.3,318.1
화장품,73.9,82.9,65.9,73.9,68.5,76.8,72.7,81.8,76,85.4,68.6,77.1,65.2,71.9,60.5,66.5,72.5,79.7,69.3,76.3,71.8,79,74.8,82.2,86.8,95.5,73.8,81.3,80.3,88.4,80.7,88.8,80.5,88.7,71,78.1,66.3,72.8,72.6,79.7,76.8,84.2,75.2,82.5,74.7,82.1,80.3,87.9,89.3,97.9,85.9,94.4,89.3,98.2,86.4,92.4,88.6,94.9,81,87.1,81.2,87.6,79.8,85.9,84.6,90.5,92.1,98.3,86.1,92.8,87,93.1,93.6,100.7,82.4,89,88,95.5,88.4,95.6,97.6,101.8,85.4,88.5,89.5,91.8,89.6,98,94.5,97.2,86.9,89.3,86.3,88.2,88.3,90.2,102.5,105.6,96.6,98.6,100.3,102.5,93.9,96.8,98.1,100,91.9,93,93.6,95.1,90.4,91.6,100.7,102.3,102,101.7,97,97.9,100.3,100,119,118.1,103.9,103.7,105.3,104.8,98,97.8,99.8,99.6,98.5,99.7,92.7,92.8,89.3,88.5,101.5,102.6,99.8,100.6,94.7,94.2,97.5,97.7,115.1,115.2,105.7,105.5,113.1,112.9,109.4,109.6,117.4,116.7,104,104.5,100.1,101.3,106.8,108.9,112.9,114.1,102.7,105.3,107.8,110.1,110.6,116.3,127.1,130.3,117.4,120.8,119.1,122.5,112.8,116.9,121.5,124.5,112.1,116.7,100.1,103.1,102.3,106.1,119.5,124.9,103.7,107.3,121.9,127.1,116.9,122.3,137.4,143.5,118.9,124.4,122.2,127.9,122.5,127.5,125.2,132.2,113.5,118.4,108.5,115.2,111,116.5,123,128.9,124.2,130.5,121.4,127.4,116.9,123.2,143.2,150.3,115.1,120.2,124.4,128.6,131.7,136.9,130.7,134.5,115.7,119.9,118.3,122.9,116.4,121.8,120.6,127.4,123.8,131.5,128.2,135.8,127.5,134.1,138.3,144.6,128.6,133.7,134.1,139.9,129.9,135.7,127.2,133.4,120.7,125.1,119.7,123.5,115.2,118.9,125.8,128.4,125.6,129.3,126.5,129.9,132.3,135,142.5,145.3,123.9,126.7,138.8,141.5,142.8,144.4,144.9,146.6,135.4,139.2,139.7,143.2,140,142.8,145.9,148.8,139.5,141.1,153.4,158.2,158.4,157.7,169.6,168.6,154.4,149.4,165.7,160.1
서적,문구,108.7,129,101.4,120.4,128.4,150.4,110.2,129.1,99.4,116.4,96.9,113.4,114.2,132.5,104.5,121,100.5,115.5,108.7,125.1,120.9,139.8,153.3,177.3,140.6,162.5,132.9,152.4,166,186.8,128.9,144.8,113.5,127.4,107,120.1,133.3,148.7,119.7,133.4,113.8,126.9,112.5,125.3,123.7,137.9,163.1,180.8,131.9,146,141.1,154.8,152.8,166.4,125.7,136.7,113.9,123.8,101.8,110.5,134,145.3,119.7,129.9,110.8,120.1,109,117.6,118.8,128.2,143.4,154.5,128.2,137.5,117.1,125.6,136.2,145.2,115.6,123.4,100.2,107,92.2,97.3,116.1,122.2,106.9,112.5,97.4,102.6,96,100.9,95.3,100.1,124.6,130.3,114.6,119.7,125.3,130.7,134.7,139.7,104.8,108.7,98,101.3,91,93.9,120.4,123.5,107,109.6,104.3,107.1,105.3,108.1,138.2,141.9,113.4,114.3,107.1,107.8,95.6,95.9,121.8,122.3,96.9,96.8,78.9,78.8,88.7,88.6,107.6,107.5,94.8,94.6,90,89.8,93.4,93.3,98.3,98.2,126.9,126.4,130.4,129.9,120.2,119.7,146.1,145.6,113.9,113.3,104.1,103.5,100.5,99.9,116.7,116.1,109.7,109.3,102.8,102.3,104.2,103.6,112.8,111.7,141.3,139.6,126,124.3,132.1,129.6,155.4,153.1,116.5,114.3,105.5,103.5,104.2,101.3,122,119.4,125.2,122.5,124.7,122.2,107.6,105.3,133.2,130.4,164.2,160.3,189.4,184.9,152.5,148.8,179.9,176.7,145.1,142,130.5,127.6,117.9,115.1,155.5,149.8,140.3,135.2,138.1,133.1,147.2,141.7,161.3,154.8,182.7,175.2,157.7,151.2,138.3,132.1,163.5,156.7,137,130.9,123.5,118,112,106.7,142,135.2,132.4,126.2,128,121.9,130.4,124.5,144.6,137.6,172.4,164,148.4,142.3,170.6,163.5,201.9,194,170.9,164.1,153.5,147.3,150.7,144.6,161.7,155.5,181.5,174.4,190.6,182.9,165.3,158.7,175.6,168.6,230.5,220.6,204.8,195.9,175.2,167.9,213,204.1,168.1,161,156.9,149.9,150.3,144,170.1,162.1,168.5,160.6,167,159,161.7,153.6,170.8,162.5,225.1,212.8,194.3,182.4,185.6,174,221.7
기타상품,52.9,60.2,47.2,53.5,55.4,62.9,53.2,60.6,55.2,62.7,55.3,62.7,56.9,64.6,53.3,60.2,55.6,62.7,63.9,72.4,62.9,71.3,63.9,71.2,66.3,73.9,53.7,58.8,67.6,73.9,64,70.4,69.1,75,67.9,73.5,67.6,72.9,67.9,73.2,66.3,71.2,72,78.2,75.1,80.8,75.1,80.4,72.1,77.1,70.9,74.7,74,77.8,70.6,74.8,73.7,77.5,72.8,76.6,75.7,81.3,69.9,74.6,71.9,75.2,81.5,85.6,83.2,87,85.4,89.2,84.6,88.7,71.7,74.8,77.4,80.5,77.9,81.8,81.4,84.7,79.5,82.7,82.4,86.4,75.2,78.3,75.3,78,88.1,91.3,89.4,91.7,91.5,93.8,81.6,84.5,77.5,79.8,86.5,89.3,84.4,87.2,83.8,86.6,84,87,88.7,92.2,88.3,91.5,87.8,90.1,98.3,101.4,99.6,102.1,107.4,109.6,97.9,96.2,86,83.9,99.9,98,95.3,95.3,92.7,92.5,105.6,106.1,98.7,99.5,93.4,93.9,96.7,97.4,108.7,110.1,113,114,112.2,113,111.7,112.2,99.1,99,112.2,111.3,106.1,105.2,111.6,110.9,108.6,107.9,113.3,113.2,115.5,115,113.3,113,132.7,132.4,137.1,135.8,132.2,130.6,124.6,125,130.6,129.3,138.1,136.3,128.5,128.6,134.5,133.3,131.5,129.4,131.2,130.7,133.8,132.6,144,142.8,142.1,141,158.5,157.7,149.4,147.9,150.1,149.3,133.2,131,159.5,156.9,152.9,151.2,156.6,153.6,148.8,145.9,154,150.9,148.2,145.6,151.2,148.8,172.8,168.4,173.7,169.6,175.6,171.3,164.9,163,146.6,143.2,175.7,172.2,165.9,161.9,176.2,171.8,162,158.2,167.1,163.2,164.8,160.8,169,166.3,179.1,173.6,186.5,182.2,184.4,178.3,173.3,168.6,192.6,185.9,211.9,205.9,191.3,186,206,198.4,211,204.5,215.6,209.1,225.5,218.3,214.3,209.3,217.6,210.3,223.8,218.1,247.3,240.1,221,214.2,203.2,196.9,239.9,233,230.3,223.6,236.2,227.4,236.7,228.4,242.2,233.8,233.7,224.6,241.5,234.4,255.5,245.3,274,262.7,283.6,268.3,242.6,229.9,236,222.6,259.5,246
