,항목,단위,1995.01 월,1995.02 월,1995.03 월,1995.04 월,1995.05 월,1995.06 월,1995.07 월,1995.08 월,1995.09 월,1995.10 월,1995.11 월,1995.12 월,1996.01 월,1996.02 월,1996.03 월,1996.04 월,1996.05 월,1996.06 월,1996.07 월,1996.08 월,1996.09 월,1996.10 월,1996.11 월,1996.12 월,1997.01 월,1997.02 월,1997.03 월,1997.04 월,1997.05 월,1997.06 월,1997.07 월,1997.08 월,1997.09 월,1997.10 월,1997.11 월,1997.12 월,1998.01 월,1998.02 월,1998.03 월,1998.04 월,1998.05 월,1998.06 월,1998.07 월,1998.08 월,1998.09 월,1998.10 월,1998.11 월,1998.12 월,1999.01 월,1999.02 월,1999.03 월,1999.04 월,1999.05 월,1999.06 월,1999.07 월,1999.08 월,1999.09 월,1999.10 월,1999.11 월,1999.12 월,2000.01 월,2000.02 월,2000.03 월,2000.04 월,2000.05 월,2000.06 월,2000.07 월,2000.08 월,2000.09 월,2000.10 월,2000.11 월,2000.12 월,2001.01 월,2001.02 월,2001.03 월,2001.04 월,2001.05 월,2001.06 월,2001.07 월,2001.08 월,2001.09 월,2001.10 월,2001.11 월,2001.12 월,2002.01 월,2002.02 월,2002.03 월,2002.04 월,2002.05 월,2002.06 월,2002.07 월,2002.08 월,2002.09 월,2002.10 월,2002.11 월,2002.12 월,2003.01 월,2003.02 월,2003.03 월,2003.04 월,2003.05 월,2003.06 월,2003.07 월,2003.08 월,2003.09 월,2003.10 월,2003.11 월,2003.12 월,2004.01 월,2004.02 월,2004.03 월,2004.04 월,2004.05 월,2004.06 월,2004.07 월,2004.08 월,2004.09 월,2004.10 월,2004.11 월,2004.12 월,2005.01 월,2005.02 월,2005.03 월,2005.04 월,2005.05 월,2005.06 월,2005.07 월,2005.08 월,2005.09 월,2005.10 월,2005.11 월,2005.12 월,2006.01 월,2006.02 월,2006.03 월,2006.04 월,2006.05 월,2006.06 월,2006.07 월,2006.08 월,2006.09 월,2006.10 월,2006.11 월,2006.12 월,2007.01 월,2007.02 월,2007.03 월,2007.04 월,2007.05 월,2007.06 월,2007.07 월,2007.08 월,2007.09 월,2007.10 월,2007.11 월,2007.12 월,2008.01 월,2008.02 월,2008.03 월,2008.04 월,2008.05 월,2008.06 월,2008.07 월,2008.08 월,2008.09 월,2008.10 월,2008.11 월,2008.12 월,2009.01 월,2009.02 월,2009.03 월,2009.04 월,2009.05 월,2009.06 월,2009.07 월,2009.08 월,2009.09 월,2009.10 월,2009.11 월,2009.12 월,2010.01 월,2010.02 월,2010.03 월,2010.04 월,2010.05 월,2010.06 월,2010.07 월,2010.08 월,2010.09 월,2010.10 월,2010.11 월,2010.12 월,2011.01 월,2011.02 월,2011.03 월,2011.04 월,2011.05 월,2011.06 월,2011.07 월,2011.08 월,2011.09 월,2011.10 월,2011.11 월,2011.12 월,2012.01 월,2012.02 월,2012.03 월,2012.04 월,2012.05 월,2012.06 월,2012.07 월,2012.08 월,2012.09 월,2012.10 월,2012.11 월,2012.12 월,2013.01 월,2013.02 월,2013.03 월,2013.04 월,2013.05 월,2013.06 월,2013.07 월,2013.08 월,2013.09 월,2013.10 월,2013.11 월,2013.12 월,2014.01 월,2014.02 월,2014.03 월,2014.04 월,2014.05 월,2014.06 월,2014.07 월,2014.08 월,2014.09 월,2014.10 월,2014.11 월,2014.12 월,2015.01 월,2015.02 월,2015.03 월,2015.04 월,2015.05 월,2015.06 월,2015.07 월,2015.08 월,2015.09 월,2015.10 월,2015.11 월,2015.12 월,2016.01 월,2016.02 월,2016.03 월,2016.04 월,2016.05 월,2016.06 월,2016.07 월,2016.08 월,2016.09 월,2016.10 월,2016.11 월,2016.12 월,2017.01 월,2017.02 월,2017.03 월,2017.04 월,2017.05 월,2017.06 월,2017.07 월,2017.08 월,2017.09 월,2017.10 월,2017.11 월,2017.12 월,2018.01 월,2018.02 월,2018.03 월,2018.04 월,2018.05 월,2018.06 월,2018.07 월,2018.08 월,2018.09 월,2018.10 월,2018.11 월,2018.12 월,2019.01 월,2019.02 월,2019.03 월,2019.04 월,2019.05 월,2019.06 월,2019.07 월,2019.08 월,2019.09 월,2019.10 월,2019.11 월,2019.12 월,2020.01 월,2020.02 월,2020.03 월,2020.04 월,2020.05 월,2020.06 월,2020.07 월,2020.08 월,2020.09 월,2020.10 월,2020.11 월,2020.12 월,2021.01 월,2021.02 월,2021.03 월,2021.04 월,2021.05 월,2021.06 월,2021.07 월,2021.08 월,2021.09 월,2021.10 월,2021.11 월,2021.12 월,2022.01 월,2022.02 월,2022.03 월
총지수,경상지수,,32,27.2,30.2,32.5,29.9,29.2,30.4,28.2,31.4,32.7,32.2,36.9,34.7,32.5,34.4,36.6,35.3,33.7,35,31.9,35.4,37.6,36.9,40.6,36.4,35.5,37.6,40,38.9,36.4,38.3,35.7,38.9,39.3,37.9,39.8,34.3,32.1,36.2,36.1,35.3,33.4,33.5,32.3,35.2,36.8,36.8,38.4,36.9,35.8,39,39.5,39.3,38,39.8,38.3,41.9,43.8,43.8,46,43.4,42.2,44.7,45.2,46.5,44.4,46.2,43.7,46.2,46.6,46.9,47.7,47.6,43.2,48.5,49.5,51.2,49.1,49.5,47.7,53.4,51.9,53.3,55,52.6,51.5,56.4,56.7,57.3,53.8,55.3,54.6,58.3,58.6,58.5,59.3,59,50.7,56.2,55.2,56.7,52.7,53.3,51.9,57.2,57.5,57.3,58.6,58.3,52.2,56.2,56.4,57.3,56.2,56,53.6,60.4,59,59,61.9,57.7,56.4,60.9,59.8,60.9,59.4,59,57.6,62.1,63.2,65,70.9,65.3,57.7,64.1,63.5,65.5,63.9,59.5,61.1,66.1,65.8,67.1,71.7,64.8,63.8,67.8,66.1,69,66.4,65,64.4,70.7,71.5,72,75.1,71.4,68.7,74,73.6,76.1,70.9,73.4,71.5,74.1,72.9,71.7,74.1,70.9,66.2,72.6,72.2,77.6,75.7,73.9,71.7,79.6,80.9,80.3,85.5,77.6,76.4,80.9,79.8,83.3,81.3,82.8,79.9,86.1,87.1,87.6,91.6,89.9,79.7,89.8,88.6,92.7,90.5,90.5,88.5,92.8,93.5,93.4,98.1,94.8,86.6,93.3,91.5,97.8,93.5,94.3,89.9,97.6,96.8,98.5,101.1,92.8,88.6,95.5,92.9,97.7,93.9,96.1,92.6,96.3,98.6,100.6,101.8,98.3,88.2,98,94.8,100.5,96,97.8,95.7,97.4,98.7,100.7,105.4,94.6,93,99.4,98.5,103.1,95.5,98.3,96,102,105.6,105.6,108.4,98.9,95.3,103.8,101.8,107.2,103.3,101.9,100.8,103.6,109.1,109.5,112,105.4,97.2,107.5,105.5,109.4,105.6,106,103.2,112.2,110.3,116.5,115.1,107.5,104.9,116.1,112.6,115.9,111.5,113.5,111.1,115.6,118.6,119.9,119.3,111.7,101.9,118.1,114.3,120.1,112.9,112.9,114,116.9,119.5,123.3,125,116.2,101.7,110.1,110.9,120.4,119.2,113.9,115.3,123.5,120.1,122.3,123.2,117.1,111.8,125.6,125.2,129.3,125.6,127.1,124.2,131.8,134,134.4,137.8,128.6,117.7,135.4
총지수,불변지수,,49.8,42.1,46.4,50,45.9,45.1,47,43.3,47.8,50,49.4,56.3,52.6,49.2,52.1,55.2,52.8,50.7,52.1,47.4,52.4,55.9,54.7,59.8,52.9,51.2,54.5,58.3,56.7,53.2,56.2,51.8,56.2,56.9,54.6,54.3,46,42.2,47.1,47.1,45.9,43.8,44.1,42.1,45.9,47.9,48,50.4,48.4,46.7,50.8,51.6,51.5,50.3,52.5,49.8,54.6,57.4,57.4,60.5,57.2,55.4,59,60.1,61.9,58.6,60.9,57.1,59.6,60.3,61.3,62,61.4,55.5,62.2,63.1,65.4,62.5,62.9,60.3,67.7,65.9,68.5,70.6,67.3,65.5,71.9,71.6,72.3,67.6,69.9,68.5,72.4,73.2,73,73.6,72.6,62,68.2,67.8,69.9,65.5,66.7,64.5,70.1,70.6,70.6,71.7,71.4,64,68.4,68.6,69.7,68.3,67.6,63.8,71.3,70.5,71,74.4,68.8,66.9,71.9,70.5,71.9,70.7,69.8,67.6,72.2,73.5,76.4,83.1,76.1,67.5,74.7,73.9,75.9,74.3,69.3,70.5,76,76.5,78.7,84.6,76.3,74.6,79.4,76.7,80.1,77.2,75.7,74.7,81.1,81.6,82.1,85.2,80.4,77.2,83,81.6,82.8,76.7,78.8,76.4,79.6,78.9,78.4,81.1,78,72.8,78.9,78.1,84.2,82.5,79.7,76.7,85,86.8,86.1,91.5,82.8,81.4,85.8,84.2,87.8,86.1,87.3,83.9,89.6,90.7,91.8,95.1,91.8,80.8,90.6,89.5,93.6,91.4,91,88.1,92.5,93.7,93.6,97.7,93.8,85.4,91.7,89.9,96.2,92.7,94.5,89.4,95.3,95.2,97.5,99.8,91.2,86.8,93.6,91.9,96.7,93.2,95.3,91.1,94,97.1,98.7,99.9,96.4,86.7,95.7,92.5,98.1,94.5,96.4,94,95.7,97.4,100,105.2,94.2,92.9,99.2,98.7,102.6,95,97.9,95.6,102.2,106.3,106.3,109,99.6,95.6,104.5,102.1,107.3,103.4,102.1,100.8,102.2,108.4,109.1,111.2,103.3,95.2,105.4,103.9,107.6,104.2,104.9,101.3,109.5,108,115,112.9,105.3,101.7,113.3,109.9,112.8,108.7,110.8,107,110,113.6,116.2,116.4,109.8,99.8,116,111.4,116.6,110,110.5,111.5,113.3,115.7,120.4,121.6,111.8,97.8,106.9,108.9,118.4,116.9,110.9,111.7,118,115.8,119,119.1,112.2,106.2,119.5,118.9,122.8,119.5,120.2,116.5,122.7,125,124.7,127.2,117.5,107.9,122.2
총지수,계절조정지수,,48.9,46,46.3,47.8,45.9,46.8,47.6,46.9,47.9,48.6,49,51.7,52.7,52.4,52.7,53.5,52.6,52.8,53.3,51.2,53.1,54.7,54,55.5,54.3,55.4,55.1,56.6,56.7,55.6,57.3,55.8,56.5,56,54.6,52.6,46.1,47.4,48.4,47.4,47.4,47.6,47.3,47.6,47.4,48.6,48.9,48.7,50.3,51,51.4,51.5,51.7,52.9,54.9,54.5,55.3,56.1,56.8,57.3,57.7,58.5,58.2,59.4,61.1,60.4,62.2,61.5,59.5,59.7,61.3,59.2,60.7,61.6,61.5,62.6,64.5,64.8,64.6,65,67.2,65.2,67.7,67.8,68.5,70.2,71.2,71.2,70.3,70.2,72,73.4,72.2,72.4,71.9,70.3,73.5,67.8,68.2,68,69.3,68.7,69.7,69.9,70.1,70.3,70.4,69,71.3,71,68.8,69.2,68.8,71.4,70.4,68.7,71.5,69.3,69.7,70.6,69.2,70.1,70.7,71.4,71.3,71.7,72.3,72.5,72.7,72.8,74.5,76.8,74.4,74.4,75.5,75.8,76.1,76.1,72.9,75.1,75.4,76.9,76.8,80.1,77.6,80.3,79.9,78.9,80.2,79,78.4,79.3,80.9,80.7,80.8,81.6,82.2,81.1,82.2,82.5,81.5,78.4,80.4,80.8,79.1,78,77.2,77.2,78.7,80.7,79.7,79.9,82.7,82.6,80.8,81.1,83.5,85,83.6,85.3,86.1,89.1,87,86.6,87.3,88.4,88.8,88.5,89.8,89.1,90.1,91,95.5,88.3,91.3,91.8,92.3,93.1,91.8,92.5,92.7,92.2,91.3,93.2,94.9,92.8,92.2,92.5,94.4,94.3,95,92.8,94.3,94,94.6,95,94.4,94.4,93.9,93.9,94.6,95,95.9,94.9,94.4,95,95.5,95.3,98.5,95.6,95.8,94.7,96.1,96.7,97.1,98,95.9,95.6,96.4,100,97.4,100.7,98.5,99.7,99.8,96.8,98.4,99.1,100.6,103.2,101.7,103.2,103.2,101.4,103.6,103.1,104.5,105.3,102.6,104.1,101.4,104.7,104.4,105.6,104.2,106,104.4,105,105.1,105.9,105,104.7,107.4,106.1,110.1,107.8,109.3,110.6,111.8,110.9,109.9,110.5,110.9,110.6,108.8,110.2,111.4,111.6,114.6,108.7,114.3,112.3,113.1,111.5,110.9,115.1,112.2,112.5,116,117.1,113.5,106.2,105.4,109.9,115,117.3,110.7,114.7,115.4,114,115.2,115.2,117,116,117.4,119.3,119.1,119.9,119.9,120,121.3,121.3,120.5,123.2,120.7,120.7,120.1
총지수(승용차 제외),경상지수,,,,,,,,,,,,,,,,,,,,,,,,,,,,,,,,,,,,,,,,,,,,,,,,,,,,,,,,,,,,,,,,,,,,,,,,,,,,,,,,,,,,,,,,,,,,,,,,,,,,,,,,,,,,,,,,,,,,,,,,,,,,,,,,,,,,,,,,,,,,,,,,,,,,,,,,,,,,,,,,,,,,,,,,,,,,,,,,,,,,,,79.5,79,83.1,82.1,86.4,83.6,85.2,82.4,88.9,89.4,89.9,94.1,92.9,82.6,91.5,90.9,96,92.9,93,91.4,95.7,97.3,97.2,101.7,99.5,89.5,96.6,94.6,101.1,96.2,97.1,94.1,100.8,99.8,101.5,103.8,96.1,92.2,98.6,95.4,100.9,96.8,98,95.4,100.5,101.5,104.1,105.5,101.5,90.2,100.3,95.7,103,97.3,98.6,98,99.4,100.6,102.6,106.2,95.2,94.8,99.6,98.6,104.4,94.2,97.9,96.8,102.4,105.6,105.2,105.3,100.6,96.5,102,101.2,106.7,100.3,103.2,102.7,105.2,109.8,109.3,110.4,107.5,97.5,106.2,105.4,109.5,104,106.6,103.9,112.5,112.4,116.4,116,107.9,106.4,115,111.6,115.5,110.8,113.5,111.6,118.7,119,120,119.4,113.3,103.6,118.5,113.8,120.9,113.5,112.9,114.9,117.9,119,122.9,122.7,119,104.3,106.8,107.1,117.4,112.9,111.4,114.5,121.7,117.9,118.7,119.8,116.2,111.8,122.1,122.3,127.1,121.6,125.4,124.1,133.9,135.4,134.7,136.5,131.7,117.6,134.2
총지수(승용차 제외),불변지수,,,,,,,,,,,,,,,,,,,,,,,,,,,,,,,,,,,,,,,,,,,,,,,,,,,,,,,,,,,,,,,,,,,,,,,,,,,,,,,,,,,,,,,,,,,,,,,,,,,,,,,,,,,,,,,,,,,,,,,,,,,,,,,,,,,,,,,,,,,,,,,,,,,,,,,,,,,,,,,,,,,,,,,,,,,,,,,,,,,,,,85.7,85,89.1,87.6,92.1,89.4,90.8,87.4,93.3,94,94.9,98.4,95.6,84.3,92.7,92.2,97.4,94.3,93.8,91.4,95.6,97.9,97.8,101.7,99,88.6,95.1,93.3,99.5,95.4,97.8,94.1,98.4,98.3,100.6,102.8,94.8,90.7,96.9,94.7,100.2,96.4,97.4,94.1,98.2,100.2,102.6,103.8,99.8,88.8,98,93.5,100.8,96,97.3,96.4,97.7,99.3,102,106.1,94.8,94.8,99.4,98.9,103.8,93.6,97.4,96.3,102.5,106.4,106.1,106,101.6,96.8,102.8,101.5,106.8,100.4,103.5,102.8,103.8,109.1,109,109.7,105.3,95.5,104.1,104,107.8,102.6,105.5,101.8,109.6,110,114.8,113.5,105.5,102.8,111.8,108.5,112.2,107.6,110.4,106.9,112.2,113.3,115.7,116.2,111,101.2,115.9,110.5,116.8,110,110.1,111.8,113.6,114.6,119.3,118.4,114.1,100.2,103,104.6,115,110,108.1,110.5,115.7,113.2,115.1,115.2,110.8,105.6,115.6,115.5,120,115,117.8,115.7,124,125.6,124.2,125.2,119.7,107.1,120.1
총지수(승용차 제외),계절조정지수,,,,,,,,,,,,,,,,,,,,,,,,,,,,,,,,,,,,,,,,,,,,,,,,,,,,,,,,,,,,,,,,,,,,,,,,,,,,,,,,,,,,,,,,,,,,,,,,,,,,,,,,,,,,,,,,,,,,,,,,,,,,,,,,,,,,,,,,,,,,,,,,,,,,,,,,,,,,,,,,,,,,,,,,,,,,,,,,,,,,,,88.2,91.7,90.3,89.9,90.5,91.9,92.3,91.5,92.6,91.8,92.8,94.2,97.8,91,93.7,94.4,95.3,96.2,94.5,95.4,95,95.7,94.9,96.7,97.9,96.1,95.4,95.7,97.2,97.2,98.2,96.8,96.6,96.4,97.3,97.4,97.4,97.1,96.8,96.8,97.4,98.1,98.4,97.1,97.4,98,98.5,98.6,100.5,97.3,98,96.3,98.1,98.6,98.6,99.6,97.1,97.7,97.6,101.4,97.6,101.5,99.2,100.6,100.4,96.5,98.7,99.1,100.6,102.8,101.2,101.2,104.4,101.9,103,103,103.7,103.7,104,106.1,102.1,105.2,104.4,104.6,104.6,106.2,104.2,105.1,105.4,105.7,105.5,105,107.6,106.8,110.1,108.5,109.4,110.3,111.2,110.2,109.5,110.4,110.7,110.3,109.6,110.1,111.1,111.5,115.3,109.1,114.7,112.4,113.6,112.2,111.1,114.8,110.9,111.8,114.8,115,114.1,108.7,102.6,106.8,111.2,112.2,108.5,112.3,112.8,109.9,111.4,113,114.5,113.5,115,117.2,116.1,117,117.6,118.4,121.1,121.4,120.4,122.7,121.1,119.3,119.4
내구재,경상지수,,44.7,40,46.8,48.7,46.1,45,48.1,43.8,45,47.5,46.1,57.8,49,42.5,48.8,51.9,55.3,51.8,51.8,47.1,47.5,50.8,52.6,58.2,41.3,43.1,47.9,56.3,55.9,50.8,56.2,53.5,52.8,49.6,47,42.4,30.6,30.7,34.3,35.9,32.8,32.9,32.4,28.7,33.8,33.7,34.2,38.4,36.3,33.1,40,40.6,41.8,43.5,45.7,43.2,44.7,51.2,51.2,52.6,50.9,49,53.5,52.2,55.5,56.9,60.5,51.1,50.9,53.2,51.1,52.3,47.3,49.4,56.5,57.9,60.8,61,61.3,55.9,61.9,60.5,60.9,57.2,63.8,56.2,65.8,67.5,72.5,64,69.2,66,62.3,67.1,67.1,66.6,62.7,56.8,61.2,62.3,61,57.3,59.1,54.4,58,59.7,56.7,57.9,51.5,51.1,53.6,56.1,53.5,54.7,57.7,52.9,55.1,57.8,57.8,61.1,52.4,48.5,56.7,55.6,56.6,57.7,62.5,56.8,53.3,57.7,63.1,68.1,54.3,55.2,61.4,58.4,60.7,62.7,58,60.5,64.6,59.1,65.6,76.5,61.7,57.3,66.8,62.4,64.2,64.4,66.3,64.5,60.4,62.8,64.8,66.2,64.4,58.6,71.8,69.3,67.5,62.9,70.3,59.8,56.8,61.8,53.7,58.1,51.6,56.8,61.6,62.1,73.4,81.7,70.6,61.6,76.2,75.6,79.8,86.4,73.1,71,78.6,72.7,74.3,78.8,81.4,77.1,78.8,82.5,84.6,87.1,81.5,76.3,88.9,82.6,87,90.9,90.2,84.4,82.9,83.5,87.8,86.9,81.6,81.6,86.1,81.5,89,90.6,94.4,85.2,87.2,88,92.4,94.8,84.8,79.7,86.6,85.9,89.5,89.9,95.6,87.1,80.2,91.1,90.4,90,87.2,87.6,89.4,86.7,91.7,95.3,98.2,88.3,89.5,88.8,95,102.1,94.8,86.7,99.6,95.2,96.3,100.7,103.2,96,95.8,106.2,108.6,116.9,93.1,92.4,112.1,104,109.1,115.5,104.7,102.3,94.7,108.7,110.8,116.3,95.4,101.1,114.7,109.7,115.4,116.9,115.8,108,112.8,105.2,123.9,115.5,111,102.1,125.7,120.9,122.2,118.7,121.8,117.5,101.2,116.4,122.3,118.7,108.6,100.2,124.7,119.2,122.1,115.5,117.6,118,110.7,121.7,126.2,132.7,106.2,102.5,129,130.3,138.5,150.1,131,134.9,132.9,134,144.5,143.9,134,121.5,147.2,141.5,143.3,146,143.5,136.3,125.7,137.5,140.5,148.6,122.5,132.2,144.2
내구재,불변지수,,30,27,31.4,32.7,31,30.7,32.7,29.8,30.6,32.4,31.5,39.3,33.2,28.9,33.1,35.2,37.8,35.4,35.4,32.1,32.4,34.6,36,40,28.6,29.8,33.2,38.9,38.8,35.2,38.9,37,36.7,34.4,32.7,29.5,21,20.7,22.9,23.7,21.6,21.7,21.7,19.5,23.2,23.2,23.5,26.5,25.1,22.7,27.5,27.9,28.7,29.9,31.5,29.8,31,35.6,35.8,37.1,36.2,34.9,38.1,37.3,39.6,40.4,43,36.4,36.1,37.8,36.4,37.3,33.5,35,39.9,41.1,42.9,43.2,43.5,39.6,43.8,42.8,43.3,41.3,46.1,40.5,47.4,48.7,52.4,46.1,49.8,47.6,44.4,47.8,47.9,47.4,44.4,40.3,43.5,44.4,43.8,41.5,43.7,40.4,43,44.1,42.1,42.7,41.7,40.9,42.8,44.4,42.6,43.6,46.3,42.8,44.2,46.4,46.4,48.9,41.8,38.6,45.7,44.9,45.9,47.5,52,47.2,44.3,48.2,52.7,56.8,45.6,46.9,52.1,49.6,51.9,54.4,50.7,53.6,56.4,52.2,58.1,68.9,56,52.4,60.7,56.7,59.4,59.6,61.5,60.1,56.4,58.6,60.6,61.7,60.5,55.5,67.7,65.5,64.1,59.9,66.3,57.2,54.3,58.4,51.3,53.9,49.1,54.6,58.4,58.4,67.9,74.5,65.2,57.8,68.8,68.3,72.3,78.8,68.6,66.9,74.2,68.6,70.1,74.5,77,72.9,74.6,78.1,80.3,82.8,76.9,72.3,84.5,78.6,83.2,86.9,86.6,81.2,79.6,80.3,85.6,84.3,79.5,79.5,84.3,79.6,86.9,88.9,93.1,84.5,85.7,86.8,91.2,93.3,83.3,78.5,85.1,85.4,88.8,89.1,94.5,86.2,79.2,89.3,89.1,88.9,86.2,86.7,87.9,84.8,90.1,94.3,97.2,87.7,89.2,88.1,95.4,102.3,94.2,86.2,99.3,95.5,96.5,100.7,103.3,95.6,96.2,106.6,108.9,117.1,92.9,92.8,112.5,103.3,108.4,114.7,103.5,100.9,93.2,107.3,110.6,115.6,94.6,100,113.8,108.5,114.1,115.7,114.9,107.1,111.4,104,122.8,114.8,110.5,102,125,120.2,121.1,118.4,122.3,117.9,101.2,116.4,122.9,119.2,108.8,100.2,125.3,118.9,122.5,116.2,118.2,118.6,111.2,121.7,127.7,134.2,106.5,102.2,130.6,131.5,139.6,151.4,130.6,135,132.8,133.4,144.3,143.9,134.5,122.1,147.6,141.7,144.4,147.1,144.7,137.2,126.3,137.5,139.6,146.5,120.6,130.1,141.7
내구재,계절조정지수,,34.5,33.9,34.1,35.1,32.4,33,35.1,33.9,34.7,35.1,34.1,39.4,36.5,36.2,36.8,37,39.5,38.9,37.2,37,36.7,37,39.6,39.9,31.4,38.6,36.7,40.9,41.1,38,40.8,43.1,41.1,36.6,36.4,29.4,24.6,25.2,25,25,23.2,23.2,22.8,22.8,24.3,26.4,25.9,26.6,28.2,28.8,29.5,29.5,30.8,31.8,33.2,34.4,34.6,38.2,38.8,37.6,40.7,42.1,40.6,40.3,41.6,43,45.7,41.3,40.7,40.1,39.4,38.9,39,41.3,43.1,44.2,45.3,46.8,45.7,45.1,47.9,47.2,47,43.4,51.2,50.6,52,52.2,55.6,50.7,51.8,54.6,50.2,50.7,52.2,49.1,50.8,48.9,47.8,47.6,47.2,45.3,45.4,46.5,48.1,47,46.1,43.6,49.4,47,45.8,47.7,46.4,47.1,48.5,48.3,49.4,50.7,49.4,49.6,47.31040462,46.70984195,47.14114595,48.40550738,48.60106977,48.58049215,51.71818468,50.1477963,49.28187511,50.57352019,53.13239044,56.36097213,53.03696784,53.94244274,53.38451658,53.71973145,54.14808942,54.35518555,50.30262255,55.01014363,57.62679834,58.0810221,58.05113955,69.38577875,59.44759204,60.85712861,60.42949394,58.92181093,60.40650413,59.40932819,59.22872043,60.81161302,60.48032161,58.88655316,59.60027821,60.65512499,63.98189438,61.77439775,66.40653724,66.13421181,64.50911337,58.47674326,61.25259952,58.56072646,56.55351407,56.86584765,50.24703301,51.16649813,54.32239949,57.28206045,56.01446582,58.27973526,68.80245334,70.93009161,60.17916919,59.16573616,67.47381675,71.30218726,70.10734741,73.43887901,73.24463451,75.1833995,71.71431923,69.62788198,71.34463767,72.03516629,72.80947909,74.63338454,78.64814005,77.96152744,78.00499764,78.81573256,82.97229759,78.94759218,81.09169233,80.36619651,82.65580022,83.08128668,81.76690844,81.33231967,83.85716811,79.37779047,81.90834423,80.65541074,86.61114389,80.85120269,81.19041833,81.12618956,85.40496728,86.06998403,86.80893624,83.13548903,88.73604338,87.06505425,87.28750988,89.3640755,84.94725344,86.74593544,83.58677508,86.06147311,86.95746954,86.99846481,87.81402727,86.76624192,85.11076819,86.46287132,85.94393374,84.89128605,91.63554171,92.53511867,86.51006687,85.96540919,89.36583453,92.049019,91.45988824,89.869312,95.41059122,86.11538221,93.10752749,96.3357938,98.6763506,97.58277447,96.21000307,95.36267086,96.74367352,97.26047354,97.38297145,97.65526315,100.2304007,106.578268,105.1389812,109.8736495,99.08119335,102.3717408,107.3391807,104.0020461,107.0738642,110.5099882,99.1852301,99.81778051,99.74404769,106.2938446,105.8396593,110.4540057,104.7270163,108.1984015,108.5231711,110.4056005,110.6609386,111.7393713,109.9231511,106.3086383,112.8226641,109.7334729,117.8319447,111.81145,114.747016,116.8352667,120.3540225,120.3649114,116.5074827,115.3971945,115.7111533,117.1425184,110.2112293,115.2235555,118.2231167,116.1506368,114.4977275,113.0508378,121.6844918,117.3738291,117.3334069,114.7361524,112.0888151,119.5202365,121.1463231,119.800631,124.514477,128.4298938,116.994204,107.9664513,124.4788071,129.3309916,136.8553368,144.7029603,124.2072829,137.4769835,136.5916009,139.9531989,140.7098003,136.3714278,142.3563558,139.7006718,138.9330423,139.4064676,141.6387895,141.4247336,138.846169,138.3371955,136.233853,139.0077376,134.7,138.9,131.4,143.6,133.6
승용차,경상지수,,28.6,23.3,28.8,30.8,25.6,28.4,30.4,28.5,29.2,30.8,31.3,42.7,32,26.2,31.5,34.4,37,35.4,33.3,30.7,28.8,32.4,38.2,42.1,18.6,25,27.9,40.3,36,31.5,39.4,39.7,36.7,30,28.7,20.8,7.5,7.9,12,12.7,9.3,12,11.4,7.7,13.8,12,13.5,20.3,18.2,15.8,20.3,21.1,21.8,25.2,25.4,26.8,31.4,35,34.7,34.9,33.4,33.3,36.6,31,37.3,40.1,44.5,37.1,34.5,34.4,31.3,31,27.9,31.6,37.7,38.6,40.6,41.6,40,37.8,45.1,41.8,39.3,30.7,44.8,37,46.4,49.5,53.4,41.1,47.8,50.5,43.4,48.7,43.6,47.8,47.5,43.4,48.1,49.1,45.6,38.1,40.6,33.1,37.8,39.7,35.3,37.9,32.2,35.2,35.9,40.4,36.3,36.3,35,33.1,38.6,39,39,43,33.5,28.9,37,37.3,38.2,43.2,45.5,41.5,37.9,41.8,47.6,56.5,39.1,40,46.3,42.6,43.4,46.1,38.4,41.8,53.5,44.2,49.2,51.2,46.1,42.6,50.2,47.6,49.1,48.9,49.4,47,44,47.5,48,52,50.2,44,56.8,55.9,52.1,45.6,51.5,40.7,40,46.3,31.3,40.6,34.6,39.8,44,46.1,62.7,73.7,55.2,43.6,68.2,65.3,67.7,79.1,63,56.6,63.9,62.5,59.4,63.7,63.5,60.5,64.2,68.8,70.5,72.1,67.1,57.9,77.1,71.8,68.2,72.7,71.7,66.1,71.2,65.2,64.5,70.5,58.9,64.1,68.2,67,73.1,73.7,72.6,57.5,73.6,73.5,76,80.2,67.7,60.7,72.1,74.3,74.3,71.9,81.3,71.6,65.4,77.5,73.6,74.4,74.4,73.2,80.7,87.1,81,86.2,91.5,77.3,82.4,84.8,86.9,99.4,89.7,77.8,98,97,92.8,106.4,101.8,89.5,99.4,105.3,108.4,133.9,84.3,84.9,118.6,106.7,111.1,127.9,91.1,84.8,90,103.4,110.9,125.5,87.2,94.6,118.8,105.8,108.4,119.3,101.2,97.5,110,92.1,117.9,108.4,103.7,92.7,125.6,121.6,119.3,117.9,113.2,107,90.4,115.3,119.3,118,98.8,87.7,115.5,118,114.1,108.2,112.3,107,108.4,123.1,126,144.5,92.4,79.3,137.7,142.7,145,171.9,135.3,122.5,138.2,138.5,152,151.1,124.7,111.9,154.6,149.4,147.5,159,141.3,124.5,113.8,122.8,131.5,149,103.1,118.8,145.9
승용차,불변지수,,29.6,24,29.8,31.8,26.3,29.3,31.3,29.4,30.1,31.7,32.2,44,33.1,27,32.6,35.5,38.2,36.5,34.3,31.7,29.7,33.4,39.4,43.3,19.2,25.8,28.8,41.6,37.1,32.5,40.7,41,37.9,31,29.6,21.4,7.7,8.2,12.3,13.2,9.5,12.3,12.1,8.2,14.8,12.9,14.5,21.9,19.6,17.1,22,22.5,23.4,26.9,27.2,28.8,33.5,37.4,37.1,37.3,35.8,35.7,39.2,33.1,39.8,42.6,47.2,39.4,36.5,36.2,32.9,32.6,29.2,33.1,39.5,40.4,42.2,43.2,41.5,39.2,46.7,43.2,40.7,32.6,47.6,39.3,49.3,52.4,56.6,43.5,50.5,53.3,44.1,49.5,44.3,48.3,48,43.9,48.6,49.6,45.9,38.4,42.6,34.7,39.6,41.6,37,39.6,33.8,36.9,37.6,42.9,38.6,38.6,37.2,35.1,41,41.4,41.4,45.5,35.5,30.7,39.2,39.4,40.4,45.7,48.1,43.8,39.6,43.7,49.6,59,40,41,47.4,43.6,44.4,47.2,39.3,42.7,54.5,45.1,50.1,52.2,47.1,43.4,51.1,48.4,50,49.6,50,47.6,44.5,48.2,48.8,52.8,51,44.8,57.8,56.7,52.9,46.4,52.4,40.8,40.1,46.3,31.3,40.7,35.5,41,45.3,47.5,64.6,75.4,54.7,43.3,67.6,64.4,66.9,78,62.2,55.9,63.1,61.6,58.6,62.9,62.6,59.6,63.5,68.3,70.1,71.6,65.9,57.1,76.1,70.9,67,71.5,70.7,65.3,70.6,64.4,64,69.7,58,63.1,67.8,66.7,72.6,73.1,71.9,57,73.8,73.7,75.7,79.5,66.3,59.6,70.7,73,73.1,70.7,80.2,70.7,64.5,75.7,72.1,73.3,73,71.9,79.5,85.6,79.4,84.7,89.9,76.6,81.6,84,86.4,98,88.6,77.3,97.8,96.9,92.8,106.9,102.1,89.3,100.1,105.6,108.6,134,82.9,85.1,118.8,106.9,111.7,128.4,90.3,84,89,102.2,110.2,123.9,85.8,92.8,116.4,103.7,106.4,117.3,100,96.9,109,90.9,116.9,108.5,103.5,92.8,125.2,121,118.2,117.5,114.2,108.1,91.1,115.7,120.4,118.8,99.6,88.5,116.8,118.9,115.2,109.7,113.6,108.7,110.6,124.9,129.5,147.9,92.5,77.9,139.8,144.9,146.7,174,134.1,121.4,137.9,137.5,151.1,151.3,124,111.2,152.1,147.2,145.9,157.3,139.5,122.9,112.6,120,128.4,144.3,99.3,114.4,140
승용차,계절조정지수,,33.5,30,29.3,32.2,26.6,29.5,31.7,30.2,31.9,33.2,33.5,39.6,34.5,34.1,33.5,34.4,38.5,38.3,33.2,33.5,31,34.2,41.8,38.3,20,33.7,29.6,40.7,38.3,33.4,39.5,44.6,39.2,31.3,32.2,18.7,9,9.7,12.4,13,10,12.3,11.8,9,13.5,15.1,15.5,19.5,21.7,22.2,21.9,22.5,25,27.1,27.3,31.2,34.8,39.2,38.9,33.5,40,43.8,39,34.8,40.9,42.9,48.7,42,39,37,34.6,31.1,34,38.5,40.3,41.8,43.5,44.5,41.8,42.1,46.8,46.8,42.7,31.3,50.3,49.8,51.4,53.2,58.3,45.8,49.6,58.8,47.1,48.9,47.4,45.5,53.2,52.7,50.7,50.5,48.5,39.6,41.8,39.5,41.5,41.1,40.4,36.6,40.2,41.2,37.5,43.8,41.8,38.9,37.4,39.2,42.3,43.6,43.1,42.2,39.2,37,37.2,39.2,41,42.8,46.3,44.9,41.3,42.8,47.9,53.7,46.3,46,44.9,44.5,43.8,44.3,37.8,43.9,50.4,49.7,48.3,48.9,49,52.7,49.6,48,49.3,47.8,46.9,49,47.4,46,47,49.5,54.2,51.1,57.6,54.7,53.5,44.7,48,44.5,41.7,42.8,31.8,36.2,42,45,43.9,45.7,67.1,70.8,50.2,47.3,62.7,68.6,66.1,69.6,68.5,67.6,59.4,59.2,60.8,59,59.2,63.5,66.1,66.6,67.3,64,76,65.9,71.4,69.9,67.6,66.9,68.9,68,73.7,62.8,61.2,64.1,70.1,64.9,65.1,65.7,71.1,70,68.6,59.6,75,74,72.3,75.2,69.3,72.2,69.4,69.8,71.4,69.4,74.9,76.1,69.6,70.1,70.5,67.6,81.6,81.6,77.5,81.5,79.4,80.8,84.5,84.8,86,78.1,86.7,87.9,95.3,93.9,92.3,92,95,99.1,96.6,98.9,100.7,106.7,105.8,120,93,97.9,108.6,103.9,110.8,118.7,90.7,88.2,95.1,101.1,104.3,113.7,100.9,103.8,106,103.4,102.2,108.1,101,101.8,106.3,99.6,110.4,102,108.7,113.5,116.6,117.1,112.9,111,112.8,113.7,101.9,111.7,113.7,111.4,108.3,105,111.3,111.7,109.4,106.2,109.6,117.7,123.6,118.5,125.6,134.6,108.4,84.8,129.3,135.8,146.4,159.5,129.6,135.1,137,147.9,146.5,133.8,138,137,136.7,137.6,145.1,144.2,138.6,133.1,123.3,121.1,121.2,127.4,117.3,132.9,125.9
국내 승용차,경상지수,,,,,,,,,,,,,,,,,,,,,,,,,,,,,,,,,,,,,,,,,,,,,,,,,,,,,,,,,,,,,,,,,,,,,,,,,,,,,,,,,,,,,,,,,,,,,,,,,,,,,,,,,,,,,,,,,,,,,,,,,,,,,,,,,,,,,,,,,,,,,,,,,,,,,,,,,,,,,,,,,,,,,,,,,,,,,,,,,,,,,,79.5,70.8,80.5,78.7,73.4,78.5,77.8,70.8,78.5,86,86.7,90.3,81,71.8,92.5,88.6,82.4,89,87.2,78.9,84.4,79.5,76,87.7,67.2,76.2,78.7,77,83.9,87.5,85.5,63.5,84.4,84.6,87.4,98.6,73.9,68.2,81.7,82.8,83.3,81,91,78.6,71.8,86.3,80.2,82.7,77.7,78.7,85,91.9,85.6,86.3,96.7,78.9,84.1,87.8,88.7,108,84.8,77.7,94.7,99.9,93.2,100.7,101.2,91.1,97.7,111.8,108.1,139.2,83,89.4,120.5,115.3,119.9,133,96.6,86.7,92.5,102.6,117,137,87.8,99.7,120.2,107.9,112.8,117,107.4,102.2,113.7,93.6,117,108.6,96.4,87.7,119.7,115.1,116.1,112.2,114.2,111.8,96.9,122.4,123.7,124.4,102.2,92,127.2,126.9,122.3,112,114.5,107,103.8,122.3,124.5,138.9,91.4,72.4,149.7,152.5,154.6,183.2,148,116.8,145,144,153.5,142.9,125.3,104.2,149.4,146.9,137,144.3,134.8,116.8,104.1,127.3,136.1,146.3,101.4,115.5,130.6
국내 승용차,불변지수,,,,,,,,,,,,,,,,,,,,,,,,,,,,,,,,,,,,,,,,,,,,,,,,,,,,,,,,,,,,,,,,,,,,,,,,,,,,,,,,,,,,,,,,,,,,,,,,,,,,,,,,,,,,,,,,,,,,,,,,,,,,,,,,,,,,,,,,,,,,,,,,,,,,,,,,,,,,,,,,,,,,,,,,,,,,,,,,,,,,,,79.9,71.3,81.1,79.1,73.8,78.9,78.2,71.1,78.9,86.8,87.7,91.1,81,71.8,92.4,88.7,82,88.8,86.9,78.5,83.8,78.5,75.3,87.2,66.4,75.5,78.3,76.9,83.5,87.1,84.8,62.9,84.8,84.9,87,98.2,72.5,66.9,80.3,81.3,82.1,79.7,89.6,77.3,70.5,84.8,79.5,82.5,76.8,78,84.5,91,84.5,85.4,95.5,78.1,83.2,86.8,88.1,107.3,83.7,77,94.1,99.6,93,100.7,101,90.2,98.2,112.5,109.3,140.7,82.2,90.6,122.1,116.9,121.8,134.9,96.3,86.4,92.2,102.7,117.5,136.2,87.2,98.6,118.8,106.4,111.3,115.7,107.1,102,113.4,93.5,117.7,108.9,95.8,87.7,117.7,113.3,114.3,110.8,115,112.8,97.5,122.8,125.5,125.7,102.8,92.7,128.4,127.7,123.1,112.6,114.9,107.8,105,124.8,128.3,140.8,90.4,71.9,153.1,156.1,158.1,187.4,147.7,117,145.1,144,154,143.3,125,104.1,149.1,146.4,136.3,143.6,133.6,115.7,103.1,126,134.7,143.3,99,112.7,127.4
수입 승용차,경상지수,,,,,,,,,,,,,,,,,,,,,,,,,,,,,,,,,,,,,,,,,,,,,,,,,,,,,,,,,,,,,,,,,,,,,,,,,,,,,,,,,,,,,,,,,,,,,,,,,,,,,,,,,,,,,,,,,,,,,,,,,,,,,,,,,,,,,,,,,,,,,,,,,,,,,,,,,,,,,,,,,,,,,,,,,,,,,,,,,,,,,,31.3,29.2,32,31.2,32.4,35.3,36,40.6,36.7,35.7,39.2,37.3,40.5,31,47.6,39.5,41,41.4,41.9,41.5,45.8,37.9,42.5,37.4,42.9,40.7,48,47.5,52.3,47.3,47.8,45.8,52.9,52.1,54.2,44.7,55.6,46.4,53.3,58,56.9,54.5,62.5,58.4,53.1,60.6,60.6,58.4,68.2,62.6,72.4,78,72.4,86,81.5,74.4,79,78.9,83.3,82.9,99.2,77.9,104.4,91.5,92,117.5,103,86.5,102.6,92.9,108.9,123.7,86.8,76.1,114.9,90.1,94.1,118.1,80.4,81.2,85.2,105.1,99.3,103.3,86.3,84.7,116,101.6,99.9,123.7,89.4,88.4,102.9,89.3,119.7,107.9,117.9,102.3,137.1,134,125.5,129,111.4,97.8,77.8,101.5,110.9,105.5,92.2,79.3,93.2,100.9,98.3,101,108.1,107,117.2,124.6,128.9,155.3,94.4,92.4,114.6,123.9,126.5,150,110.8,133.5,125,128,149.2,166.8,123.6,126.6,164.6,154.4,167.7,187.2,153.8,139.3,132.4,114,122.7,154.1,106.2,125.3,175.2
수입 승용차,불변지수,,,,,,,,,,,,,,,,,,,,,,,,,,,,,,,,,,,,,,,,,,,,,,,,,,,,,,,,,,,,,,,,,,,,,,,,,,,,,,,,,,,,,,,,,,,,,,,,,,,,,,,,,,,,,,,,,,,,,,,,,,,,,,,,,,,,,,,,,,,,,,,,,,,,,,,,,,,,,,,,,,,,,,,,,,,,,,,,,,,,,,29.7,27.7,30.4,29.7,30.8,33.5,34.2,38.5,35.4,34.5,37.9,36,38.4,30.1,46.2,38.3,39.6,40,41.2,41.1,46.4,38.5,43.5,37.8,42.7,40.4,48.7,48.1,52.7,47.5,48.2,46.2,53.7,52.9,55.1,45.5,54.9,46.2,53.1,57.8,56.7,54.2,62.9,58.7,53.4,58.9,58.5,56.4,66,60.7,70.2,75.6,70.1,83.3,79.5,74.1,78.7,78.6,83.4,81,98,77.9,104.9,91.9,92.5,118.8,104.1,87.4,103.8,92.2,107.2,121.2,84.3,74.5,112.5,87.6,92.2,115.7,78.7,79.4,82.9,101.4,96,100.2,83.2,81.6,111.8,98.4,97.1,120.3,86.4,87.2,100.4,85.9,115.4,107.7,118.3,102.7,139.6,135.8,125.7,130.4,112.9,99,78.8,102.1,110.8,105.6,93.4,80.4,94.5,101.9,99.9,104.2,111.1,110.4,121.2,125,131.9,161.5,96.5,89.4,114,123.3,125,148.1,107.9,130,124.1,125,145.7,166.6,122.2,125,157.8,148.7,164.5,183.7,150.8,136.7,130.9,108.4,116.3,146.2,99.8,117.6,164.4
가전제품,경상지수,,,,,,,,,,,,,,,,,,,,,,,,,,,,,,,,,,,,,,,,,,,,,,,,,,,,,,,,,,,,,,,,,,,,,,,,,,,,,,,,,,,,,,,,,,,,,,,,,,,,,,,,,,,,,,,,,,,,,,,,,,61.9,55.9,62.4,64.8,70.3,66.2,78.6,67.6,59.9,65.7,76.3,71.4,58.7,55,59,60.3,67,74.4,75.9,76.9,60.6,62.8,78.6,95.9,61.8,55,67.5,63.3,66.9,72,77.4,77.1,67.8,65.3,73.3,68.9,62.8,57.8,68.7,67.7,71.9,73.9,91.2,75.2,67.4,70.3,79.1,73.1,60.4,62.5,69.3,70.3,75.4,81.5,81.5,74.4,72.8,78.5,90.1,83.5,69.7,69.5,80.6,69.9,76.9,91.1,100.2,89.4,79.8,88.3,98.2,97.8,78.8,74,87.6,76.5,88.2,98.6,110.3,90,77.6,82.6,99.1,87.2,76.2,73.6,82.1,74.2,87,87.7,109.5,97.7,79.1,88.5,97.8,89,78.3,73.4,87.2,81.8,98.3,114.6,116.9,103.9,81.5,95.6,105.1,94.2,78,75.6,86.8,84.8,98.3,110.2,112.8,98.6,88.8,94.2,110.4,101.4,85.5,80.7,89.9,87.9,100.9,98.8,118.8,110.7,90.4,110.1,120.1,106.2,96.1,92.8,100.8,99.3,111.5,119.9,143,137.4,103.4,116.2,118.6,109.3,95.9,96.9,109,117,143.3,137.9,162,130.3,113.8,125.5,141.1,126.6,120.4,113.3,134.4,139.8,153.7,149.2,178,154.3,119.1,135.7,149.1,132.6,128.1,117.9,154.7,139,158.2,148.7,144.4,143,122,131.5,145.2,132.8,128.7,140.1,146.3,148.4,178.3,185.5,162.4,193.5,162,167.3,183,172.2,176.5,159,176.9,166.6,183.4,179.7,200.9,182.7,164,187.4,187.1,179.9,173.1,171.8,172.8
가전제품,불변지수,,,,,,,,,,,,,,,,,,,,,,,,,,,,,,,,,,,,,,,,,,,,,,,,,,,,,,,,,,,,,,,,,,,,,,,,,,,,,,,,,,,,,,,,,,,,,,,,,,,,,,,,,,,,,,,,,,,,,,,,,,47.6,43.3,48.5,50.6,54.9,52.1,62.2,53.6,47.6,52.8,62.1,58.2,48.3,45.6,49,49.9,56,63,64.5,66.4,52.4,54.6,68.3,83.5,54.1,48.5,60,56.6,60,64.7,69.9,69.9,61.5,59.4,66.8,63.1,57.5,53.1,63.1,62.5,64.1,65.7,81.1,67.4,60.4,62.6,70.6,65.3,53.8,55.5,61.3,61.8,66.4,72,72.8,66.8,65.6,71.3,81.9,76.3,63.6,63.7,73.9,64,71,84.3,93,82.9,74.1,81.4,90.8,90.9,73.3,69.1,82.1,71.9,82.8,92.7,104.9,85.9,74.2,79.1,95.4,83.7,73.7,71.3,79.5,72,84.5,87.1,110.5,99.5,78.8,88.8,99.1,90.4,79.3,74.1,88.2,82.5,99.3,115.5,117.4,104.6,80.8,93.3,103.2,93.2,76.7,74.1,85.1,84,96.9,110.1,113.6,98.5,89.3,95,113.7,104.2,86.1,80.5,90.7,88.1,100,98.7,119.6,110.4,90.5,110.3,119.8,105.2,95.2,91.8,100.3,99.1,111.3,119,142.7,136.4,102.5,117,122.8,113.8,99.8,99.5,111.1,119.3,145.5,141.5,168.8,135,117.9,129.5,146.8,131.3,124.7,118.8,140.4,148.1,160.6,158,186.5,161.9,125.4,143.8,158.7,141.9,136.4,124.3,163.1,145.2,166.1,156.8,152.3,153.1,130.8,140.2,155.7,143.7,139.1,151.1,159.3,161.7,192,200,176.4,210.9,176.5,181.2,199.7,186.8,191.6,173.9,195.3,182.8,201.4,199.1,222,201.6,181.1,205.5,204.9,197.3,189.8,187.3,190.6
가전제품,계절조정지수,,,,,,,,,,,,,,,,,,,,,,,,,,,,,,,,,,,,,,,,,,,,,,,,,,,,,,,,,,,,,,,,,,,,,,,,,,,,,,,,,,,,,,,,,,,,,,,,,,,,,,,,,,,,,,,,,,,,,,,,,,52.2,53,52.4,54.3,54.1,48.4,52.8,50.7,51.9,54.6,54.5,55.2,54.8,54.2,52.4,53.6,55.6,58.1,55.1,62.3,56.5,56.8,60.3,79.9,59.6,59.7,63.1,60.4,60.1,59.7,60,65.7,65.3,61.4,59.5,60.7,63.8,62.9,65.4,67,64.9,60.3,69.4,64.1,63.8,63.8,63,62.8,62.7,65,63.1,67.4,67.5,65.8,61.5,64.4,69.6,71.7,72.6,73.5,71.8,77.5,75.8,71.9,72.5,76.5,76.8,79.4,80,81.6,80.1,88.1,83.2,84.1,84.7,82.6,83.7,84,85,80.9,81.6,79.4,84,81.9,85.9,82.3,83,83,84.1,79,89,91.6,88.4,89.1,87.5,88.7,89.8,92.3,93.5,93.9,97.1,105.2,94.9,95.1,91.7,93.5,91,91.5,89.8,89.9,91.3,94.1,94.2,100.8,92.2,89,101.5,94.8,100.8,102.7,98.8,99.7,98.1,97.2,96.6,91,96.4,99.7,102.4,110.1,107.5,105.6,108.8,109.4,108.6,107.6,106.5,110.2,113.7,123.3,115.4,117.8,112.7,116.8,117.4,118,119.2,127.3,136.3,131.4,133.6,123.1,132.5,132.6,137.4,137.8,140.1,144.5,148,156.1,147.9,146.8,148.6,149,140.5,149.9,151,150.2,151.2,148.4,169,152.1,151.9,146.1,123.5,142.4,145.4,147.4,149.2,151.9,157.4,165,163.1,169.9,177.1,186.6,145.8,197,194.7,189.9,192,195.6,207.1,202.1,198.4,192.6,187.9,186.9,185.7,189.3,199.2,212.9,196.1,204.7,208.4,213.5,193.2
통신기기 및 컴퓨터,경상지수,,,,,,,,,,,,,,,,,,,,,,,,,,,,,,,,,,,,,,,,,,,,,,,,,,,,,,,,,,,,,,,,,,,,,,,,,,,,,,,,,,,,,,,,,,,,,,,,,,,,,,,,,,,,,,,,,,,,,,,,,,87.9,91.1,97.8,87.1,83.2,77.9,82.4,77.6,77.8,78.8,77.5,82,82.6,86.9,92.2,87.8,90.7,84.9,83.5,85.5,83.9,78.7,79.7,108.6,95.3,93.6,101,90.1,90.8,87.2,89.4,89.4,87.1,89.7,90,90.6,95.2,91.2,108.2,96.1,96,90.5,89.5,88,83.7,84,80.7,81.7,84.7,93.2,96.1,89.6,88.6,89.4,91.3,89.3,85.8,83,85.5,93.2,95.3,98.1,103.7,89.5,96.7,97.9,102,97.3,103.9,99.7,101.8,109.3,113.1,112.4,115.2,105.9,124.3,126.5,113.7,116.8,108.3,116.6,127.7,117.3,130.8,121.2,122.8,109.3,119.2,127.5,129.3,131.3,121.1,115.3,122.5,132.9,125,121.3,108.9,106.6,109,104.9,110,101.2,103.1,112.3,109.1,114.1,119.9,127.5,101.7,79,102,98.3,97.1,92.5,96,80.1,94.8,105.9,113.2,106,106.4,98.1,99.2,96.1,97.9,94.6,90,99.7,99.7,99.1,102.1,103,108.8,100.9,102.5,95.7,100.2,103.3,88.2,103.2,100.3,100.4,102.2,105.3,107.4,109.1,105.3,97.2,106.4,99.3,111.1,104.9,127.8,117.5,115.2,105.4,117.1,99.2,100.3,91.5,93.3,102.6,92.8,93.5,108.4,98.2,101.7,96.4,110.4,95.7,96.6,91.6,96.2,109.3,92.8,100.8,107,100,95.6,99.2,103.1,94.7,94.5,88.2,91.3,109.2,97.9,94.5,100.9,100.3,109.4,98.2,101,93.6,91.9,86.4,91.7,107.4,99.8,106.1,104.5,103.2,96.5,112.8,104.7
통신기기 및 컴퓨터,불변지수,,,,,,,,,,,,,,,,,,,,,,,,,,,,,,,,,,,,,,,,,,,,,,,,,,,,,,,,,,,,,,,,,,,,,,,,,,,,,,,,,,,,,,,,,,,,,,,,,,,,,,,,,,,,,,,,,,,,,,,,,,36.2,37.7,41.9,37.6,36.2,36.2,39.8,37.1,38,38.8,38.2,40.5,42.1,46,48.9,46.8,48.8,48.6,48,51.7,50.9,48.8,51,69.7,62,60.9,66.4,59.7,64,62.1,63.9,64.1,62.7,65,65.4,65.9,69.5,66.8,79.2,73,74,69.9,70,68.9,65.7,66.8,61.2,59.5,61.8,70.7,71.1,66.8,67.3,68,69.5,67.4,65.2,63.4,65.4,74.3,76.9,79.7,84.6,73.5,79.6,80.5,83.9,80.2,85.7,82.3,84.2,90.6,93.9,93.5,97.1,90.2,107.3,109.3,98.8,101.7,94.4,101.9,114.5,105.4,117.2,109.2,111.8,99.2,108.2,115.8,117.3,119.1,109.9,105.3,111.8,120.7,113.9,111.6,100.5,102.6,102.7,98.5,102.6,94.7,97,105.9,103.3,108,114,121.3,97.4,75.9,97.8,95.8,94.8,90.4,94.7,79.4,93.7,105.9,111.6,104.5,104.9,99.6,100.5,95,96.7,93.4,90.3,101.4,101.2,100.9,105.4,105.8,111.9,98.8,99.4,92.9,97.2,100.3,85.3,100,99.3,99,100.2,103.6,108.5,107.6,103.6,95.3,101.5,94.7,106.7,100.5,122.4,112.4,112.6,103,114.3,94.7,96,87.9,91.4,100.2,90.7,91.4,106.1,96.3,100.1,96.3,110.9,93.9,94.7,89.8,95.8,106.4,90,97.1,105.7,98.6,95.7,99.7,103.9,93.4,93.5,85.7,88.5,105.9,95.3,91.8,98.1,98.6,111.8,100.2,103.3,96.1,96.3,90.4,95.7,112.7,104.6,113.1,107,105.4,99,115.6,107.7
통신기기 및 컴퓨터,계절조정지수,,,,,,,,,,,,,,,,,,,,,,,,,,,,,,,,,,,,,,,,,,,,,,,,,,,,,,,,,,,,,,,,,,,,,,,,,,,,,,,,,,,,,,,,,,,,,,,,,,,,,,,,,,,,,,,,,,,,,,,,,,35.4,36.6,38,37.2,35.5,36.5,39.4,37.6,40.3,40.1,40.6,41.3,42.8,42.9,44.6,46.4,48,48.9,47.5,52.3,50.9,53.6,54,70.9,60.4,59.1,60.8,59.4,63,62.5,63.3,64.7,67,67.1,69,66.7,67.5,64.9,72.8,72.8,73,70.4,69.4,69.5,70.2,69,64.3,59.9,62.1,66,65.6,66.9,66.6,68.5,69.1,67.9,66.4,68.9,68.2,74.4,74,77.3,78.5,73.9,79,81.3,83.7,80.5,92.1,84.8,87.1,90.2,90.5,90.2,90.5,91.2,106.9,110.9,98.9,101.8,101.6,104.8,117.5,104.3,116.2,101.9,104.6,100.7,108.2,118.5,117.7,118.9,115.9,110.3,113.7,119,108.1,108.5,94.2,104.5,103.1,101.8,103.4,94.2,104.5,108.4,104.2,106,110.6,115.2,91.4,77.5,98.6,100,96.1,89.5,101.8,81.1,93.7,103.6,105.1,102.3,98.3,102,101.7,100.1,98.6,92,96.6,103.3,100.3,98.7,99.1,103.8,104.8,101.5,100.8,99.1,99.8,98,90.9,101.4,97.9,96.8,97.7,97.9,101.6,110.8,105.6,102.7,104.8,91.9,106.1,108.2,120,110.1,105.5,101.5,107,97.6,98.1,95.8,94.8,96.6,95.7,91.8,103.5,94.5,93.8,95.3,103.8,96.9,97,98.7,99.7,101.9,94.4,97.2,102.8,96.8,93.2,95.2,97.1,96.6,96.1,94.6,92.4,100.9,96.4,94.6,95.3,97,104.8,99.6,96.5,99.4,99.2,100.1,100.3,106.8,108.9,112.7,103.8,103.8,94.5,112.9,100.8
통신기기,경상지수,,,,,,,,,,,,,,,,,,,,,,,,,,,,,,,,,,,,,,,,,,,,,,,,,,,,,,,,,,,,,,,,,,,,,,,,,,,,,,,,,,,,,,,,,,,,,,,,,,,,,,,,,,,,,,,,,,,,,,,,,,,,,,,,,,,,,,,,,,,,,,,,,,,,,,,,,,,,,,,,,,,,,,,,,,,,,,,,,,,,,,94.5,95.5,100,90.4,102,102.6,106,99,108.6,99.5,102.1,107.4,118.6,118.7,119.8,114.2,144.1,148.7,127.8,128.6,119.1,130,145.4,129.7,146.6,126.8,126.5,117.4,133.7,141.7,146,150.2,138.4,125.7,136,150.2,133.3,128,106.2,112.8,120.7,113.6,120.1,107.3,112.6,121,114.7,117.8,126.1,132.6,90.9,65.3,106.7,103.4,98.3,92.1,98.3,76,96.9,108,112.3,105,98.6,94,101.5,96.6,99.4,97.4,91.4,105.6,101.6,96.6,100.4,94.3,101.4,100.9,104.3,96.8,103.2,109.4,88.1,109.6,102.5,97.2,98.9,96.8,99.9,112.7,110.3,100.8,111.5,98.9,116.2,112.4,138.1,118.9,116.9,105.4,119.9,103,108.1,97.9,99.1,113.1,99,97.9,117.1,99,95,86.5,113.5,100.5,105.4,99.5,102.7,121.8,97.8,107.7,109.7,98.3,89.7,92,91.4,84.1,91.3,86.6,87.7,108,91.9,93.5,97.9,91.1,102.7,86.1,89.7,85.2,85.1,84.2,86.4,109.2,99.2,109.9,100.4,94.2,87.3,105.8,98.6
통신기기,불변지수,,,,,,,,,,,,,,,,,,,,,,,,,,,,,,,,,,,,,,,,,,,,,,,,,,,,,,,,,,,,,,,,,,,,,,,,,,,,,,,,,,,,,,,,,,,,,,,,,,,,,,,,,,,,,,,,,,,,,,,,,,,,,,,,,,,,,,,,,,,,,,,,,,,,,,,,,,,,,,,,,,,,,,,,,,,,,,,,,,,,,,78,78.8,82.5,74.6,84.3,84.8,87.6,81.9,89.8,82.2,84.5,88.8,98.1,98.2,100.8,96.8,124.6,128.6,110.5,111.3,103.1,112.3,130.1,116.1,131.2,113.5,113.3,105.1,119.7,126.9,130.7,134.5,123.9,112.5,121.8,134.5,119.3,114.6,95,107.3,111.5,104.9,110.9,99,105.5,113.5,107.5,110.4,118.2,124.3,85.2,61.2,100,98.9,94,88.1,95.1,73.6,93.9,106.7,109.3,102.2,95.9,95.4,103.4,94.8,97.6,95.8,92.4,108.9,104.9,99.5,105.8,99.4,106.8,98.3,101.7,94.3,100.6,106.6,85.5,106.4,102.7,97.4,99.2,97.1,104.5,112.8,110.4,99.5,106.8,94.7,111.3,107.6,132.2,113.7,115.1,103.8,118.1,98,102.9,93.1,96.6,110.3,96.5,95.5,114.2,96.5,92.6,86.5,113.5,98,102.7,97,102,118,93.1,102.5,108.2,97,90.2,92.6,92,82,89.1,82.1,83.2,102.4,87.2,89.4,93.7,87.6,106.2,89.2,92.9,88.2,89.9,89,91.2,115.4,104.8,119,102.6,96.3,89.2,108.1,101.4
컴퓨터,경상지수,,,,,,,,,,,,,,,,,,,,,,,,,,,,,,,,,,,,,,,,,,,,,,,,,,,,,,,,,,,,,,,,,,,,,,,,,,,,,,,,,,,,,,,,,,,,,,,,,,,,,,,,,,,,,,,,,,,,,,,,,,,,,,,,,,,,,,,,,,,,,,,,,,,,,,,,,,,,,,,,,,,,,,,,,,,,,,,,,,,,,,97,102.9,110.6,88,86.7,89,94.4,94,94.9,100.2,101.2,112.9,102.3,100.2,106.5,89.8,86.5,84.3,86.7,94.4,87.8,91.3,93.9,93.8,100.8,110.5,115.8,93.7,91.6,100.7,97.4,95.2,88.4,95.7,96.7,99.6,109.1,108.7,113.9,94.9,86.7,88.2,90.7,89.5,84.8,95.5,98.4,106.8,108.3,117.9,122.4,104.9,93.1,88.7,94.9,93.1,91.8,88,90.8,101.8,114.9,108.1,121.6,106,94.8,95.1,94.9,89.3,87.3,88.3,95.9,104,105.4,119.9,123.3,101,99,93.5,94.6,91.5,88.3,90.8,96.1,106.4,108.6,121.5,121.9,102.2,95.6,90.3,96.6,100.2,101.3,90.2,107.8,114.7,111.9,105.3,111.7,92,85.2,79.1,82.1,82.4,80.9,84.9,91.5,96.8,114.5,115.5,104.5,86.4,79.8,76.3,83.5,85.1,83,87.5,101.8,103.4,107,113,125.5,115.1,100.7,91.4,98.2,111.5,109.5,96.3,106.6,118.3,122.2,121.7,122.9,109.9,105,90.6,102.1,104,101,98.8,112.4,120.6,114.4,126.4,116.6
컴퓨터,불변지수,,,,,,,,,,,,,,,,,,,,,,,,,,,,,,,,,,,,,,,,,,,,,,,,,,,,,,,,,,,,,,,,,,,,,,,,,,,,,,,,,,,,,,,,,,,,,,,,,,,,,,,,,,,,,,,,,,,,,,,,,,,,,,,,,,,,,,,,,,,,,,,,,,,,,,,,,,,,,,,,,,,,,,,,,,,,,,,,,,,,,,75,81.2,88.4,71.4,70.7,72.6,77.3,77,78,82.4,83.4,94.1,86,84.6,90.4,77.8,75.1,73.2,76.8,83.8,78.3,82.5,85.2,85.2,90.9,101.2,109.2,88.3,86.4,94.9,92.3,90.2,83.7,91.9,92.9,94.8,103.7,105.9,110.8,93.9,86.3,86.7,87.1,86.5,81,91.5,95.6,103.5,106.3,115.9,120.4,103.3,93.6,90,96.3,94.7,93.9,90.2,93.3,104.7,116,109,122.2,107.8,95.1,95.5,94.8,88.9,86.1,87,94.2,103.5,104.7,118.2,121.8,99.7,94.9,90.2,90.8,87.9,84.9,87.5,92.7,102.2,102,116,116.3,97.4,90.5,87.1,91.2,94.8,97.9,86.6,103.3,110.1,107.8,101.5,107.1,88.4,82.8,77.8,81.4,80.7,79.4,83.4,90.5,95.9,114.4,115.3,105.7,85.9,79.3,75.9,83.9,84.1,84,86.7,100.8,101.9,106.2,113.4,127,115.5,101.9,92.7,98.7,112.7,111,96.3,106.7,119.8,122.7,121.4,123.4,111.4,108.5,93,104.4,107.6,104.2,101.6,115.6,123,118,130.1,120
가구,경상지수,,,,,,,,,,,,,,,,,,,,,,,,,,,,,,,,,,,,,,,,,,,,,,,,,,,,,,,,,,,,,,,,,,,,,,,,,,,,,,,,,,,,,,,,,,,,,,,,,,,,,,,,,,,,,,,,,,,,,,,,,,86.2,81,96.2,92.3,87.2,81.9,79.7,80.7,88,99.2,90.9,87.1,83.3,94.4,105.1,99.2,97.1,85.8,86.2,83.7,99.9,110.9,102.3,130,93.5,85.7,100.2,97.1,96.8,89.7,90,86,91.7,99.9,95,91.5,91.7,87,90.5,95.1,87.7,81.8,80.2,83.4,79.6,88.7,84.3,79.7,72.4,76.5,80.9,79.7,79.6,79.3,81.2,83.4,87.1,93.5,88.8,86.1,80.7,80.1,90.3,84.8,85.7,83.8,82.8,83.3,90,99.6,93,93.3,87.2,87.1,96.4,93.4,92.3,86.7,85.3,87.1,86.3,95.8,90.6,91.8,86.8,91,99.3,95,95.1,89.1,85.4,82.9,85,94.7,95,95.1,85.1,83.1,100.5,93.4,91.9,87.7,85,85.5,86.5,98.3,97.6,95.6,88.2,91,101.9,93.6,92.8,90.3,89,90.2,90.4,101.9,97.2,95.4,95.6,90.3,111.5,102.5,102.2,95.5,97.8,98.8,95.5,109.1,101.5,99.9,95.9,95,107.7,103.5,101.7,97.7,98.2,105,103.3,120.8,110.6,112.2,103.4,111.2,115.6,104.5,103,101.1,101.9,103.1,103.5,97.8,100.9,107.3,101.8,99.2,120.9,112.8,108.8,105.4,102.7,107.9,107.8,125.2,114.5,118.5,117.7,116.9,131.1,121.5,116.6,112.5,110.9,118.8,115.8,129.6,122.7,130.3,123.7,137.4,144,150.2,153.7,144.3,144.6,151.2,152.1,161.4,158.3,166.3,161.6,151.9,172.1,163.7,160.9,151.9,155.1,158.9,154,177.7,166.8,168.7,162.2,156.5,164.5
가구,불변지수,,,,,,,,,,,,,,,,,,,,,,,,,,,,,,,,,,,,,,,,,,,,,,,,,,,,,,,,,,,,,,,,,,,,,,,,,,,,,,,,,,,,,,,,,,,,,,,,,,,,,,,,,,,,,,,,,,,,,,,,,,119.6,111.6,132.6,127.4,120.4,113,110.1,111.5,121.5,136.8,125.3,120.4,114.9,130.3,145,136.9,134.1,116.2,116.6,108.6,129.7,143.8,132.6,168.4,121.3,111.2,129,125.2,124.7,115.7,116.1,107.3,114.4,124.7,118.6,114.2,114.5,108.7,112.9,118.7,109.3,100.7,95.2,98.4,93.9,104.2,97.9,90.8,82.5,87.1,92,90.6,90,87.8,89.9,92.4,96.5,103.5,98.3,95.1,89.2,88.4,100.5,94.3,94.5,92.4,91.4,91.1,98.5,109.1,101.7,102.1,93.4,93.3,102.5,99.3,98,91.1,88.4,90.2,88.7,98.4,93.1,94.4,89.3,93.6,101.9,97.5,97.3,91.3,86.3,83.8,85.7,95.5,95.7,95.8,85.7,83.8,102.8,97.1,96.3,90.7,88,88.7,89.7,101.8,100.8,98.8,91.2,93.9,102.9,96.4,93.5,92,90.5,92,92.9,104.3,98.5,96.7,97.5,90.8,111,102.8,102.4,95.7,98,98.6,95.3,108.2,100.6,99,94,92.8,103.1,98.1,96.6,92.8,93.2,98.7,97.1,113.5,104.6,104.6,96.7,104,108.1,97.7,95.4,92.8,93.6,94.6,93.7,88.9,91.7,97.4,91.8,87.5,105.3,97.8,94.3,91.5,89.1,93.7,93.7,108.9,99.3,103,97.1,95,106.6,99,98.7,95.4,90,96.7,94.5,106,100.1,106.4,101.9,112.3,117.7,123.4,125.5,118.5,118.7,123.6,123.7,132.1,128,136,131.5,124.4,143.2,136,130.3,121.4,119.8,122.4,114.8,132.3,123.1,123.2,116.5,114.2,119.8
가구,계절조정지수,,,,,,,,,,,,,,,,,,,,,,,,,,,,,,,,,,,,,,,,,,,,,,,,,,,,,,,,,,,,,,,,,,,,,,,,,,,,,,,,,,,,,,,,,,,,,,,,,,,,,,,,,,,,,,,,,,,,,,,,,,120.9,121.6,123.4,124.3,120.8,121.1,119.3,118.7,119.5,120.1,119.4,120.2,121.2,136.1,135.7,134.2,134.3,124.6,125.7,114.7,126.3,128,126.2,168.2,123,121.1,121.5,123.4,124.6,123.8,124.1,112.1,112.4,110.7,113,114.2,116.7,117.9,106.7,117.5,109.1,107,100.8,102,92.7,93.2,93.7,90.8,88.4,90.1,86.9,89.6,89.5,92.3,94.5,95.8,95.5,94.5,94.7,95,92,94.4,94.5,92.8,93.3,96,95.9,95.2,100.1,100,98.5,101.4,97,97.8,95.8,96.9,96,94.1,93.2,95.1,91.8,91.4,90.1,93.1,95.7,93.9,94.5,94.8,95.1,94.1,91.6,88.8,89.6,89.4,92.4,93.8,87.6,87.3,94.9,94.8,94.7,93.8,93.5,93.7,94.4,94.9,97.1,96.4,95.8,94.8,94.9,94.8,92.9,95.5,96,96.4,97.4,96.4,95,94.3,99.5,94,102.7,101.8,102.9,99.9,103.6,102.4,99.6,99.1,97.5,96.5,95.7,95.9,95.8,97.4,97.9,97.3,98.7,101.9,101.2,103.3,102,101.5,102.3,102.7,100.5,97.1,97.1,97.5,99.5,97.5,96.8,81.8,90.2,94.1,92.4,89.8,97.6,96.9,95.9,96.3,95.2,96.8,98,99.9,98.8,99.1,97.2,96.9,98.1,97.5,99.8,100.7,96.4,100.3,99.3,98.3,100.5,102.3,105.8,108.8,107.6,120.6,126.1,125.7,127.6,129.1,130.1,123.9,129.4,130.5,130.3,124.6,130.3,132,130.5,129.4,129.2,128.7,122,123.8,124.6,118.1,117.6,111.4,108.8
기타내구재,경상지수,,,,,,,,,,,,,,,,,,,,,,,,,,,,,,,,,,,,,,,,,,,,,,,,,,,,,,,,,,,,,,,,,,,,,,,,,,,,,,,,,,,,,,,,,,,,,,,,,,,,,,,,,,,,,,,,,,,,,,,,,,,,,,,,,,,,,,,,,,,,,,,,,,,,,,,,,,,,,,,,,,,,,,,,,,,,,,,,,,,,,,75.3,78.6,84.7,83.2,84,82.2,84.8,84.5,85.9,89.6,83.3,86.6,83.4,84.2,87.2,88.6,91.2,88.5,90.8,89.2,90.8,93,89.3,95.4,90.3,89.7,92.5,96.4,99.4,97.4,98,94.4,94.8,92.8,93.6,93.4,92,89.6,98.5,99.6,100.5,95.9,97.4,98.2,94.9,96.9,97.5,100.5,93.9,91,101.6,100,105,104.8,107.6,108.6,108.6,107.6,102.5,111.3,96.7,94.5,102.4,90.1,94.3,92.8,96.6,98.3,100.8,112.6,110.9,109.9,104.8,100.6,113.6,106.8,113.5,106.4,108.6,110.6,104.8,119.4,116,122.1,108.6,119.4,120.4,117.7,123.3,118.6,123.7,131.2,129.8,128,126.3,126.5,122.4,116,130.4,130.8,130,128.6,126.9,131.3,124.4,124.8,120.5,135,122.3,116.7,133.5,132.1,143.1,134.4,136.6,135.6,129.7,132.6,132.2,145.6,130.7,116.8,105.4,105.2,119.3,123.1,126.6,125.3,116.7,117.4,123.4,134.6,129.1,121.7,138.1,141.8,142.7,144.1,144.9,144.6,139.3,146.1,148.6,164.9,138.4,140,149.2
기타내구재,불변지수,,,,,,,,,,,,,,,,,,,,,,,,,,,,,,,,,,,,,,,,,,,,,,,,,,,,,,,,,,,,,,,,,,,,,,,,,,,,,,,,,,,,,,,,,,,,,,,,,,,,,,,,,,,,,,,,,,,,,,,,,,,,,,,,,,,,,,,,,,,,,,,,,,,,,,,,,,,,,,,,,,,,,,,,,,,,,,,,,,,,,,77.6,81,87.3,85.8,86.1,84.4,87.2,86.7,88.1,92.1,85.7,88.9,84.1,84.9,87.9,89.3,91.4,88.6,90.7,88.9,90.5,92.8,89.1,95.1,90.1,89.3,91.9,95.9,99.9,97.2,97.8,94.2,94.7,92.7,93.5,92.7,91.5,89.1,98,99.2,100.9,95.5,96.9,97.8,94.3,96.5,97.1,100,93.7,90.6,101.2,99.9,104.9,104.6,107.3,108.4,108.6,107.5,102.3,111.2,96,94.3,102.3,90.1,94.4,92.8,97.2,98.6,100.8,112.7,111,109.9,104.8,100.7,113.8,107,113.8,106.6,109.1,111.8,105.9,120,116,122.5,108.8,119.3,120.3,118,123.7,118.2,123.5,130.7,129.3,129,126.8,127.7,122.7,117.4,130.5,130.8,129.7,128.2,125.9,131.7,123.9,123.9,119.6,134.8,122.4,117,134.7,132.9,143.9,135.1,137.3,136.2,129.4,132.2,131.4,145.4,130,116.8,105.5,104.5,118.9,122.9,126.2,124.9,115.7,116.2,121.6,131.8,126.4,119.3,135.8,138.6,141,141.1,143.1,141.9,137.4,143.3,146.4,160.7,133.4,134.7,143.7
기타내구재,계절조정지수,,,,,,,,,,,,,,,,,,,,,,,,,,,,,,,,,,,,,,,,,,,,,,,,,,,,,,,,,,,,,,,,,,,,,,,,,,,,,,,,,,,,,,,,,,,,,,,,,,,,,,,,,,,,,,,,,,,,,,,,,,,,,,,,,,,,,,,,,,,,,,,,,,,,,,,,,,,,,,,,,,,,,,,,,,,,,,,,,,,,,,81,85.2,86.7,84.4,83.2,84.2,85.6,87,88.1,90.4,87.4,87.4,87.7,89.7,87.2,88,88.3,88.4,89.1,89,90.5,91.1,90.8,93.2,93.8,94.9,91,94.7,96.5,97.2,96.2,94,93.9,91.9,95.1,90.3,95.1,95.3,96.8,98.4,97.6,95.7,95.4,97.2,94.6,94.6,98.4,96.8,97.3,97.6,99.7,99.5,101.5,105.2,105.9,107.1,109.3,105.4,103.2,107,99.7,102.2,100.6,90,91.4,93.6,96.1,96.7,101.7,110.7,111.8,105.4,108.9,109.7,111.8,107,110.1,107.5,107.9,109.1,107.3,118.2,116.9,117.1,113,130.5,118.1,117.8,119.5,118.9,121.8,127.2,127.9,131.6,128.1,121.9,127.3,128.8,128,130.2,125.2,128.2,123.7,128,126.7,124,121.2,128.5,126.7,128.6,132.1,131.8,138.9,134.1,134.3,132.5,133.1,133.4,133.6,138.5,134.2,128.3,103.4,103.4,114.8,121.2,123,121.9,117.8,119.9,124,125.3,130,130.9,133.1,136.8,136.3,138.5,139,138.9,142.7,146.1,149.3,152.7,136.9,147.7,140.9
준내구재,경상지수,,33.1,27.3,30,35.4,30.1,30.4,31.3,27.3,32.9,36.6,36.5,39.9,36.1,31.9,33.8,38.8,33.9,32.9,34.9,30.3,35.4,41.3,39.6,42.7,38.1,34,37.4,40.4,37.1,35.8,37.5,32.9,38.1,44.7,42,40,37.9,34.9,38,38,37.1,33.5,33.4,31,35.2,39.4,41,41,39.4,36.3,41,42.7,42.1,39.6,39.4,35.9,42.1,48.4,47.8,49.2,43.9,40.1,45.3,48.4,47.4,43.5,43.3,39,46.7,50.3,51,51.1,48.1,43,50.2,52.1,51.5,47.4,46.9,40.5,51.9,55.5,59.7,61.5,53.7,50.7,58.9,59,59,52.1,52,46.7,57.2,63,64.9,60.7,57.6,49.2,58.1,56.1,57.9,48.3,48.3,43.9,53.5,60.9,63.4,62.3,57.4,52.9,57,59.6,61.8,54.2,51.6,43.9,56.2,64.5,65.3,65.5,54.4,51.3,60,65.5,67.8,59.4,55.2,46.3,61.8,73.5,74.9,82,59.5,55,66.3,71.2,74,64.6,59,49.9,66.9,74.9,82.1,83.3,63.7,59.6,71.8,72.9,76.6,67.5,62,52.1,71.2,82.2,86.8,87.9,69.6,65.1,72.3,72.2,75.3,67.8,65.6,58,66,75.3,81.9,77.7,71.2,67,75.2,75.4,80.1,71.4,67.8,61.4,72.1,82.7,88.3,88.8,77.8,72.6,79.1,81.4,86.3,79.4,76.3,68.7,79.7,93.6,94.9,98.3,87.7,75.8,84.5,89.4,94.2,86.5,82.6,74.1,86.1,99.8,98.2,107.2,91.2,80.8,88.5,92.1,99,89.6,86,72.9,87.5,102.3,107.6,109.9,93.1,84.7,100.2,95.9,103.6,92.3,88.5,78.9,91.9,104.5,116.1,114.7,93.9,85.9,101.7,99.2,105.2,91.8,90.2,86.5,96,109.4,115.3,119.7,93.9,88.1,100.7,102.6,109.6,84.5,87.5,84.3,94.5,117.2,120.6,116.3,97.9,90.7,104.3,106.9,112.9,96.8,95.5,86.9,97.3,120.3,122.4,117.7,98,90.8,102.3,107.4,108.1,95.7,93.8,86,100.6,116.9,128.1,121.2,96.9,95,115.4,111.2,116.5,105.1,102.5,92.3,111.2,128.5,131.7,129.2,103.3,97.9,119,112.9,123.1,108.4,102,95.2,107.1,121,131.8,123.4,98.9,79.6,81.5,93.4,114.9,102.9,94.8,85.7,95.5,119.4,117.9,103,88.3,88.2,112,115.7,120.7,108.7,104.5,95.4,113.7,136.3,135.1,126.8,105,95,117.6
준내구재,불변지수,,56.5,46.4,50.6,60,50.9,51.1,52.5,45.7,54.9,61.1,60.6,66.4,60.2,52.6,55.8,64.1,55.7,53.9,57.9,50.4,58.7,68.4,65.3,70.4,62.7,55.5,61.1,66.1,60.7,58.5,61.4,53.2,61.6,71.9,67.3,63.7,58.7,53,57.3,57.3,55.8,50.4,50.4,46.5,53,59.3,61.6,61.6,59.1,54.5,61.3,64.3,63.2,59.3,58.8,53.5,62.9,71.8,70.8,73,65.3,59.7,67.4,72.3,70.2,64.4,64,57.6,68.9,73.7,75.2,74.5,69.7,62.3,73.7,75.5,74.1,68.1,67.5,58.2,74.6,79.5,86,87.4,76.4,72.3,83.6,83.7,83.6,73.7,73.8,66,80.5,87.6,89.9,83.7,79.6,67.6,79.8,77,79.1,66.1,66.4,60.3,73.2,83.5,88,85.2,79.1,72.5,77.5,81,84.2,73.7,70.6,59.9,76.7,88.1,89.8,89.2,73.9,69.8,81.6,89.1,91.7,80.3,74.7,62.7,83.7,98.6,100.2,109.7,79.6,73.4,88.4,94.9,97.2,84.8,77.7,65.6,87.9,97.7,106.4,108,82.8,77.3,93,94.5,98.6,87,79.9,67.1,91.2,105.1,110.3,111.7,88.4,82.8,91.9,91.9,94.9,85.4,82.6,72.9,83,94.5,101.9,95.7,87.7,82.3,91.9,92.5,95.9,85,80.8,73.2,85.6,98.3,103.1,103.8,91.4,85.1,93,95.9,101,92.5,88.9,79.9,92.7,109.3,110.5,113,100.9,86.6,96.4,102,106.2,97.2,92.6,83.1,96.7,112.6,108.6,118.4,100.7,88.4,96.5,100.8,107,96.5,93.6,79.1,93.9,110.4,114.3,116.8,98.9,89.7,106,102.5,109.4,97.3,94.3,83.2,96.2,109.4,118.9,117.3,96.6,88.2,103.6,101.5,107.1,93,91.8,87.8,97.3,111.2,115.8,120.3,94.3,88.5,100.8,103.5,109.7,84.5,87.5,84.2,94.2,117.6,119.8,115.3,97.3,89.3,102.6,104.9,110.5,94.8,94.1,85.1,95.4,118.2,119.9,115,96.3,88.4,99.3,105.5,104.9,92.7,91.6,83.4,97.5,113.7,124.6,117,94.3,91.6,111.2,107.5,111.8,100.8,98.5,88.7,107,123.5,126.3,123.7,99.6,93.7,114.2,108.4,118,104.4,98.2,91.5,103.3,116.1,126.3,117.9,94.6,75.7,77.8,89.5,109.3,98.2,90,81.2,90.9,113.5,112.3,98.1,83.9,84,106.7,110.4,114.6,103.3,99.3,90.4,108.3,129.4,127.4,118.8,98.5,88.6,109.7
준내구재,계절조정지수,,54.8,54.4,54.7,55.8,54.8,56.6,56.4,56.7,57.7,57.2,58.4,59,59.8,59,59,60.9,59.5,58.7,63.5,61.8,61.8,64.6,62.3,63.6,63.4,63.9,63.7,63.4,63.5,64.3,67.6,64.8,65.5,68.1,63.4,58.5,59,61.5,59.2,55.3,56.8,55.6,55.7,56.6,55.5,56.6,58.2,56.9,60.4,62.4,62.9,62.6,63.4,65.5,65.1,66.2,66.6,67.5,67.2,67.7,67.3,66.4,68.3,69.6,70.8,71.2,70.9,72.5,72.1,70.1,70.7,67.8,72.5,72.7,73.6,73.8,74.2,75,75.9,74.4,76.6,76.7,80,79.5,80.8,83.5,83,82.9,83.1,80.7,84.5,84.6,84.2,83.2,82.2,76.4,83.9,78.8,79.5,76.1,77.1,72.7,76.7,77.5,77.3,78.3,78.9,78,82.7,82.3,79.2,79.9,80.5,81.3,82,78.3,81.1,81,81,81.1,78.13866342,80.62911743,81.58002715,82.93465162,82.56805868,83.05545115,83.63589372,83.95428232,86.16633697,85.97018671,83.98193402,90.7877742,84.33615215,84.45160266,88.08318767,87.97069203,88.57876059,87.36670594,86.05995411,86.67860114,90.10818155,86.08671987,89.25333591,88.85732201,87.439377,87.90247637,91.67812154,88.94867611,89.99514584,88.54162848,87.68389231,86.78624152,92.57372911,94.25887135,93.27502138,92.18215644,92.06528129,91.20357192,89.60926817,88.00880012,86.8028596,87.11889899,91.40770456,91.2614688,86.49567698,85.66255281,85.35200005,81.5146069,89.11097833,92.97747093,90.65486488,88.81593518,87.41728917,87.73726449,88.69973634,90.46102782,89.84002003,87.89737558,87.86118988,88.6779416,92.26894768,96.2413827,94.00612425,94.06368192,94.45347652,96.4987587,96.73243597,97.07985819,97.47425368,98.73723623,97.83822317,99.48380062,101.7337416,98.19861331,97.36717533,99.48814284,99.86207923,101.8559135,99.98605976,101.4742326,101.8293298,101.5297478,95.82155542,103.1952601,102.7018709,98.3820663,96.33177848,98.45181709,100.9240845,101.0002883,101.9062975,96.29935996,97.64310469,100.391656,100.1078496,100.7708307,102.830238,102.2058311,104.1918137,101.0242073,102.9137554,102.2583106,103.8497686,100.1242122,100.5466026,99.51113842,102.6123088,102.0822771,101.122085,101.1364578,101.3133263,99.80863109,99.94432521,99.38724579,101.4491502,104.0786679,102.2398113,100.4416531,98.56007925,105.9130364,98.95000673,101.3929853,99.1702482,101.5687965,101.649753,91.33196221,97.36137594,99.95539231,99.03056029,104.0594467,101.8055797,101.6736951,102.0148042,100.5358206,101.3830133,102.1542267,103.588714,102.465637,102.7036767,102.4590777,99.56157761,103.1645311,102.5303699,100.9615442,102.5456774,102.4334949,97.60815214,102.1186552,99.26125069,99.50906555,99.80828587,100.6653458,101.1943551,99.01495579,106.5858973,102.830516,102.742978,106.4505578,107.492095,105.2288088,105.352566,106.1627072,107.6296709,107.110279,109.3545008,108.3713462,108.6023181,110.1744954,109.7508151,109.6482,108.7401328,106.9377267,110.4236653,107.563037,107.7558896,109.5979268,106.131042,102.0392978,108.6030111,107.8292338,105.1,87.1,74.6,87.8,99.9,101.6,97.7,95.7,93.9,98.2,97.3,91.7,92.7,99.9,102.4,107.5,104.3,106,107.1,108.3,111.1,111.4,111.8,112,108,107.5,104.7
의복,경상지수,,,,,,,,,,,,,,,,,,,,,,,,,,,,,,,,,,,,,,,,,,,,,,,,,,,,,,,,,,,,,,,,,,,,,,,,,,,,,,,,,,,,,,,,,,,,,,,,,,,,,,,,,,,,,,,,,,,,,,,,,,56.4,52.9,63.6,68.9,72.1,62.5,56.4,47.2,65,78.5,81.9,88.9,62.9,56.5,70.4,73.9,77.8,67.7,59.6,50.2,70.8,78.3,89.7,88.7,66.3,61,75.3,75,79.3,69.4,61.2,51.4,74.7,86.2,94.2,93.2,72.4,66.7,74.2,73.9,77.1,69,65.5,57.6,66.7,77.2,86.2,81.2,73.6,68.9,76.9,76.9,80.6,71.6,66.6,60.2,72.4,83.4,91.8,91.7,80.6,73.4,79.4,82.3,87.6,79.3,73.7,64.4,78.5,95.1,100.1,103.6,89.7,74.6,82.7,89,93.5,84.4,78,67.8,82.9,99.5,101.7,112.6,93.7,80,87.6,91.1,98.3,86.5,80.7,65.6,84.8,102.1,113.9,114.6,96.1,84.1,101.1,95.3,103.6,90,83.7,71.7,89.7,105.8,123.9,120.4,96.1,84.3,102.6,99.7,105.5,89,85,79.6,91.6,109.2,121.1,125.1,95.8,87.1,100.2,102.8,108.8,79.9,83,79,91.8,118.8,130.4,122.2,101,87.8,103.1,106.3,111.8,92.9,89.3,77.8,92.3,121,131,123.3,99.7,87.4,100.2,107.6,106.6,91.6,87.9,76.6,95.1,116.6,137.8,125.7,91.4,88.2,110.4,105.2,110.7,96.9,92.7,81.7,106.1,129.9,136.8,130.5,98.8,91.3,113.4,105.7,116.4,99.4,90.1,82.3,98.3,115.2,131.8,118.3,90.6,67.9,67.7,81.8,103.6,90.6,78.6,67.8,80.3,113.7,113.3,90.1,76.7,77,102.3,105.8,110.5,95.8,88.6,78.4,101.7,130.6,130.4,118.6,96.1,82.4,105.7
의복,불변지수,,,,,,,,,,,,,,,,,,,,,,,,,,,,,,,,,,,,,,,,,,,,,,,,,,,,,,,,,,,,,,,,,,,,,,,,,,,,,,,,,,,,,,,,,,,,,,,,,,,,,,,,,,,,,,,,,,,,,,,,,,79.8,74.9,90.1,97.6,101.4,88,79.3,66.5,91.5,109.2,113.7,123.3,87.1,78.1,97.2,102.3,105.7,92,81,68.2,96.1,105.6,120,118.7,88.6,81.5,100.6,100.2,104.9,91.7,80.8,68,98.7,113.7,123.4,121.7,94.8,87.3,97,96.7,99.7,89.1,84.7,74.4,86.3,99.6,110.2,102.7,93,86.9,96.6,96.5,99,87.3,81.1,73.3,88.1,101.6,109.7,109.6,96.4,88,95.3,98.7,104.7,94.2,87.5,76.4,93.1,112.7,117.3,121.3,104.8,87.2,96.4,103.8,107.6,97,89.6,77.8,95.1,114,113.8,126,104.9,89.2,97.6,101.6,108.1,94.3,87.9,71.5,92.4,111.4,122.4,123.1,103.3,90.3,108.6,102.4,110.1,95.3,88.5,75.9,95.1,112.1,126.9,123.3,98.3,86.4,105,102.2,107.5,90.1,86,80.5,92.7,110.5,121.1,125.2,96.1,87.6,100.8,103.3,109.1,80.1,83.2,79.2,91.9,119,128.8,120.8,99.8,86.8,101.9,105,109.9,91.3,87.7,76.4,90.7,118.9,128,120.6,97.4,85.4,97.9,105.1,103.7,89.1,85.5,74.5,92.5,113.5,133,121.3,88.2,85.1,106.4,101.4,106.7,93.5,89.4,78.9,102.3,125.2,131.5,125.5,95,87.8,109.5,102.4,112.6,96.2,87.2,79.7,95.2,111.3,126.5,113.5,87.1,65.2,65.1,78.6,99.4,86.9,75.4,65.1,77.1,109.2,108.7,86.4,73.5,73.9,98.2,101.4,106,91.8,85,75.1,97.5,124.8,123.2,112,90.8,77.8,99.8
의복,계절조정지수,,,,,,,,,,,,,,,,,,,,,,,,,,,,,,,,,,,,,,,,,,,,,,,,,,,,,,,,,,,,,,,,,,,,,,,,,,,,,,,,,,,,,,,,,,,,,,,,,,,,,,,,,,,,,,,,,,,,,,,,,,85.6,89.1,90.5,92.2,91.9,92.3,93.1,93.5,95.2,95.2,92.6,101.6,93.7,92.4,97.6,96.3,97.2,96.5,94.3,94.9,99.6,93.7,98.2,97,94.8,95.5,99.8,96.1,97.3,95.4,94,93.2,101.9,102.9,101.9,99.9,99.2,98,95.2,94.2,92.6,92.9,98.4,97.9,91.7,90.8,89.8,86.7,94.3,99.9,96.1,94.1,91.8,92.2,93.6,95.4,94,92,90.8,92.6,95.4,100.8,96.3,96.5,97.2,99.6,99.9,100.1,100,100.8,98,102.4,103.4,99.9,97.5,100.5,100.6,103.3,101.4,103.2,102.7,101.6,94.5,104.9,104.9,99.3,97.1,98.6,101.5,100.7,100.8,95,98,101,100.8,101.1,105.2,104.2,105.8,100.5,103.3,102.3,103.1,99.6,101.9,100.9,102.4,102.2,101.2,100.3,101.6,100.1,99.9,99.1,100.8,103.9,100.4,98.4,95.7,105,99,102.2,98.6,101,100.7,89.6,98.3,101.9,99.3,103.3,102.1,101.6,102.7,98.9,100.5,101.9,103,102,101.4,100.6,97.7,100.6,102.1,100.9,102.4,101.1,96,101.6,98.3,98.9,98.5,98.2,98.1,95.8,106.2,101.6,94.8,101.6,102.4,99.9,100.6,101.5,103.6,104.1,106.9,105.8,105.6,106.8,103.7,105.4,103.5,102,105,101.7,101.7,104.1,100.4,93.3,101.5,99.9,96,75.7,61.6,77.8,89.7,92.6,87.6,84.5,81.6,90.3,88.1,78.3,79.7,90.3,92.9,99.6,95.2,96.8,97.6,99.1,102.2,102.1,102,103,97.4,97.5,93.5
신발 및 가방,경상지수,,,,,,,,,,,,,,,,,,,,,,,,,,,,,,,,,,,,,,,,,,,,,,,,,,,,,,,,,,,,,,,,,,,,,,,,,,,,,,,,,,,,,,,,,,,,,,,,,,,,,,,,,,,,,,,,,,,,,,,,,,44.2,45.7,49.4,54.3,51.3,46.2,44.6,37.1,50.9,55.8,49.2,55.1,44.4,47.4,51.8,59.9,55.2,47.2,48.5,39.8,48.2,59.9,51.7,59.7,47.1,51,58.9,61.3,56,52.3,50.3,42.5,53.4,58,57,62.8,54.2,58.6,66.4,64.2,63.2,57.7,55.4,49.7,58.4,63.7,65.5,59.4,60.1,58.5,69,65.1,71.3,63.1,60.1,54.8,64,73.5,72.6,70.8,63.9,65.2,71.1,72.4,76.9,70,69.3,62.7,71.7,79.9,77.5,80.8,74.8,72.1,79.9,81.7,88.2,81,80,71.9,83,92.9,87.4,95.1,84.8,84,88.8,93.6,104.1,94.6,90.4,82.8,90,100.5,96.5,105,89.3,93.2,106.3,96.4,108.3,99.8,97.3,91.2,100.1,103.8,106.7,113.9,91.1,93.5,105.3,102.5,110,96.7,96.9,98.1,104.7,110.7,108.6,113.6,89.3,96.7,106.4,105.6,117.1,80.5,86.7,87,97.6,112.6,109.7,110.8,94.3,103.6,112.3,116,121.9,98.7,102.1,97.6,106.5,120.7,107.7,113.3,97.6,107.8,110.8,109.9,113.5,99.1,99.7,100.3,110.2,118.5,115.3,117.7,105.5,114.3,129.4,123,127.4,116.7,111.9,102.3,120.9,122.6,125.1,126.1,110.1,120.1,137.6,127.9,137.8,127.5,118.4,110.9,124,129.6,132.2,132.9,114.1,82.9,80.9,88.9,116.8,99.1,91.9,82.6,87.5,105.8,102.8,91.8,82.2,89.9,109.9,111.9,116.5,107.2,101.7,94.4,111.6,123.8,125.9,115.1,103.6,99.2,114.1
신발 및 가방,불변지수,,,,,,,,,,,,,,,,,,,,,,,,,,,,,,,,,,,,,,,,,,,,,,,,,,,,,,,,,,,,,,,,,,,,,,,,,,,,,,,,,,,,,,,,,,,,,,,,,,,,,,,,,,,,,,,,,,,,,,,,,,59.4,60.7,65.7,73.1,68.4,61.5,60.4,49.5,67.4,74.8,65.1,73.1,59.5,62.5,68.3,79.6,72.7,62.2,64.5,52.4,63.4,79,67.4,78.1,62.3,66.5,76.8,80,73.2,68.3,65,54.5,68.4,74.2,72.9,80.4,69.2,74.8,84.3,82,79.9,72.7,69.3,62,72.9,79.1,81.5,73.7,75.7,72.2,85.1,83.5,86.7,76.8,72.7,67.7,77.2,89.4,87.1,85.1,77.8,78.8,85.9,87.5,92.9,84.7,83.6,76,86.5,98.4,100.9,96.3,90,85.8,95,98.9,104.2,95.6,92.7,83.3,96.2,112.4,101.3,110.2,98.8,92.8,97.7,106.1,114.5,105.1,107.1,96.7,97.2,111,104.3,113.7,97.3,101.7,115.2,109.9,118.4,109.5,111.4,100.6,105.6,108.8,111,118.3,96.5,98.4,109.4,105,113,98.6,99.4,99.9,106.4,115.9,113.6,118.6,89.4,96,105.4,108,116.4,80.1,86.5,85.9,94.8,114.9,111.5,111.2,95.5,100,108.3,111.6,117.4,95.1,101.9,94.1,103.1,118.9,109.7,110.2,96.6,102.9,105.7,111.4,108.3,94.1,98.2,95.1,104.1,115,115.8,111.2,103.8,108.5,123.2,120.4,119.7,110.1,105.6,96.2,114.2,115.9,116.6,117.5,106.1,112.2,128.5,119,128.1,118.5,110.1,103.2,114,119.2,121.6,122.5,105.8,76.5,74.5,85,108.2,92.1,83.9,75.6,79.2,97,93.5,84.9,76,83.1,100.7,104.1,106.8,98.2,93.1,86.2,103.8,115.7,116.6,105.3,95.7,90.8,103.6
신발 및 가방,계절조정지수,,,,,,,,,,,,,,,,,,,,,,,,,,,,,,,,,,,,,,,,,,,,,,,,,,,,,,,,,,,,,,,,,,,,,,,,,,,,,,,,,,,,,,,,,,,,,,,,,,,,,,,,,,,,,,,,,,,,,,,,,,63.4,63.4,63.5,64.1,63.9,64.4,64,63.9,69.1,67.1,65.2,66.2,63.4,66.2,66,69,69.2,65,68.2,67.1,67.5,68.9,66.9,69.9,68.5,69.2,72.9,71.3,69.6,70,69.6,69,69,68.9,71.7,72.5,75.3,76.1,78.8,75.5,74.5,74.1,75.3,74.5,75.2,75,76.7,69.3,79.2,77.3,81.1,78.2,79.1,79.3,78.6,79.8,83.1,80,83.1,80.4,81.6,83.1,83.7,83.5,84.3,87.2,88.5,89.2,89.4,89.9,98,91.2,93.3,91.9,93,94.3,95.8,98.6,96,97.4,99,102.8,98.7,102.6,103,98.3,94.4,102,106.8,107.2,112.5,111.2,99.5,101.4,101.6,103.8,106.6,108.5,109.7,107.9,110.3,110.8,118.9,112.3,106.3,102.5,106,110,105.1,106.5,104.2,102.8,103.4,102.4,106.3,108.9,108.5,109.3,105.9,112.7,98.1,102,101.6,105.1,104.9,85.1,92.8,93.5,98.3,104.7,105.2,106.6,103.5,103.1,105.4,105.8,107.7,101,105.8,106.5,104.3,109.5,105,104.8,105.9,110.7,101.8,103,101,99,102.1,108.4,108.4,103.7,110.8,105.4,119.1,114.2,115.1,112.3,111.3,112.4,111.8,110.6,112.9,110.8,111.4,113.1,122,119.2,116.5,112.1,118.8,117.1,118.7,117.8,113.6,115.2,114,121.8,121.2,79.1,68.1,79.3,96.5,93.1,90.5,85.8,83.3,88.7,87.3,86.9,86.9,88.6,93.1,96.5,94.9,98.3,98.8,100.5,105.5,107.3,110.3,108.8,107.1,100.1,95.5
신발,경상지수,,,,,,,,,,,,,,,,,,,,,,,,,,,,,,,,,,,,,,,,,,,,,,,,,,,,,,,,,,,,,,,,,,,,,,,,,,,,,,,,,,,,,,,,,,,,,,,,,,,,,,,,,,,,,,,,,,,,,,,,,,,,,,,,,,,,,,,,,,,,,,,,,,,,,,,,,,,,,,,,,,,,,,,,,,,,,,,,,,,,,,64.3,67.3,74.6,75.5,81.8,73.4,70,58.7,71.7,81.9,82.3,81.1,71.6,72.1,82.8,83.5,92.9,83.3,81.3,68,82.1,94.7,92.2,97,83.6,83.1,90.6,94.5,110.3,95,87.8,74.1,86.7,99.4,96.7,106.9,85.2,89.5,106.2,93.9,111.6,100.7,94.8,83.1,98.2,100.9,108.9,113.5,87.1,91.6,107.5,104.4,115.4,99.5,100,96.9,103.9,110,111.9,109.7,83.7,94.5,105.5,105.5,119.9,83,89.7,84.5,99.3,112.1,112.1,110.2,87.2,102.8,110.7,118.8,126.1,98.1,101.1,93.2,109.1,120.2,109.9,107,92.8,105.3,114.1,113.7,117.9,98.9,99.4,94.7,107.9,123.2,116,113.3,92.6,106.8,122.4,118.1,123,111.5,106.3,89.4,113,118.4,120.5,114.3,101.7,115,134.5,126,137,125.1,112.3,97.6,116.5,124.3,126.1,123.1,104,82,86.5,96.6,130.4,102.4,89.6,75.3,83.6,107.6,102.8,82.6,72.4,83,103.5,105.9,109.7,100.4,89.1,77.4,97,109.3,107.7,100.9,91.3,87.7,103.4
신발,불변지수,,,,,,,,,,,,,,,,,,,,,,,,,,,,,,,,,,,,,,,,,,,,,,,,,,,,,,,,,,,,,,,,,,,,,,,,,,,,,,,,,,,,,,,,,,,,,,,,,,,,,,,,,,,,,,,,,,,,,,,,,,,,,,,,,,,,,,,,,,,,,,,,,,,,,,,,,,,,,,,,,,,,,,,,,,,,,,,,,,,,,,71.2,74.6,82.7,83.7,90.9,81.6,77.3,64.9,78.7,91,103,89.3,79,79.5,91.2,92.1,101.6,91.1,86.1,72.1,87.1,103.9,97.9,103,88.9,84.6,92.4,99.3,112.3,96.8,89.6,75.7,88.7,104.8,98.7,109.3,87.4,90.7,107.8,102.4,117.9,106.6,105.2,87.7,99.5,102.4,110.5,115.4,89.2,93.4,108.5,105.7,117,100.3,101.2,97.9,104.8,110.4,112.2,110.5,84.5,95.3,106,109.1,120.3,83.4,89.7,83.9,96.4,112,111.8,107.4,88.9,99.1,106.7,114.2,121.4,94.4,102.5,89.8,104.8,115,110,104.3,92.8,100.6,109,116.9,112.6,93.7,99.1,89.6,101.7,116,115,106.7,91,100.6,115.3,117.5,115.8,105,100.4,84.4,106.8,111.8,113.4,107,99.7,107.7,126,118,128.3,116.2,104.4,90.7,108,115.2,116.9,114.2,97.7,76.2,80.4,92.4,121,95,81.3,68.3,75.9,97.7,93.3,75.1,66.4,75.4,94,97.2,99.6,91.1,80.8,70.2,88,100.4,97.3,91.1,82,78.1,92
가방,경상지수,,,,,,,,,,,,,,,,,,,,,,,,,,,,,,,,,,,,,,,,,,,,,,,,,,,,,,,,,,,,,,,,,,,,,,,,,,,,,,,,,,,,,,,,,,,,,,,,,,,,,,,,,,,,,,,,,,,,,,,,,,,,,,,,,,,,,,,,,,,,,,,,,,,,,,,,,,,,,,,,,,,,,,,,,,,,,,,,,,,,,,63.3,62.4,66.1,68.2,69.9,65.2,68.5,68.3,71.7,76.9,70.7,80.2,79.3,72,75.8,79.1,81.7,77.6,78.1,77.5,84.3,90.3,80.9,92.4,86.6,85.4,86.2,92.4,95.3,94.2,93.9,95.2,94.6,102.1,96.3,102.4,95.1,98.3,106.4,99.8,103.6,98.4,100.7,102.8,102.6,107.9,103.6,114.6,96.7,96.3,102.2,99.9,102.6,92.6,92.6,99.8,105.7,111.8,104.1,119,98,100.2,107.6,105.6,112.8,76.6,82.1,91,95,113.3,105.9,111.8,105.5,104.9,114.9,111.6,115.2,99.8,103.6,104.7,102.5,121.5,104.3,123.3,105,111.7,105.6,103.8,106.6,99.6,100.1,109.1,113.7,111.1,114.1,124.7,125.8,126,140.3,130.8,134.5,124.8,120.6,122.7,133.3,129.1,132.4,144.8,123.3,128.1,142.4,131,139,131.3,127.8,131.9,135.7,138,141.9,148.4,130.1,84.3,72.1,76.6,95.4,93.9,95.5,94.1,93.6,103.1,102.9,106.2,97.7,100.9,119.9,121.3,127.3,117.8,121.6,121.1,134.7,146.7,154.5,137.3,123,117.3,130.9
가방,불변지수,,,,,,,,,,,,,,,,,,,,,,,,,,,,,,,,,,,,,,,,,,,,,,,,,,,,,,,,,,,,,,,,,,,,,,,,,,,,,,,,,,,,,,,,,,,,,,,,,,,,,,,,,,,,,,,,,,,,,,,,,,,,,,,,,,,,,,,,,,,,,,,,,,,,,,,,,,,,,,,,,,,,,,,,,,,,,,,,,,,,,,89.2,86,91.3,94.2,96.6,90.1,94.6,95.2,99.9,111.3,97.3,108.5,108.9,96.7,101.7,110.9,109,103.4,104.1,102.8,112,127,107.2,122.5,115.8,106.8,106.9,117.8,118.2,119.5,137.6,133.3,112.1,121.8,114.1,121.3,114.6,120.8,127.9,123,119.3,114.4,122,123.1,116.3,119.8,112,123.5,109.3,107.1,110.9,104,106.1,95.8,96.3,103.3,109.3,125.3,116,132.5,97.1,97.2,104.3,106.1,110.3,74.9,81.4,89,92.4,119.4,110.9,117,106,101.3,110.6,107.5,111,96.1,100.9,100.9,100.4,125.2,109,119.4,102.5,106.4,100.6,102.8,101.4,94.7,96.8,103.8,107.8,113.4,117.2,118.1,123.8,121,135.6,125,125.9,118,113.7,114.9,125.9,122.3,121.8,134.1,116.2,119.4,132.4,120.5,127.9,121.9,119.1,122.9,123.4,125.4,128.9,135.6,118.6,76.9,65.3,73.3,88,87.6,88.1,86.9,84.5,95.8,93.9,100.4,91.3,95.4,111.2,115,118.2,109.3,112.3,111.3,128.6,139.8,147,127.7,117.2,110.7,121.7
"오락, 취미, 경기용품",경상지수,,,,,,,,,,,,,,,,,,,,,,,,,,,,,,,,,,,,,,,,,,,,,,,,,,,,,,,,,,,,,,,,,,,,,,,,,,,,,,,,,,,,,,,,,,,,,,,,,,,,,,,,,,,,,,,,,,,,,,,,,,45.7,41.1,41.7,47.7,50.6,47.2,51.8,44.4,46.9,52.3,50.7,58.4,47.5,47.3,48.6,56.8,61.9,55.8,58.9,52.9,54.9,60.2,58.6,65.4,58.2,52.2,55.6,62.8,72.6,65.1,72.2,60.7,59.7,73.3,63,71.7,59.7,53.9,58,60.9,67.7,63.2,69.1,62.2,62,66.9,62.8,65.9,58.6,55.3,62.2,68.1,76.2,69.8,74.6,67.3,69.4,76.9,72.7,79.5,65.6,61.1,71.7,78,86.6,81.8,84.4,74.3,78.8,90.9,79.7,85.4,73.3,67.5,80.2,86.3,95,86.3,89.5,78.8,87.1,102.4,84.4,93.4,73.3,68.9,83.9,92.6,102.6,95.2,95.7,79.8,89.1,108.4,93.8,101.4,71.5,68.6,91.5,96.3,105.9,93.6,95.2,86.2,92.7,106.8,107.7,105.6,81.6,79.2,97.9,98.1,110.6,96.3,98.1,92.2,101,108.2,101.7,108.6,85.4,77.5,94.1,100.6,117.7,99,103.4,96.2,101.8,115.2,100.8,108.4,84,81.4,100,105.2,117.3,102.2,106.1,96.1,102.6,116.2,103.8,106.5,83,78.6,98.9,107.8,111.7,101.8,102.1,96.9,107.1,114.9,109.7,110.2,91.9,90.9,112,120.4,128.9,118.2,120.9,108.2,117.1,126.4,119,121.4,94.1,93.3,115.6,122.4,137.3,120.8,124,114.9,118.9,134.4,133.7,127.9,99.4,100.2,116.8,138.7,163.5,145.3,145.7,132.9,142.2,162.3,149.6,143.2,114.3,116.6,147,160.1,168.1,156.5,161.4,154.3,167.1,182.8,164.7,161.7,126.5,123.3,155.5
"오락, 취미, 경기용품",불변지수,,,,,,,,,,,,,,,,,,,,,,,,,,,,,,,,,,,,,,,,,,,,,,,,,,,,,,,,,,,,,,,,,,,,,,,,,,,,,,,,,,,,,,,,,,,,,,,,,,,,,,,,,,,,,,,,,,,,,,,,,,50.9,46.5,47.2,53.7,56.9,52.6,57.6,49.8,52.9,59.3,57.6,66.2,53.7,53.5,54.9,64.4,69.5,62.8,65.9,59.4,61.7,67.5,65.7,73.2,64.9,58.3,62.2,70.6,81.5,72.9,80.8,67.8,66.7,82,70.5,80.2,66.9,60.3,65.1,68.2,76,70.7,77.3,69.6,69.2,74.7,70,73.4,65.1,60.9,66.2,72.1,80.4,73.3,78.7,70.7,72.9,80.8,76.2,83.2,68.1,63.7,77.3,83.9,90.4,85.5,88,77.4,82.1,94.9,83.2,89.3,76.5,70.3,83.5,88.3,97.5,88.1,92.8,81.9,91.5,105.4,88.7,97.2,75.7,71,85.8,94.2,106.2,97.8,98.5,82.1,91.7,113.3,96.4,104.6,72.9,68,90.8,99,107.9,96.5,98.6,88.5,95,109.5,113.1,109.9,85.6,82.1,95.9,99.8,111.3,97,98.8,92.8,103.4,109.9,102.8,110.3,86.3,78.1,94.6,101.4,118.6,99.8,102.8,95.7,101.2,114.5,99.7,107.3,83.1,79,97.1,101,112.6,98.2,102,92.6,99.1,111.7,99.6,103.9,80.3,75.9,95.5,104.1,107.8,98.4,98.6,93.8,103.9,111.6,107.6,108.5,89.4,88.4,108.7,114.8,122.8,112.6,117,104.8,112.3,123.4,116.5,118.9,91.4,89.9,111.7,118.8,132.7,121,123.5,114.7,117.7,134,132.7,128.1,96.7,96.3,112.2,133.4,156.5,139,138.5,126.7,135.7,154.9,142.9,137,109.6,112.4,142.2,154.5,163.2,151.9,157.7,151,161.3,176.9,160.8,157.2,121.5,118,145.7
"오락, 취미, 경기용품",계절조정지수,,,,,,,,,,,,,,,,,,,,,,,,,,,,,,,,,,,,,,,,,,,,,,,,,,,,,,,,,,,,,,,,,,,,,,,,,,,,,,,,,,,,,,,,,,,,,,,,,,,,,,,,,,,,,,,,,,,,,,,,,,53.2,53,52.4,52.7,51.7,52.7,53.3,53.7,54.9,56,57.6,59.1,56.4,61.4,60.8,63.6,63,62.8,60.7,63.8,63.7,63.6,65.8,65.6,68.9,67.6,68.3,69.9,73.8,72.5,74.3,72.4,68.5,76.8,70.7,72.5,71.9,70.8,70.6,67.7,68.6,70,71.2,74.1,70.5,69.2,70.3,66.9,71.3,72.6,70.8,71.4,72.3,72.3,72.9,75.2,73.9,73.9,76.6,76.3,75.8,77,81.7,82.6,81,84.2,82.3,82.5,83,85.7,83.3,82,86.6,86,87.4,86.3,86.9,86.8,87.9,87.6,92.3,94.2,88.4,89.1,86.6,87.7,89.5,91.8,94.1,96.8,94.5,87.9,92.2,100.5,95.6,95.5,84.1,84.6,94.4,96.5,95.3,96,95.3,94.6,95.2,96.6,111.7,100.2,99.3,102.5,99.4,97.4,98.2,96.8,96.1,98.8,103.1,96.9,101,100.7,101,97.7,97.5,99,104.9,99.6,100.1,101.4,100.5,101.1,97.4,98.6,98.2,99.1,99.6,98.6,99.9,97.8,99.1,97.7,97.8,98.9,96.9,96.3,96.2,95.4,97.5,101.4,95.7,97.3,95.3,98.6,102.3,99,104.2,101.6,108.9,111.4,110.7,111.3,109.2,110.5,112.5,109.7,110.3,109.7,112.4,112.7,113.1,113.5,113.5,114.7,118.1,118.1,118.3,119.5,115.2,119,127.7,123,121.2,122,114.1,128.2,139.2,135.2,132.4,131.1,132.3,137.1,137.4,133.1,138.7,142.9,144.7,148,144.8,147.4,150.5,155.5,156.9,155.8,154.7,154.3,154.7,150.4,148.2
기타준내구재,경상지수,,,,,,,,,,,,,,,,,,,,,,,,,,,,,,,,,,,,,,,,,,,,,,,,,,,,,,,,,,,,,,,,,,,,,,,,,,,,,,,,,,,,,,,,,,,,,,,,,,,,,,,,,,,,,,,,,,,,,,,,,,,,,,,,,,,,,,,,,,,,,,,,,,,,,,,,,,,,,,,,,,,,,,,,,,,,,,,,,,,,,,87.5,83.5,89.8,88.5,89.4,86.5,87.7,87.4,92.3,102,99.5,101.4,101.1,89.6,98.5,100,101.7,99.4,98.3,97.7,101,105.5,102.4,105.6,98.1,89,94.9,94.2,94.8,93.7,96.9,88.2,95.1,100.5,101.5,101.4,98.8,90.2,97,97,97.9,94.2,95.8,91.4,92.5,98.5,99,98.9,96,89.7,97.5,95.1,96.4,95.3,99.4,100.2,102.7,109.6,106.9,111.4,95.9,91.2,101.6,100.7,101,96.5,95.5,94.8,97.9,116.6,105.3,103.1,98.3,96.2,104.6,102.6,106.4,106.5,106.8,107,104.9,119.8,113.8,107.4,101.5,96.7,105.2,103.9,107.2,104.2,106.1,103.1,109.1,118,113.8,114.1,113.9,107.1,124.5,118.2,121.4,118.1,120.2,114.2,118.6,129.6,125.9,131.5,120.6,107.1,126.3,121.2,127,118.6,119.5,118.4,118.8,127.1,130.1,131.7,117.3,109,112.9,113,126.2,126.8,127.5,127.1,131.3,125.9,128.7,137,121.7,111.5,129,128.8,133.2,129.3,131.9,124.4,127.7,139.7,142.4,146.6,127,121.8,142.5
기타준내구재,불변지수,,,,,,,,,,,,,,,,,,,,,,,,,,,,,,,,,,,,,,,,,,,,,,,,,,,,,,,,,,,,,,,,,,,,,,,,,,,,,,,,,,,,,,,,,,,,,,,,,,,,,,,,,,,,,,,,,,,,,,,,,,,,,,,,,,,,,,,,,,,,,,,,,,,,,,,,,,,,,,,,,,,,,,,,,,,,,,,,,,,,,,99.6,94.5,101.3,100.5,100.9,97.8,99,98,103.7,115,111.9,112.4,112.1,96.7,106.2,107.7,108.4,105.8,104,103.7,106.7,112.5,108.5,111.3,104,93.7,98.7,98.2,97.7,96.6,100.4,90.9,98,104.1,104.1,104.3,101.9,92.3,98.9,99.2,99.7,95.8,98.1,92.5,93.5,100.3,99.5,99.3,97.6,90.9,98.8,96.9,98.2,96.7,102.3,101.2,103.4,110.7,106.5,110.3,96.8,91.8,100.8,101.4,100.6,95.7,95.4,94.5,98.1,116.9,105.2,102.9,98.4,96.3,103.5,101.1,105.3,105.7,106.5,105.8,104.3,118.9,110.5,104.6,101.8,95,101.8,102.7,104.6,101.3,104.8,101.1,107.2,114.8,110.8,111,112.3,103.5,120.5,114.7,117.3,113.4,115.5,109.6,115.4,123.4,121,125.6,117,102.6,121.3,115.8,120.6,113.1,114.1,112.3,115.9,120.5,125.5,124.2,112.7,102.5,107.5,107.6,118.7,120.8,120.5,119,125.7,118.1,123.2,129.8,114.7,105.2,122.2,122.1,123.5,120.9,122.9,114.7,120.5,128.9,131.5,132.4,115.7,109.8,130.4
기타준내구재,계절조정지수,,,,,,,,,,,,,,,,,,,,,,,,,,,,,,,,,,,,,,,,,,,,,,,,,,,,,,,,,,,,,,,,,,,,,,,,,,,,,,,,,,,,,,,,,,,,,,,,,,,,,,,,,,,,,,,,,,,,,,,,,,,,,,,,,,,,,,,,,,,,,,,,,,,,,,,,,,,,,,,,,,,,,,,,,,,,,,,,,,,,,,100,102.4,102,101.2,101.3,100.5,100.9,101.6,104,106.8,106.3,106.6,112.3,104.9,107,108.5,108.8,108.7,105.7,107.2,107,104.8,103.1,106.1,104.2,101.7,99.4,99,97.9,99.4,101.6,93.6,98.1,97.1,99,100.2,102.3,100.2,99.4,99.9,99.8,98.6,99,95,93.7,93.4,94.7,95.9,98.5,98.8,98.9,97.6,98.2,99.5,103.1,103.9,103.3,102.8,101.6,106.8,98.2,100.1,100.3,102.3,100.4,98.2,96,97.2,97.7,108.3,100.5,99.6,100.5,105.5,102.4,102.2,104.6,108.5,107.3,109.1,103.7,110.2,105.6,100.8,104.2,104.8,100.2,103.8,103.7,103.7,105.7,104.7,106.1,107.3,105.9,106.1,115.1,115.2,118.4,115.7,116,115.9,116.4,114,115.1,115.3,115.3,119,120.2,115.2,119.1,116.5,119.1,115.1,114.8,117.3,115.9,113.4,119.1,116.5,116.1,115.9,105.5,107.9,117.3,122.4,121,124.8,125.9,112,116.3,120.9,118.6,119.5,120.2,121.9,122,122.1,123.3,120.5,121.3,122.5,123.5,122.7,119.9,125.1,128.5
비내구재,경상지수,,26.3,22.1,23.8,24.8,23.6,22.4,23.3,22.8,25.2,24.8,24.4,27.3,28.2,28.6,28.9,29.4,28.2,27.1,28.3,26.6,30.2,30.2,29.2,32.5,32.9,32.7,33.1,33.3,33,31,31.7,30.2,33.4,32.1,31.8,37.6,32.7,30.2,34.8,34.2,34.1,32.5,32.9,33.2,34.6,35.4,34.3,35.8,34.7,35.4,36.6,36.5,35.8,34.3,37,36.7,39.6,37.9,38.2,40.9,39.4,39.5,40.2,40.3,41.7,39,41,41.9,43.4,41.7,42.6,43.4,46.7,40,43.9,44.2,46.3,44.2,45,46.7,49.6,46,46.5,50.2,46.8,49.1,50.6,50.2,49.6,49.3,50.1,52.2,56,52.4,51.1,54.5,56.9,47.9,52.2,51,53.5,51.8,52.1,53.3,57.2,53.9,53.7,56.1,60.2,51.2,55.9,53.9,55.9,56.5,56.2,57,62.9,55.9,55.5,59.3,57,56.8,59.7,58.7,60.3,60.2,59.1,62.3,66.3,61.3,61.3,64.4,68.5,57.6,64.5,63.5,65.8,66.2,61,67,67.9,66.2,62.3,66.3,65,67.8,68.3,67.1,70.7,69.1,67.9,71.2,76.6,72.3,70.8,75.5,73.6,73.3,75.9,77.1,81.3,76.9,79.1,83.1,85.9,76.7,75,77.9,78.1,68.7,76.6,76,79.6,75.7,78.5,81,85.3,82.7,77.6,83.3,79.8,80.8,82.7,82.6,86.5,83.5,86.3,86.4,92.6,86.4,85.9,90.8,95.2,83.1,92.7,91.4,94.9,92.3,94.3,97,100.9,95.8,94.1,99.6,103.1,91.7,99.1,96.2,101.8,96.9,97.9,99.9,107.5,98.7,97.5,100.1,96.7,94.9,97.8,95.2,99.3,96.6,99.7,101.6,106.6,99.8,98.6,102,106,89.6,100.7,96.8,102.8,98.3,101.1,103.5,102,99,97,100.5,94.8,98.1,98.8,98.2,103.4,97.9,100.8,101.2,108.3,100.1,97.6,101,101.9,98.6,99.7,98.5,103.8,100.4,103.5,106.2,110.5,104.4,103.2,107.6,113.3,98.2,106.5,102.6,107.2,104.7,106.8,108.5,117.1,109.7,108,112.3,110.5,110.6,112,109.4,112.8,111,114.4,116.3,124.3,115.4,113.6,115.2,116.9,104.4,114.7,112.6,117.9,113.7,115.5,120.4,124.1,117.8,118.2,122.2,128.5,111,113.9,109.5,114.3,112,114.4,119.3,131.4,113.9,113.8,122.4,122,117.7,121.5,121.8,126.6,123.5,129.4,131.2,142.6,131.4,131.2,137.7,141.9,121,139.2
비내구재,불변지수,,59.2,49.2,52.6,54.5,51.5,49.7,51.4,49.7,54.3,53.8,53.8,59.5,60.5,61.1,62,62.4,59.1,57.1,58.4,54.5,61.9,62.1,59.4,65,64.8,63.7,64.8,65.2,64.7,60.8,62.6,59,65.3,62.9,61.6,66.7,57.6,51.8,59.3,58.4,58.5,56.5,57.3,57.1,58.7,59.7,57.8,60.9,59.3,60.2,61.3,60.9,60.4,58.6,62.9,61.1,66.3,62.5,63.1,68.2,65.7,65.7,66.9,68,70.9,65.5,68.5,69,69.5,67.3,70.1,71.2,75.4,64.4,69.7,69.9,74,70.2,70.9,73.1,78.1,72.7,74.7,81,74.5,77.2,80.1,78.2,76.5,76.4,78.2,80.8,85.4,80.9,79.1,84,86.4,71.7,77.3,76.6,81.2,79.5,80.1,81,85,80.3,80.1,83.2,86.5,73.6,79.2,76.8,79.1,80.1,77.5,77.5,85,75.9,76,81.6,78,76.6,80,77.9,80.6,81,77.7,81.1,84.9,78.7,80.1,84.1,88.4,74.2,82.9,81.1,83.7,84.2,77.6,82.8,84.2,84.1,80.4,85.3,83.5,86.2,86.5,83.9,88.1,86,84.1,87.9,93.5,87.2,85.2,90.1,87.1,86.8,88.4,87.6,89.9,83.6,84.9,89.6,95.1,85.3,86.2,91.4,91.9,79.4,87.4,85.4,90.5,86.2,88.7,90.3,95.4,93.4,87.4,92.8,87.4,88.2,89.5,88.4,92.5,90,92.5,91.9,96.8,90.3,90.7,94.7,96.7,83.4,91.7,90.4,94.4,91.5,92.7,94.2,98.2,93.5,91.9,96.8,99.3,87.6,93.9,91.3,96.9,93.3,95.8,96.5,101.5,93.7,94.1,96.6,92.6,90.4,93.4,91.3,96.1,93.8,96.2,97.4,101.6,96.4,95.9,99.1,102.3,86.1,96.7,93.3,99,95.3,97.9,100.2,98.7,97.1,96.2,100.5,94.1,98,98.5,98.1,102.4,97,100,100.6,108.6,101.1,99.2,102.4,103.7,99.7,101.6,100.3,105.4,101.9,105,107.7,109.4,104.6,103.7,107.5,110.4,96.1,104.2,101.1,105.8,103.9,106.1,106.5,114,107.3,107.2,110.2,107.7,106,108.7,106.1,109.5,107.6,110.9,110.1,115.4,107.9,108.6,111.9,114.8,102.3,112.5,109.3,113.2,109.6,112.3,116.9,118.7,112.8,114.5,117.3,121.9,105.4,108.7,107,112.5,109,110.9,114.3,123.1,108.5,110.1,116.7,114.3,108.6,112.1,112,116.4,113.7,117.9,118.3,127.4,117.2,116.6,121.9,124.5,106,118.6
비내구재,계절조정지수,,54.1,49,49.3,51.2,49.2,50,50.4,49.5,50.5,51.8,52.5,54.9,58,57.8,58.1,58.6,56.3,57.2,57.2,54.1,57.8,59.6,57.9,60,62.1,60.3,60.8,61.5,61.6,60.8,61.3,58.3,60.5,60.8,60,61.6,51.5,52.8,55.7,55.4,55.7,56.5,56.2,56.3,55.7,56.5,56.6,56.4,57.2,57.5,57.8,58.1,57.3,58.3,61.6,59.9,61.2,60.5,61.6,63.1,62.4,63.6,63.1,65.1,67.1,65,67.1,67.3,63.9,65.3,68.4,65.9,66.8,67.3,65.8,67.2,70.1,69.5,69.5,70.9,72.9,69.3,72.9,75,71.9,74.3,75.7,75.5,72.2,75.3,76.6,77.9,78,78.4,77.1,77.8,80,72.2,73.2,74.2,76.6,78.2,78.4,77.8,77.5,78,78.3,77.3,76.9,77.8,75.4,74.8,74.6,78.8,75.9,74.2,77.8,73,74.3,75.8,75.55687116,76.42810629,76.86637596,77.10123207,76.94421829,77.51432496,76.85379485,77.82236585,77.67435921,77.40648571,80.23574632,80.25592178,79.93287417,79.44631424,80.35703334,80.74023963,80.83848666,81.31772369,77.61567862,79.41893599,77.24893918,81.61933358,80.11664254,81.19365469,81.73188148,85.96439715,83.83642435,83.76663138,85.09097697,83.94950165,83.20382529,84.69957835,85.22579894,84.99389156,85.20891893,86.7989671,86.44338753,85.65661977,86.22427613,87.68943055,87.1402887,83.79473549,84.56297028,86.6396376,86.37176424,84.42070455,86.21881111,87.49620288,85.53081622,86.13196544,86.0081839,86.1147794,87.1982908,85.69900114,87.0093507,87.19764788,88.09093117,90.04231031,88.02824209,89.30158469,89.32136781,92.3618894,91.09543746,91.25466326,91.5652606,92.43709587,92.77028557,91.18619789,91.61524557,90.10362908,92.34244791,92.90831932,98.51547585,88.36840097,93.34663407,93.79730601,93.42030329,93.8435769,92.78150317,93.70812981,92.72326836,93.99915138,93.62159071,94.68626035,95.39917832,95.89670717,95.594929,95.0884566,95.77679482,95.27338662,95.84034768,95.74462585,95.35344574,94.47488324,95.49270567,95.13880724,95.17875202,94.62475191,94.16792471,94.36075364,94.54678667,95.47009628,96.08092876,96.38058312,95.94282727,97.07381006,96.81504763,97.18187939,100.5064018,94.54238168,97.72030453,96.43029927,97.54073684,97.69414737,97.82855048,99.14179531,93.32916092,97.87784262,97.04818532,99.05397818,96.05535908,101.8371394,99.28000117,100.8267974,100.5491281,98.91508273,99.44871226,99.29338915,101.5449354,101.3176811,100.0726451,100.7158871,105.6042574,101.3968083,102.8238331,103.0879906,103.6468639,104.052848,104.1084687,106.9122955,102.8869625,104.6559328,104.5223655,105.2636511,104.7168946,106.4616374,105.3860607,103.6633453,105.054026,106.0822364,105.0341322,105.7351809,107.7016639,107.472832,108.0500364,108.0574851,109.6812421,109.5845602,109.62355,108.9475393,108.7921185,110.0575572,110.1688423,109.1786309,107.9440238,108.7216689,109.4240263,109.9513428,116.6775466,106.1881348,113.3398816,112.3055444,112.3928826,111.7865258,111.7982463,115.5295071,110.7467704,113.6971749,115.1551587,115.866986,115.5821446,113.7352458,110.0775496,110.5005117,111.420395,111.4038066,110.1405169,112.4694362,115.0025017,108.7700084,111.1077558,115.7156747,115.8431701,111.9851593,113.850195,115.1815904,115.2478834,116.0298607,116.669405,116.5631011,118.8978741,117.4922066,117.7,120.8,121.3,115.9,120.6
음식료품,경상지수,,,,,,,,,,,,,,,,,,,,,,,,,,,,,,,,,,,,,,,,,,,,,,,,,,,,,,,,,,,,,,,,,,,,,,,,,,,,,,,,,,,,,,,,,,,,,,,,,,,,,,,,,,,,,,,,,,,,,,,,,,53.3,57.6,53.2,52.3,52.9,51.7,53.9,53.9,63.7,53.5,52.2,55.7,67.2,51.1,55.7,55.2,56.1,55.7,57.2,57.8,62.4,61.1,53.5,58.8,58.8,68.8,60.5,59.2,61.5,59.5,60.9,62.4,75.5,61.3,59.7,64.9,64.2,67.5,63.5,63.2,66,65.3,67.6,70,80.4,66.2,65.7,67.6,81,62.2,69.4,69.1,71.7,69.1,71.6,74.2,83.8,74.2,70.5,73.2,73.6,79.6,72.7,72.6,76.9,76.7,79.1,80.3,95,77.3,75.9,79.8,92.1,75.9,80.5,81.2,84.7,84.3,87.9,91.6,100.6,85,82.8,87.1,101.9,81,88,85.6,91.6,89.5,92.2,95.4,110.9,88.7,86.7,91.2,89.7,95.2,87.8,86.7,91.5,91.5,93.6,98.5,111,93.2,90.3,93,110.2,82,92.9,89.6,96.3,94.3,97.2,102.9,102.7,92.6,90.4,95.2,94.5,106,93.7,94.6,102.2,98,100.3,102.5,117.6,96.7,95.4,98.5,105.7,106.1,96.4,99.2,105,99.5,104.3,109.3,121.3,104.2,101.7,107,122.7,94.7,103.4,103.2,107.9,106.7,110.3,112.5,126,112.6,104.6,108.8,107.2,116.8,108,108.5,111.5,111.2,114.3,117.7,135.8,110.9,109.8,113.9,121.8,104.9,110.4,111.3,115.9,114.1,114.2,121.9,130.4,114.5,112.5,117.4,136,114.3,119.2,117.6,124.2,117.9,120.7,129.9,157.9,119.8,120.2,136.1,136.3,134,125.2,127.2,132.5,126.6,134.4,137.8,159.1,131.2,125.9,141.2,161.9,116,133
음식료품,불변지수,,,,,,,,,,,,,,,,,,,,,,,,,,,,,,,,,,,,,,,,,,,,,,,,,,,,,,,,,,,,,,,,,,,,,,,,,,,,,,,,,,,,,,,,,,,,,,,,,,,,,,,,,,,,,,,,,,,,,,,,,,76.3,80.8,74.5,72.9,74.5,74,76.2,75.7,87.9,74.9,75.7,79.6,94.1,71.8,78.4,77.8,79.8,79.8,81.7,79.4,85,85.1,76.4,82.7,82.3,94.4,83.6,81.7,85.5,83.1,83.9,85.9,101.2,82,81.8,88.9,87.3,91.2,85.8,84.3,87.8,86.9,88.4,90,102.4,85.1,84.1,85.4,100.2,76.7,84.3,82.5,86.3,85.4,87.8,90.3,102.2,91,87.9,89.9,88.2,94.4,85.6,84.3,89.7,90.6,93,92.2,104.2,84.6,85.7,90.1,100.9,81.6,86.8,88.2,93,91.8,94,95.2,104.8,90.6,88.6,91.9,105.8,84.2,90.6,88.5,94.8,93.1,96.6,98.7,110.9,90.1,90.1,94.2,90.9,95.9,89.3,88.1,93.7,94.7,96.2,99.1,111.5,95.6,94,96.5,113.1,83.5,94.3,91,97.8,96.2,98.8,103.8,103,94.6,92.7,97,94.9,105.7,94.2,95.2,101.5,97.6,100.1,101.6,116.8,97,96.9,98.5,104.9,102.7,94.3,97,103.7,99.8,104.6,108.2,114.8,99.9,98.9,103,114.9,88.5,97.4,98.3,103.2,102.4,105.6,104.8,116.3,106.3,101.4,104.2,101.3,107.5,100.9,100.9,104.7,105.6,108.3,106.4,119,99.6,101.6,105.2,112.5,96.2,102.2,102.2,106.9,106.2,107.3,113.6,118.5,103.9,104.6,108.1,123.8,104.5,107.6,106.6,111.7,105.7,107.8,113.3,134.2,101.7,105.3,119.1,117.3,112.9,105.4,107.5,112.2,107.8,114.2,115.6,131.5,109.6,104.6,116.8,132.5,94.5,108.4
음식료품,계절조정지수,,,,,,,,,,,,,,,,,,,,,,,,,,,,,,,,,,,,,,,,,,,,,,,,,,,,,,,,,,,,,,,,,,,,,,,,,,,,,,,,,,,,,,,,,,,,,,,,,,,,,,,,,,,,,,,,,,,,,,,,,,76.3,77,76.5,76.3,75.7,76,76.1,76,76,76.4,80.4,80.8,80.8,80.5,80.7,80.9,81.5,82,81.5,79.5,75.4,84.3,81,83.4,83.5,90.6,85.7,85.5,87.3,85,84.1,85.8,86,84.6,86.4,89.5,88.8,85.2,88,89,89,88.8,88.8,88.5,87.9,87.7,87.4,86.8,86.8,87.3,87.6,87.3,86.9,87.5,87.8,88.4,90.5,90.4,91.6,91.1,89.4,92.1,90,89.6,90,92.6,92,90.2,89.6,86.2,89.8,91.3,101.5,81,91.6,93.4,93.4,93.6,92.3,93,90.3,92.5,92.8,92.6,92.9,93.8,95.1,94,95.3,94.4,95.3,95.9,95.3,92.4,94.3,94.5,94.6,94.4,93.3,94,94,95.3,95.5,95.7,95.5,98.9,97.6,97.4,104.8,93,98.5,96.7,97.1,97.5,97.9,100,88.7,98,95.5,98.3,98.7,105,99.1,100.5,99.8,99.3,99.1,98.5,101,99.8,100.1,99.8,108.5,98.8,99.8,101.5,102.4,101.3,102.1,106.7,99.7,102.4,102.7,103.7,101.9,102.9,102.9,102.1,102.8,103.7,103,103.6,104.2,106.2,105.4,104.6,105.7,106,105.7,105.2,104.6,106.6,106.3,105,102.3,104,105.9,105.7,117,94.5,106.2,106.8,107,107.3,106.1,111,102.1,108.6,108.9,109.5,109.6,115.6,112.3,111,110.5,108.8,106.8,109.7,118,103.7,110.1,121.4,120.2,110.8,110.6,111.8,111,111.2,112.6,112.4,113.4,112.7,110.3,119.2,124.9,104.9,113.3
의약품,경상지수,,,,,,,,,,,,,,,,,,,,,,,,,,,,,,,,,,,,,,,,,,,,,,,,,,,,,,,,,,,,,,,,,,,,,,,,,,,,,,,,,,,,,,,,,,,,,,,,,,,,,,,,,,,,,,,,,,,,,,,,,,63.4,60.2,64.9,67.1,67.3,64.8,63.5,63.4,68.8,71.4,71.1,75.1,71.6,66.5,71.7,72.4,71.9,68.5,64.3,62.6,68.4,65.8,67.9,73.9,73.5,67.8,73.6,74.2,76.5,73.5,72.9,71.6,76.5,79.1,77,82.9,83,77.1,81.7,82.3,85.6,82.6,83.1,81.7,84.9,87.5,86.5,91.5,89.3,80.4,86.4,91,89.9,89.5,88.3,87.9,92.4,95.5,93.2,93.4,89.5,84.8,91.1,94.4,95.3,93.8,92.8,89.8,92.8,94.7,95.7,97.6,95.2,86.2,95.1,94.1,95.5,93.9,92.2,93.1,95.7,94.7,96.6,97.3,95.2,93.5,97.8,92.5,95.3,90.8,90,89.1,90.4,91.9,90.7,89.4,90.1,83.1,87.7,92,93.4,87.9,90,88.4,89.6,92.4,90.1,94,94.2,93,95.1,95.8,95.7,94.2,95.9,91.9,94.2,97.2,98.2,101.9,99.5,94.4,105.3,103.2,100.7,96.9,100.3,98.1,96.6,100.5,101.1,103.6,104.9,99,109.4,105.5,106.6,103.4,103.3,102.7,102.2,103.5,106,108.1,105.7,101.4,110.6,108.4,108.9,107,106.7,106.9,109.5,98.1,103.5,104.5,105.6,101.1,109.2,110.5,112.2,108.7,110.7,111.1,109.9,110.4,112,113.6,115.5,108.1,117.1,115.9,116.4,113.3,114.6,115.8,117.2,118.3,119.4,122.3,122.2,123.2,124.2,124.4,127.9,127.4,122,119,122.4,120.5,121.4,123.3,118.6,112.1,121.6,123.8,130.3,133.4,133.6,131,136.5,139.1,141.8,146.1,141.4,163.9,176.3
의약품,불변지수,,,,,,,,,,,,,,,,,,,,,,,,,,,,,,,,,,,,,,,,,,,,,,,,,,,,,,,,,,,,,,,,,,,,,,,,,,,,,,,,,,,,,,,,,,,,,,,,,,,,,,,,,,,,,,,,,,,,,,,,,,68.5,65,70.1,72.3,72.3,69.5,68.1,67.9,73.2,76,75.6,79.8,75.9,70.3,76,76.6,76.2,72.6,68.1,66.3,72.4,69.6,71.9,78.2,77.6,71.4,77.4,78,80.1,77.1,76.4,75,79.8,82.4,80.1,86.2,86.3,80.1,84.6,85.7,88.8,85.4,86,84.3,87.6,90.1,88.9,93.9,91.5,82.3,88,92.4,91.2,90.5,89.2,88.7,93.2,96.1,93.8,93.9,89.9,85,91.2,94.3,95.2,93.7,92.6,89.7,92.5,94.4,95.1,97,93.8,84.7,93,91.4,92.4,91.4,90,90.7,92.9,92,93.8,94.3,90.6,88.9,92.7,93,95.5,90.8,91.8,90.7,91.9,93.4,92.1,90.8,91.2,83.9,88.4,92.7,94.1,88.5,91,89.4,90.7,93.5,91.2,95,95.2,94.1,96.1,97,96.8,95.3,97.1,92.9,95.1,97.8,98.8,102.5,99.5,94.4,105.2,103.1,100.7,96.8,100.2,98.2,96.7,100.6,101.1,103.6,105,99.1,109.6,105.5,106.7,103.5,103.4,103,102.6,103.8,106.3,108.3,106.1,102,111.3,109,109.3,107.2,106.9,107.1,109.6,98.5,104,104.9,106.2,101.6,109.7,110.9,112.6,109,110.8,111.1,110.1,110.5,112,114.1,115.7,108,116.5,114.9,114.9,111.4,112.3,113.5,114.3,115.1,116.5,118.9,119,119.3,120.2,120.7,123.8,123.1,117.8,114.9,118.6,116.5,117.8,119.2,115,108.6,117.4,119.4,126.2,129.5,128.9,126.1,131.6,134,136.4,141,136.4,157.9,170.3
의약품,계절조정지수,,,,,,,,,,,,,,,,,,,,,,,,,,,,,,,,,,,,,,,,,,,,,,,,,,,,,,,,,,,,,,,,,,,,,,,,,,,,,,,,,,,,,,,,,,,,,,,,,,,,,,,,,,,,,,,,,,,,,,,,,,67.1,69.5,69.2,70.2,69.8,70.1,70.7,71.8,73.1,75.2,74.8,75.2,74.7,73.8,75.1,74.8,74,73.2,70.8,69.8,71.1,70.4,71,74.6,75.8,75.7,76.9,76,77.5,78,78.8,78.7,81.2,80.9,79,83,84.3,85.8,84.2,83.7,86.8,86.4,88,88.9,87.4,88.5,88.5,89.5,91.1,86.5,87.2,90,89.1,90.6,90.8,92.6,91.3,96.4,92.9,89.9,88.8,90.2,90.5,92,93.1,94.2,94.2,92.7,93.3,93.5,93.7,92.9,92.4,90.5,92.3,89.8,90,91.9,91.6,93.2,93.4,91.7,92.4,91.1,90.2,93.2,92.4,91.8,92.7,91.7,92.6,92.7,92.1,93.2,90.8,89.5,89.7,88.6,88.4,90.6,91.4,89.7,91.1,91.5,92.1,92.7,90.5,93,94.9,98.5,95.5,94.9,95,96.6,97,95.1,95.9,97.2,98.8,100.3,98.5,100.3,103.9,100.9,99.3,96.7,100,100.3,97,100.2,100.8,101.5,104.5,105.1,108.4,104.3,104.1,103.6,104.1,104.1,103.4,104,105.6,106.2,106.2,106.1,110.2,108,107.1,106.9,107.6,108.3,107.7,102.2,103.4,103.8,105,107.2,109.3,109.6,109.7,109.4,110.9,112.3,111.9,110.2,111.4,112.9,114.5,114.4,116.8,113.3,111.3,111.4,111.8,115.4,115,114.7,116.4,117.1,119.6,124.7,119.6,120.5,120.9,121,117.3,117.4,117.1,118,117.7,116.8,115.2,114.6,117,118.3,123,126.9,129,128.4,132.1,134.5,135.6,137.4,137,168.1,171
화장품,경상지수,,,,,,,,,,,,,,,,,,,,,,,,,,,,,,,,,,,,,,,,,,,,,,,,,,,,,,,,,,,,,,,,,,,,,,,,,,,,,,,,,,,,,,,,,,,,,,,,,,,,,,,,,,,,,,,,,,,,,,,,,,44.1,41.2,48.2,50.3,54,48.8,47.5,48.3,55.9,49.9,51.5,53.2,46.6,41.3,50.9,54.2,56.5,52,49.1,48.6,56.1,53,51.7,48.7,45.8,47.4,52.6,56.3,60.2,54.8,53.7,52.1,60.3,56.9,57.2,57.5,55.6,55.2,56.9,56.9,60.2,54.1,53,52.3,59.6,59.8,58.9,62.7,65.4,59.4,64.5,64.4,68.1,59.5,58.4,58.2,69.4,66.2,63.6,65.8,65.9,63.8,66.9,66.7,72.3,63.6,64,61.8,70.7,69.8,70,74,78.9,69.6,74,74.5,79.1,69.8,68.1,70,77.1,77.4,73.6,81.5,82.3,75.4,78.6,77.3,83.1,74.4,74.6,73.5,80.3,81.5,79.3,82.2,81,78.7,82.9,79.8,87,78.7,82.5,82.7,88.3,83.5,83.8,88,91.7,85.3,90.2,87.4,94,86,90.3,94.5,97.8,98.2,95.2,99.7,102.6,102.3,105.2,101.5,105.6,87.2,84.5,90.3,105.7,106.2,102.7,106.3,113.8,106.4,114.6,108.9,114.9,104.6,105,108.6,116.4,114.5,110.5,118.4,122.3,120.7,117.4,105.7,114.8,109.7,105.3,108.5,127.9,116.8,123,126.6,133.1,124.2,141.9,136.6,139.4,131.3,130.2,131.7,142.3,137.7,136.7,136,149.4,137.8,163.6,153.8,161.1,145.7,149.1,157.2,166.4,161.3,170.2,167.9,166.5,116.4,118.4,118.8,123,123.1,126.1,130.5,139,131.3,132.8,121.1,134.4,118.6,135.7,142.9,145.1,132,129.8,136.9,160.5,142.1,155,143.6,136.2,137,158.1
화장품,불변지수,,,,,,,,,,,,,,,,,,,,,,,,,,,,,,,,,,,,,,,,,,,,,,,,,,,,,,,,,,,,,,,,,,,,,,,,,,,,,,,,,,,,,,,,,,,,,,,,,,,,,,,,,,,,,,,,,,,,,,,,,,57.8,54,63.2,66.1,71.8,65.1,63.6,64.6,75.1,67,69.1,71.3,62.5,55.6,68.6,71.1,72.1,66.6,61.4,60.8,69.5,66,64.3,60.7,57.1,59.1,65.4,70,74.6,67,65.8,63.8,73.9,69.9,70.4,70.7,68.3,67.9,69.9,67.7,71.7,64.4,62.5,61.9,70.5,70.5,69.6,73.8,76.8,67.4,72.9,72.6,76.9,66.7,65.6,65.3,77.8,74.2,71.3,73.7,74,71.6,74.9,75.1,81.3,71.5,70.6,68,77.8,76.8,76.9,81.4,86.8,76.6,81.4,82,87.1,76.8,74.8,76.8,84.7,85.1,80.9,89.2,90.2,82.9,86.5,82.7,89.1,80,80.4,79,85.9,87.1,85.5,88,87.1,85,90,86.2,90.7,81.5,84.7,90.4,90.9,85.8,85.6,89.8,94.4,87,92.1,90.1,95.8,87.1,91.9,95.8,99.4,97.9,96.1,99.4,101.9,102.1,104.6,101.3,105.4,88.2,84.6,89.4,106.8,107.1,102.2,106.5,113.9,106.2,114.4,109.1,114.2,105,106.3,110.8,117.7,117.3,112.9,124.5,125.3,124.2,120.8,109.6,117.7,114.1,108.5,112.5,133.7,120.9,128.2,132.4,139.1,129.9,148.5,142.2,147.1,137,138.2,138.2,149.1,144.6,143.5,143.3,156.7,143.9,169.2,159.8,165.8,150.9,154.8,164.4,175.8,171.3,180.3,176.6,174,121,123.4,124.1,128.9,127.6,130.1,134.7,141.9,135.2,136.4,123.5,137,121.3,138.4,144.6,146.8,135.7,133,139.7,163.7,143.7,159.8,143,135.4,132.6,152.7
화장품,계절조정지수,,,,,,,,,,,,,,,,,,,,,,,,,,,,,,,,,,,,,,,,,,,,,,,,,,,,,,,,,,,,,,,,,,,,,,,,,,,,,,,,,,,,,,,,,,,,,,,,,,,,,,,,,,,,,,,,,,,,,,,,,,57.6,59.8,62.6,63.9,65.6,66.8,67,69,69.9,65.8,68.7,70.1,61.4,61.1,68,68.9,66.8,68.5,65.2,64.9,64.8,65.4,64.1,60,56.9,63.8,64.7,68,68.8,69.2,69.9,68.2,70,68.8,70.3,70.1,67.8,71.4,68.5,66.5,66.6,66.8,66.6,66,66.3,69.4,69.5,72.6,75.1,72.8,71.3,71.1,71.2,69.2,69.9,69.2,73.2,72.7,71.4,72.3,72.5,75.4,73.5,73.9,75.6,75.2,75.2,72,74.5,75.1,77.2,79.2,83.5,81.6,79.7,80.9,81.4,81.2,79.7,81.7,80.8,83.8,81.4,86.6,86.1,84.7,84.4,82.5,83.7,84.8,85.8,83.7,81,86.3,86,86.4,84.3,88,87.6,85.7,85.7,86.6,90.4,95.3,87.3,84.6,86,87.8,91.1,90.6,88.9,89.7,91.6,93.4,98.1,100.5,95.5,96.6,96.2,97.5,98.2,106.9,100.9,100.9,101.3,93.4,90.1,93.4,101.9,104.9,102,104.9,109.7,107.7,111.2,109.3,109.6,111.9,113,115.3,112.8,114.9,112.2,122.4,119.2,130.7,117.7,108.8,115,121.3,115.1,116.5,125.8,122.1,126.8,131.8,134.5,136.3,145,141,143.2,146.1,146.5,142.5,141.7,143.2,141,143.7,151.4,153.1,165.6,158.2,160.7,159.2,163.8,168.7,165.6,169.9,176,178.5,167.2,125,120.4,124.3,125,133.5,137.3,137.7,132.9,134.8,132.4,125.7,133,128.8,136.4,142.7,142.5,141.6,140,142.5,154.6,142.8,154.6,145.4,130.1,145.1,150.8
"서적, 문구",경상지수,,,,,,,,,,,,,,,,,,,,,,,,,,,,,,,,,,,,,,,,,,,,,,,,,,,,,,,,,,,,,,,,,,,,,,,,,,,,,,,,,,,,,,,,,,,,,,,,,,,,,,,,,,,,,,,,,,,,,,,,,,89,87.8,93.6,74.4,69.6,68.1,77.4,73,74.1,69.4,68.7,79.9,96.4,96.1,98.6,79.9,73.6,67,82.3,80.4,78.1,71,71.7,80.6,105.4,101.7,108.9,87.6,80.1,77.6,91,87.6,85.1,87.2,82.1,97.2,115.3,108.9,116.9,100.9,96.4,90.4,97.5,90.2,98.4,93,90.3,101.8,99.5,98.1,127,102.5,96.7,93.9,100.3,94.7,106,97.3,95.9,111.2,107,102.4,142.9,110.4,103.7,97.1,106.6,100.9,110.2,105.5,102.1,121.3,112,110.3,154.7,116.8,107.8,100.1,110.6,104.3,108.3,103.3,101.8,120.8,106,110.8,143.1,113.6,103.4,95.1,104.9,99.4,101.3,96.6,98.6,115.6,109.7,107.3,137.1,103.4,94.8,90.1,104.3,99.1,95.8,90.8,90.4,112.8,107.2,109.2,138.2,101,95.7,90.4,107.3,100.9,99.7,93.2,106,113.3,103.3,98.4,134.5,96.4,87,86.1,101.8,95.6,94.1,90.9,93.5,118.4,109.9,106.7,138.2,99.9,94.7,91,107.2,101,98.6,94.9,98.2,121.1,107,105.5,135.1,98.1,96.6,92.1,102.5,103.1,105.3,94.4,105.2,130.7,121.4,116.3,146.5,105.2,100.7,95.2,112.9,107.5,105.9,100.8,104.6,132.1,115.2,107.6,141.8,99.5,94.7,91.7,104.4,99.1,97.7,92.4,95.1,121.7,114.3,107.3,116.9,100.9,101.4,99.3,97.9,105,106.2,95.4,95.3,126.1,115.4,104.6,133.3,96.5,94.8,93,107.6,98.6,102.6,94.4,98.2,132.3,121.7,106.6,131.3
"서적, 문구",불변지수,,,,,,,,,,,,,,,,,,,,,,,,,,,,,,,,,,,,,,,,,,,,,,,,,,,,,,,,,,,,,,,,,,,,,,,,,,,,,,,,,,,,,,,,,,,,,,,,,,,,,,,,,,,,,,,,,,,,,,,,,,124,122,129.9,102.8,96.3,94.3,107.2,101.4,102.8,96.3,95.3,110.8,133.5,131.8,135,109.4,100.8,91.9,112.8,107.5,104.4,94.8,96.1,106.6,139.4,134,143.4,115.3,105.5,102.2,119.9,115.3,112.2,115,108.2,127.8,150.6,140.8,149.7,128.5,122.7,115.2,123.3,113.6,123.7,116.2,110.6,124.8,120.8,118.5,152.3,122.9,115.9,112.2,119.9,113.3,126.9,116.4,114.7,133,127,121.5,167.4,129.2,121.4,113.5,123.7,117,126.8,121.4,118.1,140.2,129.4,126.5,174,131.2,120.9,112.4,123.3,116.3,120.8,115.2,113.4,134,117.3,121.5,155.9,123.6,112.2,103.3,113.8,107.8,110,104.4,106.4,124.6,117.7,115.2,146.4,110.3,101.2,95.2,109.7,104.4,100.8,95.6,94.9,117.8,112,114,143.4,104.9,98.8,93.3,110.1,103.5,102.3,95.7,108.9,114.4,104.1,98.7,135.1,96.3,86.9,86,101.6,95.4,93.9,90.8,93.3,118,109.5,106.3,137.8,99.4,94.2,90.4,106.7,100.7,98.1,94.4,97.2,119.6,105.7,103.5,133.1,96.2,94.7,89.6,100.3,100.9,103.2,92.4,103,127.6,118.5,113.5,144,102.9,98.5,93,108.7,103.5,102,97,100.4,126.7,110.4,102.8,135.9,95.1,90.5,87.4,99.4,94.4,93.1,88.2,90.5,115.8,109.5,102.8,112.3,96.9,97.3,95.3,94.2,100.9,101.9,91.6,91.5,120.6,110.4,100.2,127.7,92.4,90.5,89.1,102.5,93.9,97.7,89.6,93.4,125.1,114.3,99.9,123
"서적, 문구",계절조정지수,,,,,,,,,,,,,,,,,,,,,,,,,,,,,,,,,,,,,,,,,,,,,,,,,,,,,,,,,,,,,,,,,,,,,,,,,,,,,,,,,,,,,,,,,,,,,,,,,,,,,,,,,,,,,,,,,,,,,,,,,,104.3,105.6,105.9,105.6,106.7,107.6,107.6,108.4,108.5,109.7,110,102.9,113.4,113.6,109.9,112.4,111.6,104.8,113.7,115,107.1,109.3,109.5,100.4,119.7,119.3,116.5,117.2,115,116.6,121.1,123.8,117.9,125.7,121,121.7,133.6,130.7,120.1,129.6,132.4,130.2,125.5,124,125.6,124.6,122.9,117.7,113.2,111.4,119.8,122.1,123.3,125.1,122.9,123.7,125.5,126,125.7,124.6,121.4,118,129.9,127.3,128.2,127.1,127.3,127.2,129.7,129.5,128.4,129.2,125.2,125.2,133.5,129.5,127.6,126.5,126.5,125.4,124.7,124.8,123.3,122.3,114.6,118.4,119.1,123.5,118.9,117.4,115.2,114.9,114.1,115.1,115.9,113.9,112.9,112.5,111.6,110.6,108.6,109.4,109.4,110.4,107.3,105.6,104.2,105.5,107.9,109.7,108.4,106.7,108.1,108.1,108.9,109.2,108.9,106.4,120.1,100.6,99.1,96.3,101.7,99.2,96.1,99,100,100.4,99.7,101.2,102.1,102.5,104.2,103.9,104.1,104.3,103.6,104.8,106.1,105.2,104.7,105.6,105.3,102.9,100.5,99.8,100.9,101.8,104.5,103.5,100,105.7,107.1,107.4,111.5,110.1,110.1,111.3,110,109.1,108.2,107.7,108.2,108.6,109.3,108.9,109.1,108.8,101.5,101.8,104.7,101.1,98.8,100.4,98.5,99.9,98.7,99.5,99.3,98.3,100.9,101.1,86.1,104.6,107.2,107.4,93,108,105.5,105.7,100.8,101,100.5,100,98.5,99.3,99.9,100.2,101.2,100.8,102.5,102.4,102.7,103.4,103.8,99.8,95.7
차량연료,경상지수,,,,,,,,,,,,,,,,,,,,,,,,,,,,,,,,,,,,,,,,,,,,,,,,,,,,,,,,,,,,,,,,,,,,,,,,,,,,,,,,,,,,,,,,,,,,,,,,,,,,,,,,,,,,,,,,,,,,,,,,,,63.7,57.2,70.6,70.3,74.1,78.5,70,81.6,74.6,76.7,78.8,80.6,75.6,68.8,79.8,78.8,85.2,90.3,69.5,90.1,81.7,80.6,80.1,83.5,76.3,69.8,82.4,81.6,89.4,90.3,82.5,92.1,84.9,94.9,93.7,97.6,90.2,85.8,99.2,105.8,114.2,103.4,106.4,117.7,105.1,98.1,94.2,96.6,73.9,78.5,86.2,87,94.8,89.1,94.5,99,91.5,100.5,90.7,102.9,89.4,85.6,97.6,100.9,104.7,100.5,106.4,107.5,99,104.8,105.4,109.5,105.9,97.8,116.1,115.2,120.4,117.3,119.5,123.6,117.8,124.3,122.4,127.3,115.5,114.1,124,123.4,132.3,124.3,122.4,127.1,125.1,128.5,127.8,123.4,116.6,108.2,125.7,122,124.9,120.8,125.6,126.3,120.4,126.6,126.6,127.7,115.8,106.6,122.4,118.9,126.1,118.4,121.3,121.1,113.8,117.9,113.8,110.2,94.1,86.8,98.3,100.6,105.4,102.7,108,104.2,101.9,102.8,96.7,98.5,88.5,80.4,88.9,88.7,92.4,99.5,99.5,102.1,94,100.3,101.1,101.7,98.4,92,101,97.3,100.4,96.9,98.7,101.9,102.2,106.2,108.3,111.6,102.3,98.4,104.2,102.2,108,107.3,113.8,117,111,123.5,117.4,110.1,96.6,89.8,99.3,101.4,110,105.6,108.8,112.8,108.4,113.7,114.7,117.3,110.2,101.2,100.6,88.1,87.8,90.9,96.9,99,92.8,96.6,95.2,98.5,96,95.7,108.9,109.7,116.1,118.6,127.2,128.6,120.8,135.9,138.9,132.6,118.5,114.5,136.6
차량연료,불변지수,,,,,,,,,,,,,,,,,,,,,,,,,,,,,,,,,,,,,,,,,,,,,,,,,,,,,,,,,,,,,,,,,,,,,,,,,,,,,,,,,,,,,,,,,,,,,,,,,,,,,,,,,,,,,,,,,,,,,,,,,,78.9,70.8,85,82.5,87.4,92.1,78.7,89.6,79.6,81.6,84.6,87.3,81,73.4,84.8,82.2,88,92.5,70.8,90.6,83,85.2,86.5,90.7,83.3,76.1,87.8,84.5,91,91.1,82.7,92.7,84.7,92.8,88.2,89.3,80.4,76.8,86.7,89.3,89.9,76,77.2,90.8,85.4,80.7,85.9,95.8,76.5,77.3,83.9,83.1,92.6,84.2,88.3,90.4,82.9,93.7,82,92.8,79.9,76.6,85.7,87.1,90,87.1,91.4,93.2,87,91.5,91.3,91.7,85,77.5,87.7,85.9,90.6,88.9,90,93.2,89,92.7,91.1,95.2,86.1,83.5,88.9,87.8,94.8,92,93.8,95.1,91.4,93.8,95.2,92.8,88.2,81,93.1,92.1,96.7,93.6,96,95.7,91.7,97.6,98.5,99.2,89.1,82.2,94.6,92.4,98.5,93.3,95.9,96.8,92.5,97.7,97.1,98.8,92,89.1,97.2,99.5,102.6,98.1,104,103,103.5,105.7,100.9,104.5,97.7,92.1,102.2,100.8,102.3,105.2,105.2,110,101.6,108.2,107.7,106,99.1,93,100.5,98.1,101.8,100,103.3,106,104,105.9,108,108.1,98.4,93.8,100.1,98.8,102.6,99.8,105.5,107.6,100.9,108.7,108.2,109.7,102.4,95.8,103.9,102.6,105.3,101.2,106.9,111,104.6,109.2,110.2,112,104.2,96.6,101.4,99.2,105.5,103.6,107.4,109.7,103.3,108.8,108.3,107.7,99.9,97.5,106.6,106.1,111.8,112.2,116.2,115.6,108.4,116.9,115.8,114.8,104.1,96.6,100.2
차량연료,계절조정지수,,,,,,,,,,,,,,,,,,,,,,,,,,,,,,,,,,,,,,,,,,,,,,,,,,,,,,,,,,,,,,,,,,,,,,,,,,,,,,,,,,,,,,,,,,,,,,,,,,,,,,,,,,,,,,,,,,,,,,,,,,82.1,82,83.6,84,83.8,84.7,81.4,84.1,82.5,81.5,83.5,82.9,84.5,83.6,83.6,84.1,84.7,86.1,73.1,85.2,85.5,84.5,85.6,86.8,87.1,86.4,87.4,86.2,87.2,86.7,84.2,87.3,88,89.6,87.4,85.8,84.7,87.1,87.1,90.9,86.9,73.8,77.1,86.5,86.9,77.4,85.7,91.1,81.7,86.4,84.5,84.2,89.7,82.3,87,86,83.6,90,81.2,88.5,84.9,85.9,86.6,88.2,87.3,86.3,89.5,88.7,88.4,88.3,89.5,87.4,89.4,87.6,88.5,87.6,87.6,88.2,88.3,89.1,89.8,90.1,89,91.2,90.8,93.2,89.9,90,91.3,91.7,91.7,91.5,92.1,91.1,92.5,90.2,92.2,90.5,94.3,93.5,93,93.8,93.5,92.8,93.3,94.4,95.8,95.7,93.8,91.2,95.6,93.6,95.6,94,93.5,94.2,94,94.3,94.5,95.1,96,99.5,97.9,100.7,100.5,98.3,101.4,100.1,104.9,101.5,97.7,100.5,101.8,102.4,103.2,103.2,100.3,106.4,103.6,105.8,103.4,103.9,103.5,101.4,102.7,101.8,101.6,101,101.1,101.7,101.8,102,104.8,103,103.5,103.5,100.8,103.2,102,102.1,102.1,102.5,103.5,103.4,103.2,103.4,103.4,104.7,104.6,105.5,107,106.4,104.6,103.9,104.2,106.9,106,103.5,105.6,106.6,107.2,105.4,104.5,104.3,105.6,104.7,104.2,106,104,103.6,103.6,102.7,102.8,106.5,110.8,111.1,111.8,112.8,112.4,111.3,110.1,111,110.4,109.5,107.3,105.3,105.1
기타비내구재,경상지수,,,,,,,,,,,,,,,,,,,,,,,,,,,,,,,,,,,,,,,,,,,,,,,,,,,,,,,,,,,,,,,,,,,,,,,,,,,,,,,,,,,,,,,,,,,,,,,,,,,,,,,,,,,,,,,,,,,,,,,,,,,,,,,,,,,,,,,,,,,,,,,,,,,,,,,,,,,,,,,,,,,,,,,,,,,,,,,,,,,,,,82.4,81.3,82.9,81.9,86.9,81,81.3,80.4,84.1,86.4,86.9,95.5,94.4,82.9,89.1,87.3,90.5,86.4,85.3,85.6,88.6,91.8,91,100.6,103.2,92.6,96.2,93.5,96.6,90.7,91.1,89.9,92.9,94,94.8,103,95.4,83.8,86.5,84.2,90.2,87.7,88.4,87,90.1,89.8,92,97.1,89.5,80.2,88.7,85.6,92.4,86.8,85.3,85.4,84.3,87.9,85.9,96.6,84.2,87.2,99.8,101.1,108.7,102.4,104.1,103.8,98.7,105,101.2,103.9,97.4,93.9,101.4,98.9,110.5,102.1,105.6,103.6,103,107,105.2,107.1,103.6,98.7,108.1,104.4,111.4,108.7,110.1,107.7,109.5,110.9,111.5,115.6,118.8,102.2,108.1,102.8,106.3,104.7,105.4,102.7,104.3,105.5,104.3,108,107.6,96,107.6,102.6,109.4,104.7,106.3,105.3,102.9,105.8,105.5,109.2,107.7,103,105.1,100.1,109.6,109.3,110,109.5,106.6,107.2,105.4,112.4,107.4,101.6,114.7,109.4,111.8,113.3,116.6,114.3,118.1,118.4,117.9,123,118,110,125.7
기타비내구재,불변지수,,,,,,,,,,,,,,,,,,,,,,,,,,,,,,,,,,,,,,,,,,,,,,,,,,,,,,,,,,,,,,,,,,,,,,,,,,,,,,,,,,,,,,,,,,,,,,,,,,,,,,,,,,,,,,,,,,,,,,,,,,,,,,,,,,,,,,,,,,,,,,,,,,,,,,,,,,,,,,,,,,,,,,,,,,,,,,,,,,,,,,107,105.1,108.2,106.1,112.7,104.7,105.6,104.3,108.4,110.6,111.3,120.8,117.3,103,110.3,109.4,111.9,106.2,105.6,105.8,108.2,111.5,110.2,120.7,122.4,108.3,113.5,112.3,115.9,108.8,110.8,109.2,111.8,112.4,113.2,122.6,112.8,99,103,101,108.9,106,107.5,105.6,109.4,108.4,109.4,115.9,107,93.9,105.6,102.4,110.3,105.5,102.8,103.8,101.2,104.9,102.7,115.7,81.6,83.8,97.3,100.2,108.2,103.6,105.4,105.1,100.3,106.6,102.7,105.3,98.6,94.7,102.3,100.2,111.7,102.6,106.1,104.7,103.8,108.3,106.4,108.4,105,99.4,109.4,105.4,112.8,109.1,111.5,109.4,111.6,112.2,113.1,116.8,119.9,102.7,109.3,104.9,107.8,106.5,107.4,104.5,105.3,106.5,105,108.8,109.5,96.7,108.4,103.5,110.2,105.6,107.4,106.8,104.1,106.5,106.6,109.4,106.1,101.4,104.1,99.6,109.1,108.4,111.6,111.5,109,109.4,107.9,115.1,109.5,103.1,116.2,110.8,113.2,114.5,117.8,115.6,118.7,118.5,116.8,120.9,115.3,107,121.8
기타비내구재,계절조정지수,,,,,,,,,,,,,,,,,,,,,,,,,,,,,,,,,,,,,,,,,,,,,,,,,,,,,,,,,,,,,,,,,,,,,,,,,,,,,,,,,,,,,,,,,,,,,,,,,,,,,,,,,,,,,,,,,,,,,,,,,,,,,,,,,,,,,,,,,,,,,,,,,,,,,,,,,,,,,,,,,,,,,,,,,,,,,,,,,,,,,,103.9,114.9,109.3,108.5,108.7,107.8,107.1,105.9,109.1,108.8,110.2,111.7,114.4,112.8,111.2,111.6,108.3,109.1,106.4,107.5,109,109.5,109.1,111.6,120.3,114.8,113.9,114.6,112.6,111.2,111.6,110.7,111.6,111.3,112,113.5,111.8,108.6,102.8,103.5,105.9,107.6,108.2,106.4,109.9,106.9,107.9,108.2,106.7,103.1,105.2,104.9,107.1,107,102.9,104,102,103.3,101.1,109.1,81.6,92.1,97,102.6,104.9,105,104.9,105,101.1,104.5,101.5,99.9,99,100.6,101.9,102.3,108.9,103.6,104.4,104.9,104.6,105.9,105.6,103.1,106.4,109.2,108.5,107.2,110.7,109.8,109.2,109.3,110.6,111.5,112.5,111.3,122.5,112.7,107.5,107,106.2,106.4,105.1,104.2,105.2,105,104.7,104.2,112.3,106,105.9,105.9,109,104.8,105.1,105.9,104.2,105.2,106.1,105.6,109.1,106.9,101.7,101.8,107.6,108,108.9,110.1,108.6,108.6,107.6,111.7,112.1,112.8,113.6,113.1,112,113.9,114.3,114.5,118.9,116.6,117.1,117.5,118.2,117,118.8
